id,waterway,name,lat,lon
7917321,river,Hispar River,0,0
7917421,river,Shimshāl River,0,0
7917424,river,Hunza River,0,0
7917496,river,Hunza River,0,0
7917524,river,Kilik River,0,0
7917531,river,Mintaka River,0,0
7917598,stream,Unnamed Waterway,0,0
7917914,river,Gharesa Stream,0,0
7918227,river,Bola Dās River,0,0
7918239,river,Unnamed Waterway,0,0
7918407,river,Naltar Gah,0,0
7918468,river,Unnamed Waterway,0,0
7918538,river,Phakor Gol,0,0
7918560,river,Ishkoman River,0,0
7918578,river,دریائے گلگت,0,0
7918846,river,Shyok River,0,0
7919714,canal,Service Spillway,0,0
7919726,canal,Auxiliary Spillway,0,0
7919813,river,دریائے سندھ,0,0
7919832,river,دریائے سواں,0,0
7920038,river,دریائے سندھ,0,0
7920232,river,دریائے سندھ,0,0
7920686,river,دریائے سندھ,0,0
7920924,river,دریائے سواں,0,0
7921230,stream,Lai Nadi,0,0
7925520,river,دریائے سندھ,0,0
7925558,river,Unnamed Waterway,0,0
7925592,river,دریائے سندھ,0,0
7925725,river,دریائے سندھ,0,0
7925872,canal,غازی نہر,0,0
7925900,river,Unnamed Waterway,0,0
8067231,river,کورنگ ندی,0,0
9116514,river,اپر جہلم نہر,0,0
9826850,canal,اپر جہلم نہر,0,0
9895536,river,رسول قادرآباد لنک نہر,0,0
9895607,river,قادرآباد بلوکی لنک نہر,0,0
9895650,canal,Lower Bari Doab Canal,0,0
9896691,canal,نہر اپر چناب,0,0
9896815,canal,Upper Chenab Canal Link,0,0
9896816,canal,نہر اپر چناب,0,0
9896818,river,Unnamed Waterway,0,0
9896820,canal,نہر اپر چناب,0,0
9896833,river,نہر مرالہ راوی لنک,0,0
9896841,river,نہر مرالہ راوی لنک,0,0
9897717,canal,B.R.B.D. Canal,0,0
9897752,canal,Banbawali Ravi Bedian Canal,0,0
9897849,canal,Bambanwala Ravi Bedian Dipalpur Canal,0,0
9969420,river,دریائے سواں,0,0
9969439,river,دریائے سواں,0,0
10116029,river,Hudiara Drain,0,0
10378680,river,ملیر ندی,0,0
10434611,river,روہڑی نہر,0,0
10434644,river,Nara Canal,0,0
10434996,river,Nara Canal,0,0
10435013,river,Nara Canal,0,0
10435025,river,Nara Canal,0,0
11281974,river,دریائے راوی,0,0
11703492,river,دریائے سواں,0,0
11703777,river,دریائے سواں,0,0
21063611,river,کورنگ ندی,0,0
21848047,stream,Nallah Lai,0,0
21849028,stream,Nallah Lai,0,0
22745307,canal,Unnamed Waterway,0,0
22745332,canal,Kirana Distributary,0,0
22745417,river,لوئر جہلم کینا- شمالی برانچ,0,0
22965211,stream,Unnamed Waterway,0,0
22965212,stream,Unnamed Waterway,0,0
22965226,stream,Unnamed Waterway,0,0
23038258,river,نالہ لئ,0,0
23039759,stream,Unnamed Waterway,0,0
23039812,stream,Unnamed Waterway,0,0
23046091,stream,Unnamed Waterway,0,0
23046189,stream,Unnamed Waterway,0,0
23046204,stream,Unnamed Waterway,0,0
23046219,stream,Unnamed Waterway,0,0
23198433,stream,Nala Lai,0,0
23198435,stream,Nala Lai,0,0
23335869,river,دریائے سندھ,0,0
23525782,stream,Unnamed Waterway,0,0
23643051,stream,Unnamed Waterway,0,0
23643365,stream,Unnamed Waterway,0,0
24165845,river,Haro River,0,0
24182117,river,Lora River,0,0
24185718,stream,Neelum,0,0
24187121,river,دریائے ہرو,0,0
24188581,river,نندنا,0,0
24189035,river,نندنا,0,0
24189537,river,Unnamed Waterway,0,0
24300246,river,نندنا,0,0
24916900,river,Unnamed Waterway,0,0
24916920,river,دریائے سندھ,0,0
24998342,stream,Khaira Distributory,0,0
25007234,canal,Khaira Distributroy,0,0
25029424,stream,Unnamed Waterway,0,0
25029437,river,Bain Nala,0,0
25149849,river,Kunhar River,0,0
25150606,river,Kunhar River,0,0
25150657,river,دریائے کنہار,0,0
25349752,river,دریائے چناب,0,0
25349760,river,دریائے چناب,0,0
25349903,river,درياۓ پنجند,0,0
25351947,river,دریائے چناب,0,0
25352068,river,دریائے راوی,0,0
25352103,river,دریائے راوی,0,0
25352629,river,دریائے سندھ,0,0
25520902,river,Northwestern Canal,0,0
25520904,canal,دادو کینال,0,0
25520910,river,Rice Canal,0,0
25520976,river,Unnamed Waterway,0,0
25520979,canal,Unnamed Waterway,0,0
25529596,canal,Unnamed Waterway,0,0
25665959,river,Kunar دریائے چترال,0,0
25665969,river,Kunar دریائے چترال,0,0
25669265,river,Gish,0,0
26503263,river,دریائے سندھ,0,0
26503265,river,دریائے سندھ,0,0
26503266,river,Gilgit River دریائے گلگت,0,0
26503270,river,دریائے سندھ,0,0
26503274,river,دریائے سندھ,0,0
26503275,river,دریائے سندھ,0,0
26503276,river,دریائے سندھ,0,0
26503279,river,دریائے گلگت,0,0
26503281,river,Hunza River,0,0
26503282,river,Hunza River,0,0
26504433,river,دریائے سندھ,0,0
26505749,river,Kunar دریائے چترال,0,0
26505754,river,Chitral River / Kunar River,0,0
26505755,river,Kunar دریائے چترال,0,0
26505763,river,Kunar River / Chitral River,0,0
26505904,river,Unnamed Waterway,0,0
26505979,river,Lutkhow River,0,0
26505983,river,Rich Gol,0,0
26726994,river,Lyari River,0,0
26727281,stream,Gujjar Nala,0,0
26727308,stream,Gujjar Nala,0,0
26727369,stream,Gujjar Nala,0,0
27055265,river,دریائے شنگھو,0,0
27131254,river,Dhor,0,0
27225735,stream,Soka,0,0
27225845,stream,Unnamed Waterway,0,0
27240239,river,Indus دریائے سندھ,0,0
27240240,river,Shyok River دریائے شیوک,0,0
27240301,river,Thalla River,0,0
27240713,river,Shigarthang Lungma,0,0
27240989,stream,Soka,0,0
27241011,stream,Unnamed Waterway,0,0
27245969,river,دریائے سوات,0,0
27245970,river,دریائے سوات,0,0
27245972,river,دریائے سوات,0,0
27248689,river,دریائے چترال,0,0
27248692,river,Kunar دریائے چترال,0,0
27249477,river,Mastuj River,0,0
27259409,river,دریائے سندھ,0,0
27305311,river,Indus River دریائے سندھ,0,0
27393109,river,Chap Parpik Dur,0,0
27465138,stream,Unnamed Waterway,0,0
27465170,stream,Unnamed Waterway,0,0
27465515,stream,Unnamed Waterway,0,0
27465519,river,Unnamed Waterway,0,0
27465694,stream,Unnamed Waterway,0,0
27466038,canal,Unnamed Waterway,0,0
27466054,canal,Unnamed Waterway,0,0
27497861,river,Haro River,0,0
27497915,stream,Unnamed Waterway,0,0
27498163,river,Unnamed Waterway,0,0
27504192,river,Dhor River,0,0
27504207,stream,Unnamed Waterway,0,0
27504208,stream,Unnamed Waterway,0,0
27504218,stream,Unnamed Waterway,0,0
27504304,stream,Unnamed Waterway,0,0
27517763,stream,Unnamed Waterway,0,0
27517920,stream,Unnamed Waterway,0,0
27558339,stream,Jharee Kas,0,0
27560261,river,دریائے ہرو,0,0
27574839,river,دریائے راوی,0,0
27587100,river,دریائے چناب,0,0
27587441,river,دریائے چناب,0,0
27588700,river,دریائے ستلج,0,0
27593202,river,دریائے راوی,0,0
27608221,stream,Unnamed Waterway,0,0
27608785,stream,Unnamed Waterway,0,0
27618436,river,Kundham Stream,0,0
27618694,stream,Neelum,0,0
27626991,river,دریائے چناب,0,0
27666568,stream,Unnamed Waterway,0,0
27745539,river,تریموں سدھنائی لنک نہر,0,0
27781001,river,Tavi,0,0
27781065,river,دریائے چناب,0,0
28066156,river,دریائے ہرو,0,0
28250148,canal,Lower Swat Canal,0,0
28250730,river,أوچ خوړ,0,0
28251087,river,Kalpani River,0,0
28459127,river,ډوری رود,0,0
28778024,river,Unnamed Waterway,0,0
28778141,river,Naguman River,0,0
28778830,river,Bagrot Gah,0,0
28778849,river,Unnamed Waterway,0,0
28778873,river,Puparash Gah,0,0
28778953,river,Unakin Stream,0,0
28778967,river,Ghujerāb River,0,0
28778969,river,Unnamed Waterway,0,0
28779052,stream,Unnamed Waterway,0,0
28779057,river,Unnamed Waterway,0,0
28779062,river,Unnamed Waterway,0,0
28779066,river,Unnamed Waterway,0,0
28779068,river,Unnamed Waterway,0,0
28779074,river,Unnamed Waterway,0,0
28779078,river,克里满河,0,0
28779081,stream,Unnamed Waterway,0,0
28779105,river,Unnamed Waterway,0,0
28779190,river,克勒青河 دریائے شکسگام,0,0
28779277,river,克勒青河,0,0
28779286,river,Unnamed Waterway,0,0
28779324,river,克勒青河,0,0
28781883,stream,Unnamed Waterway,0,0
28781900,stream,Unnamed Waterway,0,0
28781912,river,Dari Lungma,0,0
28781917,stream,Unnamed Waterway,0,0
28781931,stream,Unnamed Waterway,0,0
28782413,river,Unnamed Waterway,0,0
28782466,river,Hushe River,0,0
28782477,river,Apo Brok,0,0
28782489,river,Unnamed Waterway,0,0
28782524,river,دریائے برالدو,0,0
28782562,stream,Unnamed Waterway,0,0
28782570,river,Unnamed Waterway,0,0
28782575,river,Unnamed Waterway,0,0
28782580,stream,Unnamed Waterway,0,0
28782583,stream,Unnamed Waterway,0,0
28782585,stream,Unnamed Waterway,0,0
28782588,river,Dumordo River,0,0
28782590,stream,Unnamed Waterway,0,0
28782602,river,Basha,0,0
28782604,river,Shigar River دریائے شگر,0,0
28782784,river,Berelter Nala,0,0
29880844,river,Saltoro River,0,0
29880855,stream,Unnamed Waterway,0,0
29880892,river,سالتورو,0,0
29880893,river,کونڈس,0,0
29880913,stream,Ghyari,0,0
29881396,river,Warish Lungpa,0,0
29881505,stream,Fastan Lungpa,0,0
29901260,river,Unnamed Waterway,0,0
29901272,river,Unnamed Waterway,0,0
29901277,river,Uju Gol,0,0
29901375,river,Uzhnu Gol,0,0
29901383,river,Lun Gol,0,0
29901393,river,Rich Gol,0,0
29901660,stream,Unnamed Waterway,0,0
29901676,stream,Unnamed Waterway,0,0
29901689,stream,Unnamed Waterway,0,0
29901691,river,Unnamed Waterway,0,0
29901693,stream,Unnamed Waterway,0,0
29901786,stream,Mastuj,0,0
29901805,stream,Mastuj,0,0
29901820,stream,Unnamed Waterway,0,0
29901821,stream,Mastuj,0,0
29902216,river,Ribat River,0,0
29903177,river,Karambar,0,0
29903251,stream,Unnamed Waterway,0,0
29904009,river,Unnamed Waterway,0,0
29904018,stream,Unnamed Waterway,0,0
29904025,river,Chapursan River,0,0
29905285,stream,Kamansu River,0,0
29905332,river,واخجير رود,0,0
29905396,stream,Unnamed Waterway,0,0
29905442,stream,Unnamed Waterway,0,0
29905518,stream,Unnamed Waterway,0,0
29905666,stream,Unnamed Waterway,0,0
29906773,stream,Unnamed Waterway,0,0
29906784,stream,Unnamed Waterway,0,0
29906800,stream,Unnamed Waterway,0,0
29906806,stream,Unnamed Waterway,0,0
29906844,stream,Unnamed Waterway,0,0
29907168,stream,Unnamed Waterway,0,0
29907585,stream,Unnamed Waterway,0,0
29907604,river,Unnamed Waterway,0,0
29908069,river,Unnamed Waterway,0,0
29908200,river,Unnamed Waterway,0,0
29908446,river,Bara Khun River,0,0
29908636,river,Unnamed Waterway,0,0
29908659,river,Unnamed Waterway,0,0
29908678,river,Unnamed Waterway,0,0
29909441,river,塔敦巴什河,0,0
29909585,river,吾甫浪沟,0,0
29909744,stream,Unnamed Waterway,0,0
29909854,stream,Unnamed Waterway,0,0
32281484,canal,Unnamed Waterway,0,0
32321433,canal,Unnamed Waterway,0,0
32321434,canal,Unnamed Waterway,0,0
32321435,canal,Unnamed Waterway,0,0
32547055,river,نندنا,0,0
32547056,river,دریائے سواں,0,0
33816299,canal,Warsak Gravity Canal,0,0
35464319,canal,Kabul Canal,0,0
35464406,canal,Unnamed Waterway,0,0
41681885,river,دریائے ستلج,0,0
41712896,river,دریائے ستلج,0,0
41713013,river,Char Tangey,0,0
44378864,river,Sutlej,0,0
44378874,river,Sutlej River,0,0
44378885,river,دریائے ستلج,0,0
44378944,river,دریائے ستلج,0,0
44378954,river,دریائے ستلج,0,0
44378964,river,دریائے ستلج,0,0
44378971,river,دریائے ستلج,0,0
44378985,river,دریائے ستلج,0,0
44378998,river,دریائے ستلج,0,0
44379008,river,دریائے ستلج,0,0
44379017,river,دریائے ستلج,0,0
44379027,river,دریائے ستلج,0,0
44379037,river,دریائے ستلج,0,0
44379046,river,دریائے ستلج,0,0
44379049,river,دریائے ستلج,0,0
44379068,river,دریائے ستلج,0,0
44379079,river,دریائے ستلج,0,0
44379089,river,دریائے ستلج,0,0
44379094,river,دریائے ستلج,0,0
44379116,river,دریائے ستلج,0,0
44379124,river,دریائے ستلج,0,0
44379131,river,دریائے ستلج,0,0
44379138,river,دریائے ستلج,0,0
44816378,stream,Unnamed Waterway,0,0
45470411,canal,Unnamed Waterway,0,0
45470412,canal,Unnamed Waterway,0,0
45470471,canal,Unnamed Waterway,0,0
45495158,canal,Unnamed Waterway,0,0
45505374,canal,Karachi Canal Road,0,0
45534138,canal,Unnamed Waterway,0,0
45534619,canal,Unnamed Waterway,0,0
45535589,canal,Unnamed Waterway,0,0
45535676,canal,Unnamed Waterway,0,0
45535741,river,دریائے ستلج,0,0
45535907,canal,Unnamed Waterway,0,0
45537239,river,دریائے سندھ,0,0
45537524,canal,دادو کینال,0,0
45537826,river,Unnamed Waterway,0,0
45538040,canal,Unnamed Waterway,0,0
45626987,canal,Unnamed Waterway,0,0
45626990,canal,Unnamed Waterway,0,0
45627222,canal,Muzaffargarh Canal Taunsa-Panjnad Canal,0,0
45627898,canal,Unnamed Waterway,0,0
45778860,river,گمبھیر,0,0
45825873,river,باری دوآب نہر,0,0
45825898,river,سدھنائی میلسی لنک نہر,0,0
45828519,river,Unnamed Waterway,0,0
45828541,canal,Eastern Sadqia Canal,0,0
45828620,canal,Fordwah Canal,0,0
45828647,canal,Hakra Branch Canal,0,0
45828658,canal,Malik Branch Canal,0,0
45828720,canal,Hakra canal,0,0
45828790,canal,Outfan drain,0,0
45828945,canal,Eastern Canal,0,0
45829424,river,Degh,0,0
45829425,river,نالہ ڈیک,0,0
48138731,canal,رکھ برانچ نہر,0,0
48141825,canal,گوگيره برانچ ﻧﻬﺮ,0,0
48165434,canal,لوِئر گوگيره برانچ ﻧﻬﺮ,0,0
48165443,canal,Unnamed Waterway,0,0
48165444,canal,اپر گوگيره برانچ ﻧﻬﺮ,0,0
48165483,river,جھنگ برانچ اپر,0,0
48600658,river,Harian Kaur,0,0
48600859,river,Hodar Kaur,0,0
51250183,canal,Chashma-Jhelum link canal,0,0
51542753,stream,Unnamed Waterway,0,0
51808053,stream,Unnamed Waterway,0,0
53180186,canal,Unnamed Waterway,0,0
53274208,canal,Ganaish Wah Canal,0,0
53274214,canal,Unnamed Waterway,0,0
53274216,canal,Unnamed Waterway,0,0
53274219,canal,Unnamed Waterway,0,0
53378186,canal,Unnamed Waterway,0,0
53378187,canal,Unnamed Waterway,0,0
53378188,canal,Unnamed Waterway,0,0
53378190,canal,Unnamed Waterway,0,0
53378422,canal,Unnamed Waterway,0,0
53397132,stream,بھیڈ نالہ,0,0
53397133,river,بھیڈ نالہ,0,0
53397134,river,نہر اپر چناب,0,0
53397435,stream,بھیڈ نالہ,0,0
53551409,stream,Unnamed Waterway,0,0
54633518,canal,Unnamed Waterway,0,0
54633520,canal,Unnamed Waterway,0,0
58692749,river,Orangi Stream,0,0
59108437,river,Hunza River,0,0
59108438,river,Hunza River,0,0
59229510,canal,Unnamed Waterway,0,0
59639331,river,Tutu Uns,0,0
60708885,river,Hunza,0,0
60708886,river,Kilik Jilga,0,0
60709308,river,Unnamed Waterway,0,0
60709309,river,Khunjerāb River,0,0
60709845,river,Khunjerāb River,0,0
61752158,river,Gordur-i-Giraf,0,0
61964477,stream,Lupghar Yaz Stream,0,0
61964478,stream,Unnamed Waterway,0,0
62117289,river,Birir Gol,0,0
62209705,river,Ujh River,0,0
62209708,stream,Unnamed Waterway,0,0
68521008,stream,صنعتی فضلہ پانی,0,0
69903058,river,Gabral River,0,0
69903181,river,دریائے سوات,0,0
69904069,river,دریائے سوات,0,0
69905169,river,Unnamed Waterway,0,0
69905170,river,Unnamed Waterway,0,0
69905747,river,Rupal Gah,0,0
70095028,river,Unnamed Waterway,0,0
70095309,river,Unnamed Waterway,0,0
70095606,river,Unnamed Waterway,0,0
70095852,river,Unnamed Waterway,0,0
70097487,river,Unnamed Waterway,0,0
70800621,river,Ushu River,0,0
70800645,river,Bahandra River,0,0
70802055,river,دریائے پنجکوڑہ,0,0
70802314,river,Unnamed Waterway,0,0
70802315,river,Unnamed Waterway,0,0
70802465,stream,Unnamed Waterway,0,0
70802466,river,Dir Khwar,0,0
70802467,stream,Unnamed Waterway,0,0
70804420,river,Kalpani River,0,0
70804508,river,کلپانی,0,0
70889206,canal,Unnamed Waterway,0,0
70891082,river,Chashma Right Bank Canal,0,0
70891096,river,Chashma Right Bank Canal,0,0
70948748,canal,Unnamed Waterway,0,0
70948750,canal,Unnamed Waterway,0,0
70948770,canal,Unnamed Waterway,0,0
70948791,canal,Unnamed Waterway,0,0
70948792,canal,Unnamed Waterway,0,0
70949112,stream,Unnamed Waterway,0,0
70949189,stream,Unnamed Waterway,0,0
70949190,stream,Unnamed Waterway,0,0
70949229,river,Bara,0,0
70949230,stream,Unnamed Waterway,0,0
70949252,river,Bara,0,0
70949253,river,Bara River  / باڑہ دریا,0,0
70949254,stream,Unnamed Waterway,0,0
70949404,stream,Unnamed Waterway,0,0
70949479,stream,Unnamed Waterway,0,0
70949480,stream,Unnamed Waterway,0,0
70949481,stream,Unnamed Waterway,0,0
70949560,stream,Unnamed Waterway,0,0
70952969,stream,Unnamed Waterway,0,0
70962199,river,Unnamed Waterway,0,0
70966150,river,Budhni Pull,0,0
70970968,river,Shah Alam River,0,0
70970979,river,Unnamed Waterway,0,0
70978299,river,Shah Alam River,0,0
70978866,river,Unnamed Waterway,0,0
70978871,river,Unnamed Waterway,0,0
70980001,river,Unnamed Waterway,0,0
70984093,stream,Unnamed Waterway,0,0
71003451,river,Unnamed Waterway,0,0
71071473,river,دریائے سوات,0,0
71074935,river,کلپانی,0,0
71074936,canal,Unnamed Waterway,0,0
71074937,river,Unnamed Waterway,0,0
71177033,river,ديولئ,0,0
71177034,river,مسکینی خوڑ,0,0
71177035,river,Unnamed Waterway,0,0
71177036,river,Unnamed Waterway,0,0
71177037,river,Unnamed Waterway,0,0
71177038,river,Babukara River,0,0
71177039,river,Unnamed Waterway,0,0
71177041,stream,Unnamed Waterway,0,0
71177043,river,Qalagai River,0,0
71177044,river,Unnamed Waterway,0,0
71177045,river,Unnamed Waterway,0,0
71178239,river,Unnamed Waterway,0,0
71178240,river,Bajaur River,0,0
71237618,river,Chakar River,0,0
71237695,stream,Barkhana Nala,0,0
71238285,river,Unnamed Waterway,0,0
71238453,river,Machi Vala,0,0
71238541,river,Unnamed Waterway,0,0
71238585,river,Unnamed Waterway,0,0
71238680,river,Unnamed Waterway,0,0
71238827,river,Unnamed Waterway,0,0
71239091,river,Unnamed Waterway,0,0
71239464,river,Unnamed Waterway,0,0
71240118,river,Unnamed Waterway,0,0
71240745,river,Unnamed Waterway,0,0
71241005,river,Unnamed Waterway,0,0
71241029,river,Unnamed Waterway,0,0
71282063,stream,Unnamed Waterway,0,0
71284009,river,Unnamed Waterway,0,0
71289304,river,دریائے کیچ,0,0
71290571,river,Rakhshan,0,0
71293477,river,Unnamed Waterway,0,0
71293478,river,Hingol River,0,0
71293483,river,Unnamed Waterway,0,0
71293486,river,Unnamed Waterway,0,0
71293488,river,Unnamed Waterway,0,0
71294818,river,Unnamed Waterway,0,0
71294835,river,Korakan River,0,0
71294837,river,Unnamed Waterway,0,0
71294838,river,Unnamed Waterway,0,0
71298116,river,دریائے گومل,0,0
71298120,river,Unnamed Waterway,0,0
71298121,stream,Unnamed Waterway,0,0
71298124,river,Kingri River,0,0
71378400,river,Jindi River,0,0
71380019,stream,Unnamed Waterway,0,0
71381258,river,Unnamed Waterway,0,0
71385598,stream,Unnamed Waterway,0,0
71403128,canal,Unnamed Waterway,0,0
71403194,canal,Unnamed Waterway,0,0
71403291,canal,Unnamed Waterway,0,0
71403293,canal,Unnamed Waterway,0,0
71403607,canal,Unnamed Waterway,0,0
71404746,canal,Patni Distributary,0,0
71404889,canal,Unnamed Waterway,0,0
71422733,river,ناڑی گاج,0,0
71431919,canal,Unnamed Waterway,0,0
71431966,canal,Unnamed Waterway,0,0
71432008,canal,Unnamed Waterway,0,0
71433287,canal,Unnamed Waterway,0,0
71575878,canal,Unnamed Waterway,0,0
71575886,river,Unnamed Waterway,0,0
71575891,canal,Unnamed Waterway,0,0
71575895,canal,Hazaro Wah,0,0
71575900,canal,Unnamed Waterway,0,0
71575907,canal,Unnamed Waterway,0,0
71575915,river,Unnamed Waterway,0,0
71579505,stream,Unnamed Waterway,0,0
71579561,canal,Unnamed Waterway,0,0
71582588,canal,Unnamed Waterway,0,0
71582594,canal,Unnamed Waterway,0,0
71582596,canal,Unnamed Waterway,0,0
71582600,canal,Unnamed Waterway,0,0
71582610,canal,Unnamed Waterway,0,0
71582637,canal,Unnamed Waterway,0,0
71582647,canal,Unnamed Waterway,0,0
71583755,canal,Lower Swat Canal,0,0
71583802,canal,Lower Swat Canal,0,0
71586706,canal,Unnamed Waterway,0,0
71586720,canal,Unnamed Waterway,0,0
71586721,canal,Unnamed Waterway,0,0
71587398,canal,Unnamed Waterway,0,0
71587409,canal,Unnamed Waterway,0,0
71587412,canal,Unnamed Waterway,0,0
71587425,canal,Unnamed Waterway,0,0
71590652,canal,Unnamed Waterway,0,0
71590883,canal,Unnamed Waterway,0,0
71597982,river,Unnamed Waterway,0,0
71598988,canal,Unnamed Waterway,0,0
71599006,canal,Unnamed Waterway,0,0
71599023,canal,Unnamed Waterway,0,0
71600120,stream,Unnamed Waterway,0,0
71600184,stream,Unnamed Waterway,0,0
71600239,stream,Unnamed Waterway,0,0
71600297,stream,Unnamed Waterway,0,0
71600317,stream,Unnamed Waterway,0,0
71600733,river,Alsi Khwar,0,0
71602231,canal,Amirabad Distributary,0,0
71674554,river,Unnamed Waterway,0,0
71675283,river,Unnamed Waterway,0,0
71675285,river,Bara River,0,0
71677232,river,Unnamed Waterway,0,0
71678537,river,Unnamed Waterway,0,0
71679028,stream,Unnamed Waterway,0,0
71697024,river,Unnamed Waterway,0,0
71697026,river,Unnamed Waterway,0,0
71697033,river,Unnamed Waterway,0,0
71700876,canal,Kalri Baghar Feeder,0,0
71710115,canal,Unnamed Waterway,0,0
71710119,canal,Unnamed Waterway,0,0
71738859,canal,Hazarkhwani Canal,0,0
71747158,river,دریائے سندھ,0,0
71747188,canal,اکرم واہ,0,0
71784197,canal,Unnamed Waterway,0,0
71794803,canal,Unnamed Waterway,0,0
71811380,canal,Unnamed Waterway,0,0
71811627,canal,Unnamed Waterway,0,0
71811657,canal,Unnamed Waterway,0,0
71816310,canal,Unnamed Waterway,0,0
71816323,canal,Unnamed Waterway,0,0
71816425,stream,Unnamed Waterway,0,0
71865166,stream,Unnamed Waterway,0,0
71865409,stream,Unnamed Waterway,0,0
71865418,stream,Unnamed Waterway,0,0
71865419,stream,Unnamed Waterway,0,0
71867747,river,دریائے سندھ,0,0
71890773,river,Unnamed Waterway,0,0
71890774,stream,Unnamed Waterway,0,0
71890775,river,Unnamed Waterway,0,0
71890777,river,Unnamed Waterway,0,0
71906610,canal,Unnamed Waterway,0,0
71908087,river,Unnamed Waterway,0,0
71912588,canal,Unnamed Waterway,0,0
71912678,river,Unnamed Waterway,0,0
71912679,river,Unnamed Waterway,0,0
71913254,river,Unnamed Waterway,0,0
71914601,canal,Unnamed Waterway,0,0
71914620,canal,Unnamed Waterway,0,0
71914733,canal,Unnamed Waterway,0,0
71914741,canal,Unnamed Waterway,0,0
71914890,canal,Unnamed Waterway,0,0
71914905,canal,Unnamed Waterway,0,0
71915448,canal,Unnamed Waterway,0,0
71915457,canal,Unnamed Waterway,0,0
71929099,canal,Unnamed Waterway,0,0
71946298,river,Unnamed Waterway,0,0
71946414,river,Unnamed Waterway,0,0
71946429,river,Unnamed Waterway,0,0
71949133,canal,Unnamed Waterway,0,0
71950381,canal,Unnamed Waterway,0,0
72003963,river,Unnamed Waterway,0,0
72003983,river,Unnamed Waterway,0,0
72004025,river,Unnamed Waterway,0,0
72004145,river,Unnamed Waterway,0,0
72004473,river,Unnamed Waterway,0,0
72005020,river,Unnamed Waterway,0,0
72011679,canal,Unnamed Waterway,0,0
72011680,canal,Unnamed Waterway,0,0
72011682,canal,Unnamed Waterway,0,0
72011684,canal,Unnamed Waterway,0,0
72011880,river,Unnamed Waterway,0,0
72070930,river,Unnamed Waterway,0,0
72071965,canal,Unnamed Waterway,0,0
72072057,canal,Unnamed Waterway,0,0
72072078,canal,Unnamed Waterway,0,0
72072079,canal,Unnamed Waterway,0,0
72075380,stream,Unnamed Waterway,0,0
72077889,canal,Unnamed Waterway,0,0
72084321,canal,Unnamed Waterway,0,0
72096076,canal,Unnamed Waterway,0,0
72097803,canal,Unnamed Waterway,0,0
72112679,canal,Unnamed Waterway,0,0
72113626,stream,Unnamed Waterway,0,0
72113650,stream,Unnamed Waterway,0,0
72122879,stream,Unnamed Waterway,0,0
72131852,canal,Unnamed Waterway,0,0
72145926,canal,Unnamed Waterway,0,0
72152307,canal,Unnamed Waterway,0,0
72152394,canal,Unnamed Waterway,0,0
72152507,canal,Unnamed Waterway,0,0
72153285,canal,Unnamed Waterway,0,0
72153585,canal,Unnamed Waterway,0,0
72153807,canal,Unnamed Waterway,0,0
72154450,canal,Unnamed Waterway,0,0
72154600,canal,Unnamed Waterway,0,0
72155109,canal,Unnamed Waterway,0,0
72155531,canal,Unnamed Waterway,0,0
72156007,canal,Unnamed Waterway,0,0
72156195,canal,Unnamed Waterway,0,0
72156196,canal,Unnamed Waterway,0,0
72156198,stream,Unnamed Waterway,0,0
72156449,canal,Unnamed Waterway,0,0
72157005,canal,Unnamed Waterway,0,0
72157085,stream,Unnamed Waterway,0,0
72157233,stream,Unnamed Waterway,0,0
72157242,stream,Unnamed Waterway,0,0
72157381,canal,Unnamed Waterway,0,0
72157448,stream,Unnamed Waterway,0,0
72161056,canal,Unnamed Waterway,0,0
72168955,canal,Unnamed Waterway,0,0
72187209,river,Unnamed Waterway,0,0
72192718,canal,Unnamed Waterway,0,0
72192757,canal,Unnamed Waterway,0,0
72233982,canal,Unnamed Waterway,0,0
72234162,canal,Unnamed Waterway,0,0
72235384,canal,Unnamed Waterway,0,0
72236075,canal,Unnamed Waterway,0,0
72236390,canal,Unnamed Waterway,0,0
72236398,canal,Unnamed Waterway,0,0
72236402,canal,Unnamed Waterway,0,0
72236422,canal,Unnamed Waterway,0,0
72236434,canal,Unnamed Waterway,0,0
72236435,canal,Unnamed Waterway,0,0
72236436,canal,Unnamed Waterway,0,0
72236437,canal,Unnamed Waterway,0,0
72236440,canal,Unnamed Waterway,0,0
72236442,canal,Unnamed Waterway,0,0
72236908,canal,Unnamed Waterway,0,0
72236946,stream,Unnamed Waterway,0,0
72237157,canal,Unnamed Waterway,0,0
72237888,canal,Unnamed Waterway,0,0
72238079,canal,Unnamed Waterway,0,0
72238087,canal,Unnamed Waterway,0,0
72238317,canal,Unnamed Waterway,0,0
72239647,stream,Unnamed Waterway,0,0
72299965,canal,Unnamed Waterway,0,0
72299992,canal,Unnamed Waterway,0,0
72300072,canal,Unnamed Waterway,0,0
72300075,stream,Unnamed Waterway,0,0
72300085,stream,Unnamed Waterway,0,0
72341876,river,Gadar River,0,0
72343828,river,Unnamed Waterway,0,0
72343840,river,Unnamed Waterway,0,0
72359993,stream,harnoi,0,0
72368861,river,Unnamed Waterway,0,0
72368863,stream,Unnamed Waterway,0,0
72368865,stream,Unnamed Waterway,0,0
72368867,stream,Unnamed Waterway,0,0
72368927,stream,Unnamed Waterway,0,0
72368928,river,Unnamed Waterway,0,0
72369004,stream,Unnamed Waterway,0,0
72369539,stream,Unnamed Waterway,0,0
72370129,river,Unnamed Waterway,0,0
72370132,stream,Unnamed Waterway,0,0
72370133,stream,Unnamed Waterway,0,0
72371040,stream,Unnamed Waterway,0,0
72371043,stream,Unnamed Waterway,0,0
72371045,stream,Unnamed Waterway,0,0
72371052,stream,Unnamed Waterway,0,0
72371386,stream,Unnamed Waterway,0,0
72411132,river,Gadar River,0,0
72412258,canal,Unnamed Waterway,0,0
72412321,canal,Unnamed Waterway,0,0
72412349,canal,Unnamed Waterway,0,0
72423367,canal,Unnamed Waterway,0,0
72431764,canal,Unnamed Waterway,0,0
72431769,stream,Unnamed Waterway,0,0
72434367,canal,Unnamed Waterway,0,0
72436417,river,Unnamed Waterway,0,0
72436419,river,Unnamed Waterway,0,0
72436429,river,Unnamed Waterway,0,0
72436554,river,Unnamed Waterway,0,0
72436609,river,Unnamed Waterway,0,0
72437036,river,Unnamed Waterway,0,0
72439489,river,Unnamed Waterway,0,0
72439490,river,Unnamed Waterway,0,0
72439583,river,Unnamed Waterway,0,0
72439586,river,Unnamed Waterway,0,0
72439590,river,Unnamed Waterway,0,0
72439591,river,Unnamed Waterway,0,0
72439592,river,Unnamed Waterway,0,0
72439594,river,Unnamed Waterway,0,0
72439622,river,Unnamed Waterway,0,0
72443218,canal,Unnamed Waterway,0,0
72443220,canal,Unnamed Waterway,0,0
72443222,canal,Unnamed Waterway,0,0
72443224,canal,Unnamed Waterway,0,0
72446888,stream,Unnamed Waterway,0,0
72448241,river,Unnamed Waterway,0,0
72449228,canal,Unnamed Waterway,0,0
72449838,canal,Unnamed Waterway,0,0
72453867,stream,Unnamed Waterway,0,0
72453881,stream,Unnamed Waterway,0,0
72453948,canal,Unnamed Waterway,0,0
72453956,canal,Unnamed Waterway,0,0
72454200,canal,Unnamed Waterway,0,0
72455737,canal,Kandri Minor,0,0
72462995,canal,Taial Distributary,0,0
72463005,canal,Unnamed Waterway,0,0
72472868,stream,Unnamed Waterway,0,0
72473053,canal,Mubarak Canal,0,0
72473055,canal,Unnamed Waterway,0,0
72473056,canal,Unnamed Waterway,0,0
72473057,canal,Unnamed Waterway,0,0
72473059,canal,Unnamed Waterway,0,0
72475595,canal,Unnamed Waterway,0,0
72475627,canal,Unnamed Waterway,0,0
72481789,stream,Unnamed Waterway,0,0
72491547,canal,Kanhar Minor,0,0
72492158,canal,Unnamed Waterway,0,0
72492602,stream,Unnamed Waterway,0,0
72492615,canal,Khaipur Canal West,0,0
72502082,canal,Hamid Wah,0,0
72502084,river,Unnamed Waterway,0,0
72502085,canal,Unnamed Waterway,0,0
72502752,canal,Sher Ginah Minor,0,0
72502754,canal,Canal,0,0
72502755,canal,Unnamed Waterway,0,0
72503610,river,Unnamed Waterway,0,0
72503611,river,Indus River (branch),0,0
72503612,river,Unnamed Waterway,0,0
72505154,stream,Unnamed Waterway,0,0
72508363,river,Unnamed Waterway,0,0
72508365,river,Unnamed Waterway,0,0
72519624,river,Unnamed Waterway,0,0
72524561,canal,Unnamed Waterway,0,0
72524562,canal,Unnamed Waterway,0,0
72524594,canal,Unnamed Waterway,0,0
72524596,canal,Unnamed Waterway,0,0
72524597,canal,Unnamed Waterway,0,0
72525593,canal,Unnamed Waterway,0,0
72525814,canal,Chiniot Distributary,0,0
72534291,canal,Unnamed Waterway,0,0
72534306,canal,Unnamed Waterway,0,0
72534329,river,Dallas Branch,0,0
72534402,canal,Unnamed Waterway,0,0
72534436,canal,Unnamed Waterway,0,0
72534477,canal,Unnamed Waterway,0,0
72534545,canal,Sadiq Branch,0,0
72539980,river,Unnamed Waterway,0,0
72543712,canal,Khaipur Canal West,0,0
72546160,stream,Unnamed Waterway,0,0
72546164,stream,Unnamed Waterway,0,0
72546169,stream,Unnamed Waterway,0,0
72546171,stream,Unnamed Waterway,0,0
72548699,canal,Unnamed Waterway,0,0
72553019,canal,Unnamed Waterway,0,0
72553091,canal,Unnamed Waterway,0,0
72553552,river,Unnamed Waterway,0,0
72554127,canal,Unnamed Waterway,0,0
72554515,stream,Unnamed Waterway,0,0
72555052,canal,Unnamed Waterway,0,0
72557663,canal,Unnamed Waterway,0,0
72557878,canal,Unnamed Waterway,0,0
72557882,canal,Unnamed Waterway,0,0
72558043,canal,Unnamed Waterway,0,0
72558264,canal,Unnamed Waterway,0,0
72558718,canal,Unnamed Waterway,0,0
72558972,canal,Unnamed Waterway,0,0
72559202,canal,Unnamed Waterway,0,0
72559322,canal,Unnamed Waterway,0,0
72560138,canal,Unnamed Waterway,0,0
72560141,canal,Unnamed Waterway,0,0
72560145,canal,Unnamed Waterway,0,0
72560147,canal,Unnamed Waterway,0,0
72561120,river,Unnamed Waterway,0,0
72561218,canal,Unnamed Waterway,0,0
72561644,canal,Unnamed Waterway,0,0
72561684,river,Unnamed Waterway,0,0
72561710,canal,Unnamed Waterway,0,0
72561746,canal,Unnamed Waterway,0,0
72561839,canal,Unnamed Waterway,0,0
72568303,canal,Unnamed Waterway,0,0
72591599,river,Unnamed Waterway,0,0
72592147,canal,Unnamed Waterway,0,0
72592168,canal,Unnamed Waterway,0,0
72594463,canal,Unnamed Waterway,0,0
72596913,river,Unnamed Waterway,0,0
72598782,canal,Unnamed Waterway,0,0
72598850,canal,Unnamed Waterway,0,0
72598913,canal,Unnamed Waterway,0,0
72608100,canal,Unnamed Waterway,0,0
72613849,river,Unnamed Waterway,0,0
72613859,canal,Unnamed Waterway,0,0
72621129,canal,Unnamed Waterway,0,0
72622960,canal,Unnamed Waterway,0,0
72623003,canal,Unnamed Waterway,0,0
72623005,canal,Unnamed Waterway,0,0
72623075,canal,Unnamed Waterway,0,0
72623562,canal,Unnamed Waterway,0,0
72624116,river,Rangpur Canal,0,0
72624136,canal,Unnamed Waterway,0,0
72624140,canal,Unnamed Waterway,0,0
72624165,canal,Unnamed Waterway,0,0
72666186,canal,Unnamed Waterway,0,0
72677261,river,Unnamed Waterway,0,0
72731770,stream,Unnamed Waterway,0,0
72739772,canal,Unnamed Waterway,0,0
72739822,canal,Unnamed Waterway,0,0
72743789,canal,Unnamed Waterway,0,0
72746102,stream,Unnamed Waterway,0,0
72763065,canal,Unnamed Waterway,0,0
72763088,canal,Unnamed Waterway,0,0
72763106,canal,Unnamed Waterway,0,0
72766597,river,Tangi Khwār,0,0
72779184,canal,Unnamed Waterway,0,0
72779205,canal,Unnamed Waterway,0,0
72779287,canal,Unnamed Waterway,0,0
72779302,canal,Unnamed Waterway,0,0
72779305,canal,Unnamed Waterway,0,0
72779306,canal,Unnamed Waterway,0,0
72785613,canal,Unnamed Waterway,0,0
72785646,canal,Unnamed Waterway,0,0
72836175,river,دریائے سندھ,0,0
72839457,river,دریائے سندھ,0,0
72843305,canal,Unnamed Waterway,0,0
72843470,canal,Unnamed Waterway,0,0
72844180,canal,Unnamed Waterway,0,0
72844181,canal,Unnamed Waterway,0,0
72844192,canal,Unnamed Waterway,0,0
72857784,canal,Unnamed Waterway,0,0
72858141,canal,Unnamed Waterway,0,0
72858143,canal,تھل نہر برانچ,0,0
72858145,canal,Unnamed Waterway,0,0
72858146,canal,Je Sing Distributary,0,0
72858148,canal,تھل نہر,0,0
72880253,canal,Unnamed Waterway,0,0
72890679,canal,Unnamed Waterway,0,0
72905441,canal,Unnamed Waterway,0,0
72905533,canal,Unnamed Waterway,0,0
72905546,canal,Unnamed Waterway,0,0
72905590,river,رکھ برانچ نہر,0,0
72922974,canal,Unnamed Waterway,0,0
72922978,canal,Unnamed Waterway,0,0
72922988,canal,Unnamed Waterway,0,0
72922991,canal,Unnamed Waterway,0,0
72922997,canal,Unnamed Waterway,0,0
72923006,canal,Unnamed Waterway,0,0
72923007,canal,Unnamed Waterway,0,0
72923008,canal,Unnamed Waterway,0,0
72923009,canal,Unnamed Waterway,0,0
72923015,canal,Unnamed Waterway,0,0
72964470,river,Unnamed Waterway,0,0
73004723,river,Unnamed Waterway,0,0
73004731,canal,Khokar Minor,0,0
73013213,canal,Unnamed Waterway,0,0
73013215,canal,Unnamed Waterway,0,0
73029244,canal,Unnamed Waterway,0,0
73029248,canal,Unnamed Waterway,0,0
73031620,canal,Fazil Shah Canal,0,0
73060429,canal,Nim Distributary,0,0
73060974,canal,Salar Distributary,0,0
73061038,canal,Kilch Distributary,0,0
73063491,canal,Dhing Distributary,0,0
73076636,canal,Unnamed Waterway,0,0
73077247,canal,Nasrana Distributary,0,0
73077279,canal,Unnamed Waterway,0,0
73107229,canal,Unnamed Waterway,0,0
73140301,canal,Unnamed Waterway,0,0
73140330,canal,Unnamed Waterway,0,0
73140445,canal,Unnamed Waterway,0,0
73140472,canal,Unnamed Waterway,0,0
73194058,stream,Unnamed Waterway,0,0
73197313,river,Unnamed Waterway,0,0
73197333,river,کمبری نالہ,0,0
73197346,river,ناڑی گاج,0,0
73197348,river,Unnamed Waterway,0,0
73198304,river,براہیم باران واہ,0,0
73198346,stream,Unnamed Waterway,0,0
73198375,stream,Unnamed Waterway,0,0
73198390,stream,Unnamed Waterway,0,0
73198398,stream,Unnamed Waterway,0,0
73200093,river,Bolan River / ردياۓ بولان,0,0
73200954,river,Unnamed Waterway,0,0
73200966,river,Unnamed Waterway,0,0
73200975,river,Unnamed Waterway,0,0
73200981,stream,Unnamed Waterway,0,0
73201929,river,ناڑی گاج,0,0
73201933,river,ناڑی گاج,0,0
73202445,river,Unnamed Waterway,0,0
73202460,stream,Unnamed Waterway,0,0
73202466,stream,Unnamed Waterway,0,0
73202493,stream,Unnamed Waterway,0,0
73202501,stream,Unnamed Waterway,0,0
73230290,canal,Unnamed Waterway,0,0
73236142,river,مشکاف ندی,0,0
73237315,river,Unnamed Waterway,0,0
73237372,stream,Unnamed Waterway,0,0
73237399,canal,Unnamed Waterway,0,0
73241100,river,Sādiq Feeder,0,0
73244738,river,ناڑی گاج,0,0
73244743,river,ناڑی گاج,0,0
73245481,river,Unnamed Waterway,0,0
73246353,river,Unnamed Waterway,0,0
73249411,stream,Unnamed Waterway,0,0
73249423,stream,Unnamed Waterway,0,0
73249427,stream,Unnamed Waterway,0,0
73249469,stream,Unnamed Waterway,0,0
73249478,stream,Unnamed Waterway,0,0
73251497,river,ناڑی گاج,0,0
73251501,river,Kuriak Rud,0,0
73251502,river,Unnamed Waterway,0,0
73251686,stream,Unnamed Waterway,0,0
73253206,canal,Unnamed Waterway,0,0
73253213,stream,Unnamed Waterway,0,0
73264332,canal,Unnamed Waterway,0,0
73264333,canal,Unnamed Waterway,0,0
73264338,canal,Unnamed Waterway,0,0
73264343,canal,Unnamed Waterway,0,0
73264354,canal,Unnamed Waterway,0,0
73264361,canal,Unnamed Waterway,0,0
73264366,canal,Unnamed Waterway,0,0
73277336,stream,Unnamed Waterway,0,0
73278919,canal,Hyderabad Branch,0,0
73284848,canal,Unnamed Waterway,0,0
73294243,canal,Unnamed Waterway,0,0
73294247,canal,Unnamed Waterway,0,0
73294528,canal,Unnamed Waterway,0,0
73297640,canal,Fatehpur Distributary,0,0
73297685,canal,Saidabad Distributary,0,0
73297782,canal,Unnamed Waterway,0,0
73298136,canal,Unnamed Waterway,0,0
73298304,canal,Unnamed Waterway,0,0
73298305,canal,Unnamed Waterway,0,0
73298309,canal,Tarah Distributary,0,0
73299123,canal,Hala Branch,0,0
73299132,canal,Hala Branch,0,0
73300612,canal,Khadhar Distributary,0,0
73304356,canal,Unnamed Waterway,0,0
73304489,canal,Dhando Minor,0,0
73304659,river,Shahi Canal,0,0
73305080,canal,Sangro Wah,0,0
73306354,river,Unnamed Waterway,0,0
73306356,river,Unnamed Waterway,0,0
73306365,river,Unnamed Waterway,0,0
73306366,river,Unnamed Waterway,0,0
73306371,river,Unnamed Waterway,0,0
73306372,canal,Unnamed Waterway,0,0
73306374,river,Unnamed Waterway,0,0
73306380,canal,Unnamed Waterway,0,0
73306381,river,Unnamed Waterway,0,0
73306387,river,Unnamed Waterway,0,0
73306395,river,Unnamed Waterway,0,0
73306402,river,Unnamed Waterway,0,0
73306405,river,Unnamed Waterway,0,0
73307361,river,Jhang Branch,0,0
73307363,river,جھنگ برانچ نہر,0,0
73307372,canal,Unnamed Waterway,0,0
73308656,canal,Unnamed Waterway,0,0
73309591,canal,Unnamed Waterway,0,0
73310087,canal,Unnamed Waterway,0,0
73310088,canal,Unnamed Waterway,0,0
73310093,canal,Unnamed Waterway,0,0
73310094,canal,Unnamed Waterway,0,0
73310101,canal,Unnamed Waterway,0,0
73313764,canal,Unnamed Waterway,0,0
73316349,canal,Unnamed Waterway,0,0
73318758,canal,Unnamed Waterway,0,0
73318763,canal,Unnamed Waterway,0,0
73320101,canal,Unnamed Waterway,0,0
73320550,canal,Unnamed Waterway,0,0
73321123,canal,Unnamed Waterway,0,0
73322714,canal,Unnamed Waterway,0,0
73323537,canal,Unnamed Waterway,0,0
73325833,canal,Unnamed Waterway,0,0
73325842,river,Unnamed Waterway,0,0
73325849,canal,Unnamed Waterway,0,0
73325861,river,Unnamed Waterway,0,0
73330629,canal,Unnamed Waterway,0,0
73331557,river,Chokal Khwar,0,0
73347363,canal,Unnamed Waterway,0,0
73371802,canal,Unnamed Waterway,0,0
73371834,canal,Unnamed Waterway,0,0
73392426,river,Unnamed Waterway,0,0
73393129,canal,Khurrianwala Distributary (Lower Chenab Canal),0,0
73393140,canal,Unnamed Waterway,0,0
73414932,river,Unnamed Waterway,0,0
73422403,canal,Unnamed Waterway,0,0
73435979,river,Unnamed Waterway,0,0
73435983,river,Unnamed Waterway,0,0
73436027,river,Unnamed Waterway,0,0
73445895,river,Unnamed Waterway,0,0
73446664,canal,Unnamed Waterway,0,0
73486099,stream,Unnamed Waterway,0,0
73492432,canal,Unnamed Waterway,0,0
73492447,canal,Unnamed Waterway,0,0
73492453,canal,Unnamed Waterway,0,0
73492454,canal,Kandri Minor,0,0
73492470,canal,Unnamed Waterway,0,0
73492471,canal,Unnamed Waterway,0,0
73494134,canal,Unnamed Waterway,0,0
73494730,canal,Unnamed Waterway,0,0
73501388,canal,Unnamed Waterway,0,0
73512340,canal,Unnamed Waterway,0,0
73512428,river,Unnamed Waterway,0,0
73513933,canal,Unnamed Waterway,0,0
73530985,stream,Unnamed Waterway,0,0
73537264,stream,Unnamed Waterway,0,0
73537392,canal,Unnamed Waterway,0,0
73539749,canal,Unnamed Waterway,0,0
73539756,canal,Unnamed Waterway,0,0
73539765,canal,Unnamed Waterway,0,0
73539769,canal,Unnamed Waterway,0,0
73539770,canal,Unnamed Waterway,0,0
73540613,canal,Unnamed Waterway,0,0
73541307,canal,Unnamed Waterway,0,0
73550353,river,Unnamed Waterway,0,0
73550398,canal,Unnamed Waterway,0,0
73550461,canal,Unnamed Waterway,0,0
73553618,canal,Unnamed Waterway,0,0
73553650,canal,Unnamed Waterway,0,0
73562616,canal,Mirwah,0,0
73562992,river,Unnamed Waterway,0,0
73562993,river,tertiary road,0,0
73562996,river,Unnamed Waterway,0,0
73562998,river,Unnamed Waterway,0,0
73563000,river,Unnamed Waterway,0,0
73563529,river,Unnamed Waterway,0,0
73563530,river,Unnamed Waterway,0,0
73563531,river,Unnamed Waterway,0,0
73564077,river,Unnamed Waterway,0,0
73566563,canal,Unnamed Waterway,0,0
73568824,river,Unnamed Waterway,0,0
73568828,river,Unnamed Waterway,0,0
73568833,river,Unnamed Waterway,0,0
73580491,river,Unnamed Waterway,0,0
73580508,river,Unnamed Waterway,0,0
73581810,canal,Unnamed Waterway,0,0
73581814,river,Unnamed Waterway,0,0
73581825,canal,Unnamed Waterway,0,0
73581828,canal,Unnamed Waterway,0,0
73583360,canal,Nasrana Distributary,0,0
73583529,canal,Unnamed Waterway,0,0
73591193,river,Unnamed Waterway,0,0
73596061,canal,Mandar Branch,0,0
73653722,canal,Unnamed Waterway,0,0
73654248,canal,Patni Distributary,0,0
73654263,canal,Unnamed Waterway,0,0
73657700,river,Unnamed Waterway,0,0
73684745,canal,Unnamed Waterway,0,0
73684751,river,Unnamed Waterway,0,0
73684763,stream,Unnamed Waterway,0,0
73745001,canal,Unnamed Waterway,0,0
73748580,stream,Unnamed Waterway,0,0
73811295,canal,Unnamed Waterway,0,0
73811303,canal,Unnamed Waterway,0,0
73812818,river,Unnamed Waterway,0,0
73877125,river,Pehur High-Level Canal,0,0
73877131,river,Pehur High-Level Canal,0,0
73877153,river,Pehur High-Level Canal,0,0
73894174,stream,Unnamed Waterway,0,0
73894175,stream,Unnamed Waterway,0,0
73894178,stream,Unnamed Waterway,0,0
73894183,stream,Unnamed Waterway,0,0
73894185,stream,Unnamed Waterway,0,0
73894187,stream,Unnamed Waterway,0,0
73894190,river,Unnamed Waterway,0,0
73894191,stream,Unnamed Waterway,0,0
73894197,river,Unnamed Waterway,0,0
73894198,stream,Unnamed Waterway,0,0
73894201,stream,Unnamed Waterway,0,0
73894203,river,Unnamed Waterway,0,0
73894206,stream,Unnamed Waterway,0,0
73894208,river,Unnamed Waterway,0,0
73896673,stream,Unnamed Waterway,0,0
73896674,stream,Unnamed Waterway,0,0
73896676,stream,Unnamed Waterway,0,0
73896677,stream,Unnamed Waterway,0,0
73897517,stream,Unnamed Waterway,0,0
73897521,stream,Unnamed Waterway,0,0
73897522,stream,Unnamed Waterway,0,0
73897523,stream,Unnamed Waterway,0,0
73897524,stream,Unnamed Waterway,0,0
73897525,stream,Unnamed Waterway,0,0
73897583,stream,Unnamed Waterway,0,0
73897586,river,Unnamed Waterway,0,0
73897587,stream,Unnamed Waterway,0,0
73897590,stream,Unnamed Waterway,0,0
73897594,river,Unnamed Waterway,0,0
73897708,stream,Unnamed Waterway,0,0
73897709,stream,Unnamed Waterway,0,0
73897710,stream,Unnamed Waterway,0,0
73897711,stream,Unnamed Waterway,0,0
73897712,stream,Unnamed Waterway,0,0
73897765,stream,Unnamed Waterway,0,0
73897766,stream,Unnamed Waterway,0,0
73897767,stream,Unnamed Waterway,0,0
73897768,stream,Unnamed Waterway,0,0
73897921,stream,Unnamed Waterway,0,0
73897923,stream,Unnamed Waterway,0,0
73897927,stream,Unnamed Waterway,0,0
73898396,stream,Unnamed Waterway,0,0
73900140,stream,Unnamed Waterway,0,0
73900142,stream,Unnamed Waterway,0,0
73904510,stream,Unnamed Waterway,0,0
73904741,stream,Unnamed Waterway,0,0
73904742,stream,Unnamed Waterway,0,0
73904746,stream,Unnamed Waterway,0,0
73904750,stream,Unnamed Waterway,0,0
73905478,stream,Unnamed Waterway,0,0
73905479,stream,Unnamed Waterway,0,0
73905480,stream,Unnamed Waterway,0,0
73905481,stream,Unnamed Waterway,0,0
73905482,river,Unnamed Waterway,0,0
73905483,stream,Unnamed Waterway,0,0
73905484,river,Unnamed Waterway,0,0
73905485,stream,Unnamed Waterway,0,0
73906066,stream,Unnamed Waterway,0,0
73906068,stream,Unnamed Waterway,0,0
73906071,stream,Unnamed Waterway,0,0
73906076,stream,Unnamed Waterway,0,0
73906077,stream,Unnamed Waterway,0,0
73906079,river,Unnamed Waterway,0,0
73906080,stream,Unnamed Waterway,0,0
73906467,river,Unnamed Waterway,0,0
73911292,canal,Chauri Minor,0,0
73911300,canal,Unnamed Waterway,0,0
73911524,stream,Unnamed Waterway,0,0
73911527,river,Unnamed Waterway,0,0
73911532,stream,Unnamed Waterway,0,0
73912321,stream,Unnamed Waterway,0,0
73919742,canal,Unnamed Waterway,0,0
73919743,canal,Unnamed Waterway,0,0
73919745,canal,Unnamed Waterway,0,0
73920704,canal,Unnamed Waterway,0,0
73920705,canal,Unnamed Waterway,0,0
73920708,canal,waterway tunnel,0,0
73920713,canal,Unnamed Waterway,0,0
73922321,river,Unnamed Waterway,0,0
73922322,river,Unnamed Waterway,0,0
73924753,canal,Unnamed Waterway,0,0
73924763,canal,Unnamed Waterway,0,0
73950008,river,Unnamed Waterway,0,0
73950017,stream,Unnamed Waterway,0,0
74009801,stream,Unnamed Waterway,0,0
74009816,stream,Unnamed Waterway,0,0
74009818,stream,Unnamed Waterway,0,0
74009826,stream,Unnamed Waterway,0,0
74009831,stream,Unnamed Waterway,0,0
74010700,stream,Unnamed Waterway,0,0
74012137,river,Chel River,0,0
74012162,stream,Unnamed Waterway,0,0
74012167,stream,Unnamed Waterway,0,0
74012199,stream,Unnamed Waterway,0,0
74014800,river,Unnamed Waterway,0,0
74016856,river,Unnamed Waterway,0,0
74019722,river,Chel River,0,0
74023961,river,Unnamed Waterway,0,0
74023968,river,Unnamed Waterway,0,0
74023978,river,Unnamed Waterway,0,0
74023987,river,Unnamed Waterway,0,0
74023990,river,Unnamed Waterway,0,0
74023994,river,Unnamed Waterway,0,0
74023998,river,Unnamed Waterway,0,0
74024019,river,Unnamed Waterway,0,0
74024021,river,Unnamed Waterway,0,0
74024026,river,Unnamed Waterway,0,0
74024036,river,Unnamed Waterway,0,0
74024051,river,Unnamed Waterway,0,0
74024054,river,Unnamed Waterway,0,0
74024061,river,Unnamed Waterway,0,0
74028988,river,Unnamed Waterway,0,0
74030643,river,Unnamed Waterway,0,0
74030651,river,Unnamed Waterway,0,0
74033242,river,Unnamed Waterway,0,0
74035937,river,سندھ,0,0
74035939,river,سندھ,0,0
74035940,river,سندھ,0,0
74035942,river,سندھ,0,0
74036521,stream,Jabbi Kas,0,0
74036523,river,Gahhiri Kas,0,0
74036524,stream,Bhagawan Kas,0,0
74036560,river,سندھ,0,0
74064474,canal,Tanwari Shaakh,0,0
74065720,canal,Golo Wah,0,0
74068786,canal,Unnamed Waterway,0,0
74068793,canal,Unnamed Waterway,0,0
74068800,canal,Unnamed Waterway,0,0
74068805,canal,Unnamed Waterway,0,0
74095956,river,Unnamed Waterway,0,0
74095962,river,Unnamed Waterway,0,0
74095963,river,Unnamed Waterway,0,0
74095964,river,Unnamed Waterway,0,0
74095965,river,Unnamed Waterway,0,0
74095966,river,Unnamed Waterway,0,0
74096843,river,Unnamed Waterway,0,0
74099119,canal,Unnamed Waterway,0,0
74099120,canal,Unnamed Waterway,0,0
74100163,canal,Unnamed Waterway,0,0
74112025,river,Unnamed Waterway,0,0
74112092,stream,Unnamed Waterway,0,0
74112093,stream,Unnamed Waterway,0,0
74112094,stream,Unnamed Waterway,0,0
74112269,river,Unnamed Waterway,0,0
74170340,canal,Unnamed Waterway,0,0
74186039,stream,Unnamed Waterway,0,0
74190779,river,Unnamed Waterway,0,0
74190784,river,Unnamed Waterway,0,0
74194127,river,Unnamed Waterway,0,0
74207705,canal,Unnamed Waterway,0,0
74207807,canal,Kot Ahmati Yar Branch,0,0
74267099,canal,Unnamed Waterway,0,0
74267411,stream,Unnamed Waterway,0,0
74268530,stream,Unnamed Waterway,0,0
74268535,stream,Unnamed Waterway,0,0
74270014,canal,Unnamed Waterway,0,0
74431300,canal,Unnamed Waterway,0,0
74431304,canal,Unnamed Waterway,0,0
74431308,canal,Unnamed Waterway,0,0
74445426,river,Unnamed Waterway,0,0
74577757,canal,Unnamed Waterway,0,0
74577799,canal,Unnamed Waterway,0,0
74846219,canal,Unnamed Waterway,0,0
74877013,canal,Unnamed Waterway,0,0
74884321,canal,Unnamed Waterway,0,0
74884337,canal,Unnamed Waterway,0,0
74884344,canal,Unnamed Waterway,0,0
74888240,river,Unnamed Waterway,0,0
74923332,river,سندھ,0,0
74923334,river,سندھ,0,0
74923336,canal,Unnamed Waterway,0,0
74923337,river,سندھ,0,0
74924428,canal,Unnamed Waterway,0,0
74948190,stream,Unnamed Waterway,0,0
74948193,stream,Unnamed Waterway,0,0
74948195,stream,Unnamed Waterway,0,0
74948196,stream,Unnamed Waterway,0,0
74948198,stream,Unnamed Waterway,0,0
74948200,stream,Unnamed Waterway,0,0
74948201,stream,Unnamed Waterway,0,0
74976950,stream,Unnamed Waterway,0,0
74977702,canal,Unnamed Waterway,0,0
74980268,canal,Unnamed Waterway,0,0
75032512,river,Unnamed Waterway,0,0
75032587,canal,Unnamed Waterway,0,0
75032672,stream,Unnamed Waterway,0,0
75032673,stream,Unnamed Waterway,0,0
75032859,stream,Unnamed Waterway,0,0
75032860,stream,Unnamed Waterway,0,0
75066684,river,Unnamed Waterway,0,0
75066753,river,Unnamed Waterway,0,0
75091876,canal,Kot Ghani Distributary,0,0
75110079,stream,Unnamed Waterway,0,0
75110964,river,Unnamed Waterway,0,0
75113123,canal,Unnamed Waterway,0,0
75114380,canal,Unnamed Waterway,0,0
75114383,canal,Unnamed Waterway,0,0
75114392,canal,Unnamed Waterway,0,0
75114394,canal,Unnamed Waterway,0,0
75114396,canal,Unnamed Waterway,0,0
75118246,river,Unnamed Waterway,0,0
75118272,canal,Unnamed Waterway,0,0
75118275,canal,Unnamed Waterway,0,0
75126264,canal,Unnamed Waterway,0,0
75126267,river,Unnamed Waterway,0,0
75127014,canal,Unnamed Waterway,0,0
75127806,river,Unnamed Waterway,0,0
75127811,river,Unnamed Waterway,0,0
75190638,river,Unnamed Waterway,0,0
75191969,river,Unnamed Waterway,0,0
75242603,river,Unnamed Waterway,0,0
75246190,river,Unnamed Waterway,0,0
75246195,river,Unnamed Waterway,0,0
75251139,canal,Unnamed Waterway,0,0
75299726,canal,Unnamed Waterway,0,0
75299742,canal,Unnamed Waterway,0,0
75317018,canal,Unnamed Waterway,0,0
75322080,canal,Unnamed Waterway,0,0
75322085,canal,Unnamed Waterway,0,0
75468110,canal,Khal Distributary,0,0
75484119,canal,Unnamed Waterway,0,0
75491815,river,Unnamed Waterway,0,0
75492552,stream,Unnamed Waterway,0,0
75499495,river,Unnamed Waterway,0,0
75499496,river,Unnamed Waterway,0,0
75499519,canal,Unnamed Waterway,0,0
75499974,river,روہڑی نہر,0,0
75499975,river,Unnamed Waterway,0,0
75499986,canal,Unnamed Waterway,0,0
75500566,canal,Unnamed Waterway,0,0
75569700,canal,Unnamed Waterway,0,0
75577736,river,Unnamed Waterway,0,0
75577742,river,Unnamed Waterway,0,0
75577928,stream,Unnamed Waterway,0,0
75615874,river,دریائے سندھ,0,0
75641507,river,Shimshāl River,0,0
75641528,river,دریائے سندھ,0,0
75641536,river,Indus River دریائے سندھ,0,0
75641541,river,Shimshāl River,0,0
75641544,river,سندھ,0,0
75641546,river,سنڌو درياھ,0,0
75641554,river,دریائے سندھ,0,0
75652054,river,دریائے چناب,0,0
75652074,river,دریائے چناب,0,0
75652120,river,دریائے چناب,0,0
75652156,river,دریائے چناب,0,0
75652211,river,دریائے جہلم,0,0
75652216,river,دریائے چناب,0,0
75652246,river,دریائے چناب,0,0
75652432,river,Abbasia Canal,0,0
75652634,river,Kunhar River,0,0
75656172,canal,Unnamed Waterway,0,0
75656406,canal,Unnamed Waterway,0,0
75712897,canal,Unnamed Waterway,0,0
75712919,canal,Gujrat Branch,0,0
75714793,river,دریائے ستلج,0,0
75717150,river,دریائے راوی,0,0
75717152,river,دریائے راوی,0,0
75721869,stream,Unnamed Waterway,0,0
75721870,canal,Kandri Minor,0,0
75721873,canal,Unnamed Waterway,0,0
75727323,stream,Unnamed Waterway,0,0
75728003,stream,Unnamed Waterway,0,0
75803023,canal,Unnamed Waterway,0,0
75803031,canal,Unnamed Waterway,0,0
75803033,canal,Unnamed Waterway,0,0
75803036,canal,Unnamed Waterway,0,0
75837946,canal,Unnamed Waterway,0,0
75838358,canal,Unnamed Waterway,0,0
75838359,canal,Unnamed Waterway,0,0
76012546,canal,Unnamed Waterway,0,0
76079411,stream,Unnamed Waterway,0,0
76080598,stream,Unnamed Waterway,0,0
76370035,canal,Unnamed Waterway,0,0
76551314,stream,Unnamed Waterway,0,0
76551319,stream,Unnamed Waterway,0,0
76755483,canal,Unnamed Waterway,0,0
76791918,stream,Unnamed Waterway,0,0
76791919,stream,Unnamed Waterway,0,0
76793402,river,Unnamed Waterway,0,0
76947878,river,کڑمان توئے,0,0
77575712,stream,Unnamed Waterway,0,0
77575713,stream,Unnamed Waterway,0,0
77579467,stream,Unnamed Waterway,0,0
77588911,river,Unnamed Waterway,0,0
78279027,river,Shah Alam River,0,0
78315164,river,Naguman River,0,0
78443752,canal,Unnamed Waterway,0,0
78443761,canal,Nasrana Distributary,0,0
78474680,river,Unnamed Waterway,0,0
79604779,canal,Unnamed Waterway,0,0
79671553,stream,Unnamed Waterway,0,0
80215042,stream,Unnamed Waterway,0,0
80228323,river,Lotkoh River,0,0
80240622,stream,Unnamed Waterway,0,0
80258093,stream,Unnamed Waterway,0,0
80258095,stream,Unnamed Waterway,0,0
80258106,river,Unnamed Waterway,0,0
80299231,canal,Unnamed Waterway,0,0
80299242,canal,Unnamed Waterway,0,0
80566647,river,Dhor,0,0
80566649,river,Dhor,0,0
80566800,river,Dhor,0,0
80770926,river,Unnamed Waterway,0,0
81007598,canal,Unnamed Waterway,0,0
81007599,canal,Unnamed Waterway,0,0
81015980,canal,Unnamed Waterway,0,0
81022519,canal,Unnamed Waterway,0,0
81023980,stream,Unnamed Waterway,0,0
81023984,river,Unnamed Waterway,0,0
81024446,canal,Unnamed Waterway,0,0
81025672,canal,Unnamed Waterway,0,0
81633749,river,دریائے سوات,0,0
82307184,river,Unnamed Waterway,0,0
82573048,river,Unnamed Waterway,0,0
82573052,river,Unnamed Waterway,0,0
82573943,stream,Unnamed Waterway,0,0
82573944,stream,Unnamed Waterway,0,0
82573945,stream,Unnamed Waterway,0,0
82575992,canal,Unnamed Waterway,0,0
82576016,canal,Unnamed Waterway,0,0
82660157,river,Unnamed Waterway,0,0
82660158,river,Unnamed Waterway,0,0
82660159,river,Unnamed Waterway,0,0
82660160,river,Unnamed Waterway,0,0
82660161,river,Unnamed Waterway,0,0
82660162,river,Unnamed Waterway,0,0
82660165,river,Unnamed Waterway,0,0
82675324,canal,Unnamed Waterway,0,0
82675329,canal,Unnamed Waterway,0,0
83372777,river,Unnamed Waterway,0,0
83372780,stream,Unnamed Waterway,0,0
83372791,river,Unnamed Waterway,0,0
95058372,canal,Kalri Baghar Feeder,0,0
95058380,river,سنڌو درياھ,0,0
95224287,canal,Unnamed Waterway,0,0
95225044,canal,Unnamed Waterway,0,0
95225905,canal,Unnamed Waterway,0,0
95225909,canal,Unnamed Waterway,0,0
95226910,canal,Tarar Minor,0,0
95226912,canal,Tarar Minor,0,0
95228080,canal,Unnamed Waterway,0,0
95228085,canal,Unnamed Waterway,0,0
95228090,canal,رکھ برانچ,0,0
95228094,canal,Unnamed Waterway,0,0
103159626,canal,Unnamed Waterway,0,0
103159631,canal,Unnamed Waterway,0,0
107211567,canal,Gang Canal,0,0
115653835,canal,Unnamed Waterway,0,0
117298080,canal,Unnamed Waterway,0,0
117298168,canal,Unnamed Waterway,0,0
121040821,canal,Unnamed Waterway,0,0
121040885,canal,Unnamed Waterway,0,0
123556792,river,Unnamed Waterway,0,0
123556793,river,Unnamed Waterway,0,0
126606859,river,نالہ ڈیک,0,0
126615952,river,Aik River,0,0
126615953,stream,Unnamed Waterway,0,0
126906459,river,Menthar,0,0
126906464,river,Unnamed Waterway,0,0
126912287,canal,Unnamed Waterway,0,0
126912294,canal,Unnamed Waterway,0,0
126912295,stream,Unnamed Waterway,0,0
126912300,stream,Unnamed Waterway,0,0
126912307,river,Unnamed Waterway,0,0
126912311,river,Manawar Tawi,0,0
126912328,river,Manawar Tawi,0,0
130511446,canal,Lower Chenab Canal,0,0
130511448,river,رکھ برانچ نہر,0,0
131715648,stream,Unnamed Waterway,0,0
132242558,canal,Unnamed Waterway,0,0
132242559,canal,Unnamed Waterway,0,0
132243152,canal,Unnamed Waterway,0,0
132247058,canal,Unnamed Waterway,0,0
132558312,canal,Indira Gandhi Canal,0,0
132569447,canal,Unnamed Waterway,0,0
133504260,canal,Unnamed Waterway,0,0
133504262,canal,Unnamed Waterway,0,0
133504263,canal,Unnamed Waterway,0,0
133504264,canal,Unnamed Waterway,0,0
133504266,canal,Unnamed Waterway,0,0
133504267,canal,Unnamed Waterway,0,0
146791077,canal,Bedian Distributary,0,0
146791078,canal,Upper Doab Canal,0,0
146791088,canal,Upper Bari Doab Canal - Main branch,0,0
146797755,canal,Pakpattan Canal,0,0
146797756,canal,اپر پاکپتن نہر,0,0
146803353,canal,Unnamed Waterway,0,0
146803374,stream,Kasur nalla,0,0
146803379,canal,Unnamed Waterway,0,0
150783428,canal,Unnamed Waterway,0,0
151553658,canal,Unnamed Waterway,0,0
151791998,canal,Unnamed Waterway,0,0
151957892,river,Unnamed Waterway,0,0
153790183,canal,Unnamed Waterway,0,0
154459255,river,Unnamed Waterway,0,0
154873626,river,Unnamed Waterway,0,0
154882077,canal,Unnamed Waterway,0,0
155323073,canal,Unnamed Waterway,0,0
155323082,canal,Unnamed Waterway,0,0
155514704,canal,Unnamed Waterway,0,0
155515910,canal,Unnamed Waterway,0,0
155869466,river,Kalapani,0,0
155869467,river,Barwai Lungma,0,0
155869468,river,Unnamed Waterway,0,0
155869470,river,درائے شنگھو,0,0
155869472,stream,Unnamed Waterway,0,0
155869478,river,Karapchu Nar,0,0
155869481,stream,Satpara Gol,0,0
155869482,stream,Karkit Chu,0,0
155869484,river,Tukziwai Lungma,0,0
155869490,river,Shigar,0,0
157270870,canal,Unnamed Waterway,0,0
157271619,canal,Unnamed Waterway,0,0
157373975,canal,Unnamed Waterway,0,0
158583520,stream,Unnamed Waterway,0,0
159235841,canal,Unnamed Waterway,0,0
159470860,canal,Unnamed Waterway,0,0
159470868,canal,Unnamed Waterway,0,0
159748453,canal,Unnamed Waterway,0,0
159748469,river,Unnamed Waterway,0,0
159748501,canal,Unnamed Waterway,0,0
159748543,river,Unnamed Waterway,0,0
161904306,stream,Unnamed Waterway,0,0
166350110,river,دریائے توی,0,0
167812902,river,دریائے نیلم,0,0
167812903,river,دریائے نیلم,0,0
168166350,stream,Aik Nalah,0,0
168166351,river,Aik Nala,0,0
170221022,canal,Unnamed Waterway,0,0
170221027,canal,Unnamed Waterway,0,0
170221028,canal,Unnamed Waterway,0,0
170232190,canal,Unnamed Waterway,0,0
170311007,canal,Unnamed Waterway,0,0
170315540,canal,Unnamed Waterway,0,0
170316493,river,Unnamed Waterway,0,0
170316499,river,Unnamed Waterway,0,0
170316500,river,Unnamed Waterway,0,0
170317556,canal,Unnamed Waterway,0,0
170317606,canal,Unnamed Waterway,0,0
170335077,canal,Unnamed Waterway,0,0
170335648,river,Unnamed Waterway,0,0
170336101,canal,Unnamed Waterway,0,0
170719572,canal,Unnamed Waterway,0,0
170719575,canal,Unnamed Waterway,0,0
170724884,canal,Murad Canal,0,0
170750729,stream,Unnamed Waterway,0,0
170750731,river,Unnamed Waterway,0,0
170750733,river,Unnamed Waterway,0,0
170751768,stream,Unnamed Waterway,0,0
170751891,river,Unnamed Waterway,0,0
170840572,stream,Unnamed Waterway,0,0
170840573,stream,Unnamed Waterway,0,0
170840575,stream,Unnamed Waterway,0,0
170840576,stream,Unnamed Waterway,0,0
170841496,river,Unnamed Waterway,0,0
170841947,stream,Unnamed Waterway,0,0
170844435,stream,Landa Toi,0,0
172109827,canal,Unnamed Waterway,0,0
172244754,canal,Unnamed Waterway,0,0
172244755,canal,Unnamed Waterway,0,0
172244756,canal,Unnamed Waterway,0,0
172244758,canal,Unnamed Waterway,0,0
172244761,canal,Unnamed Waterway,0,0
172660440,canal,Unnamed Waterway,0,0
172660712,canal,Unnamed Waterway,0,0
172665933,canal,Unnamed Waterway,0,0
172666460,canal,Unnamed Waterway,0,0
173572291,river,Unnamed Waterway,0,0
173572292,river,Unnamed Waterway,0,0
173572372,river,Unnamed Waterway,0,0
174079981,canal,Unnamed Waterway,0,0
176615099,canal,Unnamed Waterway,0,0
176615813,canal,Unnamed Waterway,0,0
176617090,canal,Unnamed Waterway,0,0
177903760,stream,Unnamed Waterway,0,0
177903761,stream,Unnamed Waterway,0,0
178151235,stream,Khaira Distributory,0,0
178151236,stream,Khaira Distributory,0,0
178151238,stream,Khaira Distributory,0,0
178151345,canal,Satto Katla Drain,0,0
178151346,canal,Unnamed Waterway,0,0
178220237,canal,Unnamed Waterway,0,0
178221389,canal,Unnamed Waterway,0,0
178223744,canal,Unnamed Waterway,0,0
178224535,canal,Unnamed Waterway,0,0
178557113,canal,Unnamed Waterway,0,0
178557306,canal,Unnamed Waterway,0,0
178688832,canal,Unnamed Waterway,0,0
178726316,canal,Unnamed Waterway,0,0
179113282,canal,Unnamed Waterway,0,0
179115493,canal,Unnamed Waterway,0,0
179491180,river,Chenab River,0,0
180330618,canal,Unnamed Waterway,0,0
180330644,canal,لوئر پاکپتن نہر,0,0
180331021,canal,Unnamed Waterway,0,0
181752035,canal,Unnamed Waterway,0,0
181752298,canal,Unnamed Waterway,0,0
181813482,stream,Gang,0,0
181813486,stream,Gang,0,0
182442441,canal,Unnamed Waterway,0,0
182445928,canal,Unnamed Waterway,0,0
182445937,canal,Unnamed Waterway,0,0
182445939,canal,Unnamed Waterway,0,0
182445948,canal,Unnamed Waterway,0,0
182445949,canal,Unnamed Waterway,0,0
182445950,canal,Unnamed Waterway,0,0
182445952,canal,Unnamed Waterway,0,0
182446746,canal,Unnamed Waterway,0,0
182446747,canal,Unnamed Waterway,0,0
182502254,canal,Unnamed Waterway,0,0
182502256,canal,Unnamed Waterway,0,0
182502257,canal,Mohajir Branch,0,0
182502259,canal,Nurewala Branch (Thal Canal),0,0
182502260,canal,Unnamed Waterway,0,0
182586644,stream,Unnamed Waterway,0,0
182930662,canal,Warah Canal,0,0
183218628,canal,Unnamed Waterway,0,0
183254246,river,Unnamed Waterway,0,0
183254247,river,Unnamed Waterway,0,0
183469771,canal,Unnamed Waterway,0,0
184187371,river,ٹانک زام,0,0
184187373,river,Unnamed Waterway,0,0
184674694,river,Unnamed Waterway,0,0
185041323,river,دریائے توچی,0,0
185041848,river,Unnamed Waterway,0,0
186691865,river,دریائے پونچھ,0,0
186724032,river,Unnamed Waterway,0,0
187005336,river,Unnamed Waterway,0,0
187042978,river,Unnamed Waterway,0,0
187529041,river,Unnamed Waterway,0,0
187544167,river,Unnamed Waterway,0,0
187661999,river,ہجیرہ نالہ,0,0
187664081,river,Telian Nala,0,0
187697146,river,کانسی ندی,0,0
187726394,river,Unnamed Waterway,0,0
187728195,river,Unnamed Waterway,0,0
187819045,stream,Unnamed Waterway,0,0
187819051,canal,Unnamed Waterway,0,0
189126835,canal,Unnamed Waterway,0,0
189126847,canal,Unnamed Waterway,0,0
189226572,canal,Unnamed Waterway,0,0
189226580,canal,Unnamed Waterway,0,0
189226583,canal,Unnamed Waterway,0,0
189263244,canal,Unnamed Waterway,0,0
189263255,canal,Unnamed Waterway,0,0
189263267,canal,Unnamed Waterway,0,0
189263277,canal,Unnamed Waterway,0,0
189263283,canal,Unnamed Waterway,0,0
189263284,canal,Unnamed Waterway,0,0
189263289,canal,Unnamed Waterway,0,0
191713310,stream,Unnamed Waterway,0,0
191713311,stream,Kassi,0,0
191713312,stream,Unnamed Waterway,0,0
192115421,canal,Unnamed Waterway,0,0
192116835,canal,Unnamed Waterway,0,0
192494487,canal,Unnamed Waterway,0,0
192498179,canal,Unnamed Waterway,0,0
192549114,canal,Nurpur Distributary,0,0
192640846,river,دریائے توچی,0,0
192640847,river,Shina Algad,0,0
192704557,canal,Babana Distributary,0,0
192763460,river,Unnamed Waterway,0,0
192763468,stream,Unnamed Waterway,0,0
192763471,river,Unnamed Waterway,0,0
192763475,stream,Unnamed Waterway,0,0
192763481,stream,Unnamed Waterway,0,0
192763484,stream,Unnamed Waterway,0,0
193099995,canal,Unnamed Waterway,0,0
193344129,canal,Unnamed Waterway,0,0
193352934,canal,Unnamed Waterway,0,0
193378090,stream,Unnamed Waterway,0,0
193551692,canal,Unnamed Waterway,0,0
193786418,canal,Sheikhupura Distributary,0,0
193795181,canal,Unnamed Waterway,0,0
194821484,river,ٹانک زام,0,0
194821485,river,ٹانک زام,0,0
194822016,river,Baran River,0,0
194834393,canal,Unnamed Waterway,0,0
194834398,canal,Naushahra Distributary,0,0
195015956,canal,Unnamed Waterway,0,0
195015968,canal,Gajiana Distributary,0,0
195143725,stream,Aik Nalah,0,0
195143745,stream,Aik Nalah,0,0
195431652,canal,Unnamed Waterway,0,0
195431667,stream,Nala Palkhu,0,0
200677639,canal,Naushahra Distributary,0,0
200841746,canal,Palangpur Drain,0,0
200900265,stream,Unnamed Waterway,0,0
200900266,canal,Jondoke Distributary,0,0
200900267,canal,Hinduana Escape Canal,0,0
201337295,canal,Jandoki Distributary,0,0
201486020,canal,Bucherkana Distributary,0,0
201486022,canal,Hudiara Drain,0,0
202062118,river,克勒青河 دریائے شکسگام,0,0
202062119,river,克勒青河,0,0
202062120,river,دریائے برالدو,0,0
202349730,canal,Jandoki Distributary,0,0
202595507,canal,Madhora Distributary,0,0
202740860,canal,Hujjari Distributary,0,0
202882196,canal,Unnamed Waterway,0,0
202882198,canal,Unnamed Waterway,0,0
202884031,canal,Unnamed Waterway,0,0
203376496,canal,Unnamed Waterway,0,0
203376499,canal,Unnamed Waterway,0,0
203376501,canal,Unnamed Waterway,0,0
203408167,canal,Unnamed Waterway,0,0
203408168,canal,Unnamed Waterway,0,0
203409843,canal,Unnamed Waterway,0,0
203410448,river,بیگاری کینال,0,0
206818926,canal,Unnamed Waterway,0,0
206818927,canal,Unnamed Waterway,0,0
206819074,canal,Unnamed Waterway,0,0
206851963,canal,Unnamed Waterway,0,0
206851964,canal,Unnamed Waterway,0,0
206851965,canal,Rohi Nala chak 65 to Bhail,0,0
206852731,canal,Unnamed Waterway,0,0
206855786,canal,Unnamed Waterway,0,0
206856270,canal,Unnamed Waterway,0,0
206856824,canal,Unnamed Waterway,0,0
206857789,canal,Raiwind Distributary,0,0
206857922,canal,Unnamed Waterway,0,0
206857923,canal,Unnamed Waterway,0,0
206905024,canal,Unnamed Waterway,0,0
206971410,canal,Unnamed Waterway,0,0
206975175,canal,Unnamed Waterway,0,0
206975178,canal,Unnamed Waterway,0,0
207364335,river,شاہپور برانچ کینال,0,0
207837913,canal,Nokhar Branch,0,0
210117481,stream,Bhimber Nala,0,0
218730392,stream,Unnamed Waterway,0,0
218730393,canal,Unnamed Waterway,0,0
218740615,stream,Unnamed Waterway,0,0
218740617,stream,Unnamed Waterway,0,0
218740622,stream,Unnamed Waterway,0,0
218755788,river,Unnamed Waterway,0,0
218755789,stream,Unnamed Waterway,0,0
218755790,canal,Pehur Main Canal,0,0
218755792,canal,Unnamed Waterway,0,0
218755796,river,Unnamed Waterway,0,0
218755797,river,Unnamed Waterway,0,0
218761421,stream,Unnamed Waterway,0,0
218779049,canal,Unnamed Waterway,0,0
218779051,canal,Unnamed Waterway,0,0
218781157,stream,Unnamed Waterway,0,0
218781158,stream,Unnamed Waterway,0,0
218805476,stream,Unnamed Waterway,0,0
218813184,stream,Unnamed Waterway,0,0
218814080,canal,Unnamed Waterway,0,0
218814081,canal,Unnamed Waterway,0,0
218814082,canal,Unnamed Waterway,0,0
218814083,canal,Unnamed Waterway,0,0
218814084,canal,Unnamed Waterway,0,0
218814085,canal,Unnamed Waterway,0,0
218814086,canal,Unnamed Waterway,0,0
218814087,canal,Unnamed Waterway,0,0
218814088,canal,Unnamed Waterway,0,0
218814089,canal,Unnamed Waterway,0,0
218814090,canal,Unnamed Waterway,0,0
218814091,canal,Unnamed Waterway,0,0
218814092,canal,Unnamed Waterway,0,0
218814093,canal,Unnamed Waterway,0,0
219287227,canal,Unnamed Waterway,0,0
219287228,canal,Unnamed Waterway,0,0
219287229,canal,Unnamed Waterway,0,0
219287230,canal,Unnamed Waterway,0,0
219287231,canal,Unnamed Waterway,0,0
219287233,river,Unnamed Waterway,0,0
219287240,canal,Unnamed Waterway,0,0
219287241,canal,Unnamed Waterway,0,0
219290014,canal,Unnamed Waterway,0,0
219290017,canal,Unnamed Waterway,0,0
219290026,canal,Unnamed Waterway,0,0
219290028,canal,Unnamed Waterway,0,0
219290039,canal,کینال روڈ,0,0
219290043,canal,Unnamed Waterway,0,0
219290046,canal,Unnamed Waterway,0,0
219290048,canal,Unnamed Waterway,0,0
219290050,canal,Unnamed Waterway,0,0
219290052,canal,Unnamed Waterway,0,0
219290054,canal,Unnamed Waterway,0,0
219290055,canal,Unnamed Waterway,0,0
219290056,canal,کینال روڈ,0,0
219355043,canal,Unnamed Waterway,0,0
219355045,canal,Unnamed Waterway,0,0
219355046,canal,Unnamed Waterway,0,0
219355047,canal,Unnamed Waterway,0,0
219355048,canal,Unnamed Waterway,0,0
219355049,canal,Unnamed Waterway,0,0
219568026,river,Unnamed Waterway,0,0
219568027,river,Unnamed Waterway,0,0
219568028,river,Unnamed Waterway,0,0
219568029,river,Parkini Kaur,0,0
219568034,river,Unnamed Waterway,0,0
219568038,river,Unnamed Waterway,0,0
219568044,river,Unnamed Waterway,0,0
219568051,stream,Unnamed Waterway,0,0
220484526,river,درال خوڑ,0,0
223636775,canal,Unnamed Waterway,0,0
223636920,canal,Unnamed Waterway,0,0
224686650,stream,Unnamed Waterway,0,0
224686651,stream,Unnamed Waterway,0,0
224686914,river,Unnamed Waterway,0,0
224688813,river,Unnamed Waterway,0,0
224688814,river,Unnamed Waterway,0,0
224688815,river,Unnamed Waterway,0,0
224688816,stream,Unnamed Waterway,0,0
224688817,stream,Unnamed Waterway,0,0
224688818,stream,Unnamed Waterway,0,0
224688819,stream,Unnamed Waterway,0,0
224688820,stream,Unnamed Waterway,0,0
224688821,stream,Unnamed Waterway,0,0
224688822,river,Unnamed Waterway,0,0
224689166,stream,Unnamed Waterway,0,0
224689167,river,Unnamed Waterway,0,0
224689168,stream,Unnamed Waterway,0,0
224689169,river,Unnamed Waterway,0,0
224689170,stream,Unnamed Waterway,0,0
224689171,river,Unnamed Waterway,0,0
224689172,river,Unnamed Waterway,0,0
224689407,river,Unnamed Waterway,0,0
224689408,stream,Unnamed Waterway,0,0
224689409,river,Unnamed Waterway,0,0
224689410,stream,Unnamed Waterway,0,0
224689411,stream,Unnamed Waterway,0,0
224689412,stream,Unnamed Waterway,0,0
224697948,river,Unnamed Waterway,0,0
224697949,river,Unnamed Waterway,0,0
224697950,river,Unnamed Waterway,0,0
224697951,river,Unnamed Waterway,0,0
224697952,river,Unnamed Waterway,0,0
224697953,river,Unnamed Waterway,0,0
224697954,river,Unnamed Waterway,0,0
224697955,river,Unnamed Waterway,0,0
224697956,river,Unnamed Waterway,0,0
224697957,river,Unnamed Waterway,0,0
224698004,river,Unnamed Waterway,0,0
224698005,river,Unnamed Waterway,0,0
224698006,river,Unnamed Waterway,0,0
224698007,stream,Unnamed Waterway,0,0
224698008,river,Unnamed Waterway,0,0
224698009,stream,Unnamed Waterway,0,0
224698010,river,Unnamed Waterway,0,0
224698153,stream,Unnamed Waterway,0,0
224698154,river,Unnamed Waterway,0,0
224698155,river,Unnamed Waterway,0,0
224698156,river,Unnamed Waterway,0,0
224698157,river,Unnamed Waterway,0,0
224698158,river,Unnamed Waterway,0,0
224698381,stream,Unnamed Waterway,0,0
224698382,stream,Unnamed Waterway,0,0
224698383,river,Unnamed Waterway,0,0
224698384,stream,Unnamed Waterway,0,0
224698385,river,Unnamed Waterway,0,0
224698386,river,Unnamed Waterway,0,0
224698393,river,Unnamed Waterway,0,0
224698394,river,Unnamed Waterway,0,0
224698465,stream,Unnamed Waterway,0,0
224698466,river,Unnamed Waterway,0,0
224698467,river,Unnamed Waterway,0,0
224698468,river,Unnamed Waterway,0,0
224698469,river,Unnamed Waterway,0,0
224698470,river,Unnamed Waterway,0,0
224698471,river,Unnamed Waterway,0,0
224698501,river,Unnamed Waterway,0,0
224698502,river,Unnamed Waterway,0,0
224698593,river,Unnamed Waterway,0,0
224698594,river,Unnamed Waterway,0,0
224698689,river,Unnamed Waterway,0,0
224698690,river,Unnamed Waterway,0,0
224698691,stream,Unnamed Waterway,0,0
224698692,river,Unnamed Waterway,0,0
224698693,river,Unnamed Waterway,0,0
224698694,river,Unnamed Waterway,0,0
224698695,stream,Unnamed Waterway,0,0
224698772,river,Unnamed Waterway,0,0
224698932,river,Unnamed Waterway,0,0
224698933,river,Unnamed Waterway,0,0
224698934,river,Unnamed Waterway,0,0
224698935,river,Unnamed Waterway,0,0
224699235,river,Unnamed Waterway,0,0
224699236,river,Unnamed Waterway,0,0
224699237,river,Unnamed Waterway,0,0
224699238,river,Unnamed Waterway,0,0
225276911,river,Unnamed Waterway,0,0
226244995,stream,Unnamed Waterway,0,0
226244996,stream,Unnamed Waterway,0,0
226244997,stream,Unnamed Waterway,0,0
226244998,stream,Unnamed Waterway,0,0
226244999,stream,Unnamed Waterway,0,0
226884957,stream,Unnamed Waterway,0,0
226886672,stream,Unnamed Waterway,0,0
226886673,stream,Unnamed Waterway,0,0
226886674,stream,Unnamed Waterway,0,0
227833869,river,چـوڑا خـوڑ,0,0
228890057,stream,Unnamed Waterway,0,0
228891308,stream,Unnamed Waterway,0,0
228892776,river,Siran River,0,0
229936105,river,Nala Palkhu,0,0
230340113,stream,Unnamed Waterway,0,0
230560866,stream,Unnamed Waterway,0,0
230560870,stream,Unnamed Waterway,0,0
230686478,stream,Unnamed Waterway,0,0
230686480,stream,Unnamed Waterway,0,0
231218049,stream,Unnamed Waterway,0,0
231218050,stream,Unnamed Waterway,0,0
231307758,stream,Unnamed Waterway,0,0
231307763,river,Unnamed Waterway,0,0
231307785,stream,Unnamed Waterway,0,0
231307787,stream,Unnamed Waterway,0,0
231807832,river,دریائے جہلم,0,0
231809936,stream,Unnamed Waterway,0,0
231811890,stream,Unnamed Waterway,0,0
231812594,river,Unnamed Waterway,0,0
231820049,stream,Unnamed Waterway,0,0
231824815,stream,Unnamed Waterway,0,0
231826330,stream,Unnamed Waterway,0,0
231826334,stream,Unnamed Waterway,0,0
231907196,stream,Unnamed Waterway,0,0
231907434,stream,Unnamed Waterway,0,0
231907436,stream,Unnamed Waterway,0,0
231908223,river,Unnamed Waterway,0,0
231910492,stream,Unnamed Waterway,0,0
231910724,stream,Unnamed Waterway,0,0
231912663,stream,Unnamed Waterway,0,0
231916111,stream,Unnamed Waterway,0,0
231916114,river,Unnamed Waterway,0,0
231916688,stream,Unnamed Waterway,0,0
232136820,river,دریائے جہلم,0,0
232250815,river,دیگ نالہ,0,0
232250816,river,Unnamed Waterway,0,0
232250817,stream,Unnamed Waterway,0,0
232250819,stream,Unnamed Waterway,0,0
232301030,canal,Hudiara Drain,0,0
232451940,canal,Unnamed Waterway,0,0
232459713,canal,Unnamed Waterway,0,0
232459719,canal,Unnamed Waterway,0,0
232459724,canal,Unnamed Waterway,0,0
232459727,river,Unnamed Waterway,0,0
232459728,canal,Unnamed Waterway,0,0
232459729,canal,Unnamed Waterway,0,0
232466815,river,دریائے راوی,0,0
232466845,river,Unnamed Waterway,0,0
232466848,canal,Muridke Distributary,0,0
232466850,river,Unnamed Waterway,0,0
232466851,stream,Unnamed Waterway,0,0
232466852,river,Unnamed Waterway,0,0
232469465,canal,Unnamed Waterway,0,0
232469471,canal,Kotli Escape,0,0
232473977,river,Unnamed Waterway,0,0
232473978,stream,Karir Nallah,0,0
232473981,river,بسنتر ندی,0,0
232473982,river,Unnamed Waterway,0,0
232481836,stream,Unnamed Waterway,0,0
232849395,canal,Unnamed Waterway,0,0
232849397,canal,Unnamed Waterway,0,0
232850051,canal,Unnamed Waterway,0,0
232850052,canal,Drain,0,0
232850053,canal,Lower Chenab Canal,0,0
232850054,canal,میان علی برانچ,0,0
232852987,canal,دھراب,0,0
232854460,stream,Unnamed Waterway,0,0
232864064,river,نہر شاہپور برانچ,0,0
232864078,canal,Ratto Kala Canal,0,0
232873832,canal,Unnamed Waterway,0,0
232873833,canal,Deowal Distributary,0,0
232873837,stream,Unnamed Waterway,0,0
232873853,stream,Unnamed Waterway,0,0
232873861,canal,Unnamed Waterway,0,0
232873875,stream,Unnamed Waterway,0,0
232873881,river,Lalian Distributary,0,0
232873899,canal,Unnamed Waterway,0,0
232911769,canal,لوئر چناب نہر,0,0
233075923,river,نالہ گھان,0,0
233080044,river,Unnamed Waterway,0,0
233150780,river,Paneand Nala,0,0
233190274,river,Paleharan Tributery,0,0
233190279,stream,Paleharan Tributry,0,0
233344328,river,بھمبر نالہ,0,0
233473377,river,Nala,0,0
233479493,canal,Sheikhupura Distributary,0,0
233497549,stream,Unnamed Waterway,0,0
233497552,canal,Unnamed Waterway,0,0
233497564,canal,Unnamed Waterway,0,0
233499622,canal,Gajiana Distributary,0,0
233499632,canal,Mananwala Distributary,0,0
233499649,canal,Unnamed Waterway,0,0
233499659,canal,Waran Minor,0,0
233518357,canal,Kuralke Minor,0,0
233518378,canal,Sheikhupura Drain,0,0
233518380,stream,Unnamed Waterway,0,0
233518394,river,Unnamed Waterway,0,0
233518435,canal,Unnamed Waterway,0,0
233518437,canal,کالا شاہ کاکو برانچ,0,0
233525379,canal,Shahdara Distributary Canal,0,0
233613217,canal,Unnamed Waterway,0,0
233619640,canal,Unnamed Waterway,0,0
233703214,canal,Unnamed Waterway,0,0
233706820,stream,Unnamed Waterway,0,0
233706821,canal,Unnamed Waterway,0,0
233747287,canal,Unnamed Waterway,0,0
233811557,stream,Unnamed Waterway,0,0
233811558,stream,Unnamed Waterway,0,0
233812881,stream,Unnamed Waterway,0,0
233839926,canal,Unnamed Waterway,0,0
233839927,canal,Unnamed Waterway,0,0
233839928,canal,Unnamed Waterway,0,0
233839934,canal,Unnamed Waterway,0,0
233893585,river,Unnamed Waterway,0,0
234053480,canal,Unnamed Waterway,0,0
234059679,canal,Unnamed Waterway,0,0
234063428,canal,Unnamed Waterway,0,0
234065800,stream,Unnamed Waterway,0,0
234149192,river,Dawara,0,0
234149193,stream,Choi,0,0
234212231,canal,Unnamed Waterway,0,0
234216011,river,Unnamed Waterway,0,0
234216013,river,Unnamed Waterway,0,0
234265952,stream,Unnamed Waterway,0,0
234405282,canal,Unnamed Waterway,0,0
234416715,canal,Unnamed Waterway,0,0
234416718,canal,Unnamed Waterway,0,0
234434343,river,شاہپور برانچ کینال,0,0
234434344,river,نہر شاہپور برانچ,0,0
234434345,canal,Unnamed Waterway,0,0
234512051,canal,Unnamed Waterway,0,0
234513511,canal,Unnamed Waterway,0,0
234521477,canal,Unnamed Waterway,0,0
234541480,stream,Unnamed Waterway,0,0
234541492,stream,Nikka Nadi,0,0
234544189,stream,Unnamed Waterway,0,0
234738139,stream,Unnamed Waterway,0,0
234740119,river,Chambir RIver,0,0
234773674,river,سوج کاس,0,0
234865714,stream,Unnamed Waterway,0,0
234866696,stream,Unnamed Waterway,0,0
234883308,stream,Unnamed Waterway,0,0
234899456,river,Unnamed Waterway,0,0
234956710,river,Unnamed Waterway,0,0
234968747,stream,Unnamed Waterway,0,0
234991067,stream,Unnamed Waterway,0,0
235083104,river,Unnamed Waterway,0,0
235142152,stream,Halsi Naala,0,0
235323127,stream,Unnamed Waterway,0,0
235323128,stream,Unnamed Waterway,0,0
235340836,stream,Unnamed Waterway,0,0
235588276,canal,Kot Naja Minor,0,0
235588277,river,Chenab Escape,0,0
235588278,canal,Unnamed Waterway,0,0
235588281,canal,Unnamed Waterway,0,0
235592285,canal,Unnamed Waterway,0,0
235592287,canal,لوئر جہلم کینا- جنوبی برانچ,0,0
235592291,canal,Unnamed Waterway,0,0
235594249,canal,Kirana Distributary,0,0
235595619,canal,Chaukera Minor,0,0
235595621,canal,Unnamed Waterway,0,0
235767030,canal,Unnamed Waterway,0,0
235767033,canal,Unnamed Waterway,0,0
235781528,river,Chenab,0,0
235781529,river,Chenab,0,0
235788851,canal,لوئر چناب نہر,0,0
235789874,canal,Unnamed Waterway,0,0
235815477,canal,Unnamed Waterway,0,0
235818474,canal,Unnamed Waterway,0,0
235928436,river,Unnamed Waterway,0,0
235940532,canal,Unnamed Waterway,0,0
236284366,canal,Unnamed Waterway,0,0
236289788,canal,پاکپتن اسلام لنک نہر,0,0
236291230,stream,Unnamed Waterway,0,0
236363734,river,Unnamed Waterway,0,0
236363735,river,Unnamed Waterway,0,0
236363736,river,Unnamed Waterway,0,0
236363737,river,Unnamed Waterway,0,0
236363738,river,Unnamed Waterway,0,0
236364963,river,Unnamed Waterway,0,0
236511452,canal,Unnamed Waterway,0,0
236577134,canal,Unnamed Waterway,0,0
236651295,canal,Unnamed Waterway,0,0
236651297,canal,Unnamed Waterway,0,0
236767577,canal,Unnamed Waterway,0,0
236771793,river,Unnamed Waterway,0,0
236783119,stream,Unnamed Waterway,0,0
236783123,canal,Unnamed Waterway,0,0
236811510,canal,Rukan Minor,0,0
236811513,river,لوئر جہلم کینال,0,0
236812331,stream,Unnamed Waterway,0,0
236812333,stream,Unnamed Waterway,0,0
236828135,canal,Unnamed Waterway,0,0
236867361,canal,Unnamed Waterway,0,0
236867362,canal,Unnamed Waterway,0,0
236948962,stream,Unnamed Waterway,0,0
236948963,stream,Unnamed Waterway,0,0
237062913,stream,Unnamed Waterway,0,0
237092654,stream,Unnamed Waterway,0,0
237098771,stream,Unnamed Waterway,0,0
237192614,river,کانسی ندی,0,0
237206460,river,Tainpura Kas,0,0
237206796,river,Unnamed Waterway,0,0
237319335,river,Unnamed Waterway,0,0
237319867,river,Unnamed Waterway,0,0
237616666,stream,Unnamed Waterway,0,0
237616667,stream,Unnamed Waterway,0,0
237616917,stream,Jora Nadi,0,0
237616918,stream,Unnamed Waterway,0,0
237807728,stream,Unnamed Waterway,0,0
238293440,stream,Unnamed Waterway,0,0
238434559,river,دریائے سواں,0,0
239184295,stream,Mashkai River,0,0
239184296,river,Unnamed Waterway,0,0
239186164,river,Unnamed Waterway,0,0
239190753,river,Unnamed Waterway,0,0
239191243,river,Unnamed Waterway,0,0
239191247,river,Unnamed Waterway,0,0
239191815,river,Unnamed Waterway,0,0
239193050,river,Unnamed Waterway,0,0
239195014,river,Unnamed Waterway,0,0
239207316,river,Unnamed Waterway,0,0
239207317,river,Unnamed Waterway,0,0
239207318,river,Unnamed Waterway,0,0
239207457,river,Unnamed Waterway,0,0
239207459,river,Unnamed Waterway,0,0
239207460,river,Unnamed Waterway,0,0
239208544,river,Unnamed Waterway,0,0
239208545,river,Unnamed Waterway,0,0
239208546,river,Unnamed Waterway,0,0
239208547,river,Unnamed Waterway,0,0
239209539,river,Unnamed Waterway,0,0
239209540,river,Unnamed Waterway,0,0
239209541,stream,Unnamed Waterway,0,0
239209542,river,Unnamed Waterway,0,0
239209543,river,Unnamed Waterway,0,0
239209544,stream,Unnamed Waterway,0,0
239251718,stream,Unnamed Waterway,0,0
239251719,stream,Unnamed Waterway,0,0
239251721,river,Unnamed Waterway,0,0
239251722,stream,Unnamed Waterway,0,0
239251723,stream,Unnamed Waterway,0,0
239295227,river,Unnamed Waterway,0,0
239295688,river,Unnamed Waterway,0,0
239296875,stream,Unnamed Waterway,0,0
239296876,stream,Unnamed Waterway,0,0
239298212,stream,Unnamed Waterway,0,0
239315811,river,Unnamed Waterway,0,0
239315813,river,پورالی ندی,0,0
239315818,river,Unnamed Waterway,0,0
239315821,river,Unnamed Waterway,0,0
239315824,river,Unnamed Waterway,0,0
239319642,river,Unnamed Waterway,0,0
239319643,river,Unnamed Waterway,0,0
239320862,stream,Wadero Kaur,0,0
239320863,river,پورالی ندی,0,0
239320864,stream,Wadi Kaur,0,0
239321206,river,Unnamed Waterway,0,0
239321208,river,Unnamed Waterway,0,0
239321209,river,Unnamed Waterway,0,0
239321210,river,Unnamed Waterway,0,0
239321850,river,Unnamed Waterway,0,0
239321851,river,Unnamed Waterway,0,0
239321852,river,Unnamed Waterway,0,0
239321853,stream,Dabandi Kaur,0,0
239321854,stream,Sunari Kaur,0,0
239321858,stream,Unnamed Waterway,0,0
239321860,stream,Unnamed Waterway,0,0
239321864,stream,Unnamed Waterway,0,0
239321867,stream,Unnamed Waterway,0,0
239322896,stream,Sires Kaur,0,0
239323571,river,Unnamed Waterway,0,0
239323572,river,Unnamed Waterway,0,0
239323573,river,Unnamed Waterway,0,0
239323926,river,Unnamed Waterway,0,0
239326007,river,Unnamed Waterway,0,0
239326009,river,Unnamed Waterway,0,0
239326014,stream,Unnamed Waterway,0,0
239326016,river,Unnamed Waterway,0,0
239326019,river,Unnamed Waterway,0,0
239326035,river,Unnamed Waterway,0,0
239326038,river,Unnamed Waterway,0,0
239327448,river,Kud River,0,0
239328662,stream,Unnamed Waterway,0,0
239328663,stream,Unnamed Waterway,0,0
239328665,stream,Unnamed Waterway,0,0
239328666,river,Unnamed Waterway,0,0
239328667,river,Unnamed Waterway,0,0
239328668,river,Unnamed Waterway,0,0
239328669,river,Unnamed Waterway,0,0
239328670,stream,Unnamed Waterway,0,0
239328671,river,Unnamed Waterway,0,0
239329317,river,Unnamed Waterway,0,0
239350137,river,Unnamed Waterway,0,0
239350139,river,Unnamed Waterway,0,0
239350140,stream,Unnamed Waterway,0,0
239352515,river,Unnamed Waterway,0,0
239352516,river,Haibo Kaur,0,0
239352517,river,Unnamed Waterway,0,0
239352518,river,Unnamed Waterway,0,0
239352519,river,Unnamed Waterway,0,0
239352520,river,Unnamed Waterway,0,0
239379370,river,Unnamed Waterway,0,0
239401214,river,Unnamed Waterway,0,0
239405796,stream,Unnamed Waterway,0,0
239405798,river,Unnamed Waterway,0,0
239405799,stream,Unnamed Waterway,0,0
239405800,stream,Unnamed Waterway,0,0
239405801,river,Unnamed Waterway,0,0
239405802,river,Unnamed Waterway,0,0
239405803,stream,Unnamed Waterway,0,0
239415185,river,Unnamed Waterway,0,0
239415186,river,Unnamed Waterway,0,0
239415188,river,Unnamed Waterway,0,0
239415189,river,Unnamed Waterway,0,0
239441292,river,دریائے دشت,0,0
239441373,canal,Unnamed Waterway,0,0
239441375,canal,Unnamed Waterway,0,0
239446621,river,دریائے نهنگ,0,0
239446697,stream,Unnamed Waterway,0,0
239449921,river,دریائے کیچ,0,0
239449922,river,Unnamed Waterway,0,0
239449923,river,Gish,0,0
239449929,river,Unnamed Waterway,0,0
239449930,stream,Unnamed Waterway,0,0
239449931,river,Unnamed Waterway,0,0
239449932,river,Gish,0,0
239453694,river,Mashkel,0,0
239513080,canal,قنات,0,0
239513081,canal,قنات,0,0
239514245,stream,Unnamed Waterway,0,0
239514814,canal,قنات,0,0
239679383,stream,Sra Khula Manda,0,0
239687942,stream,Unnamed Waterway,0,0
239692971,river,Unnamed Waterway,0,0
239759047,stream,Unnamed Waterway,0,0
239765489,river,Unnamed Waterway,0,0
239765494,stream,Unnamed Waterway,0,0
239765499,stream,Unnamed Waterway,0,0
239765503,stream,Unnamed Waterway,0,0
239765505,river,Unnamed Waterway,0,0
239767689,canal,Unnamed Waterway,0,0
239767801,river,Basol,0,0
239767802,stream,Unnamed Waterway,0,0
239768661,stream,Unnamed Waterway,0,0
239768662,stream,Unnamed Waterway,0,0
239769353,river,Unnamed Waterway,0,0
239769355,river,Unnamed Waterway,0,0
239774746,river,Unnamed Waterway,0,0
239774747,river,Unnamed Waterway,0,0
239774748,river,Unnamed Waterway,0,0
239774749,river,Unnamed Waterway,0,0
239774750,river,Unnamed Waterway,0,0
239774751,river,Unnamed Waterway,0,0
239776919,river,Unnamed Waterway,0,0
239780326,river,Unnamed Waterway,0,0
239780327,river,Unnamed Waterway,0,0
239780330,river,Unnamed Waterway,0,0
239780332,river,Unnamed Waterway,0,0
239780335,canal,Unnamed Waterway,0,0
239780924,stream,Unnamed Waterway,0,0
239780925,stream,Unnamed Waterway,0,0
239780926,stream,Unnamed Waterway,0,0
239781988,canal,Unnamed Waterway,0,0
239782534,stream,Unnamed Waterway,0,0
239782536,river,Unnamed Waterway,0,0
239782537,river,Unnamed Waterway,0,0
239782548,river,Unnamed Waterway,0,0
239782552,stream,Unnamed Waterway,0,0
239782556,river,Unnamed Waterway,0,0
239782560,river,Unnamed Waterway,0,0
239782564,river,Unnamed Waterway,0,0
239782574,stream,Unnamed Waterway,0,0
239782575,stream,Unnamed Waterway,0,0
239782576,river,Unnamed Waterway,0,0
239782583,stream,Unnamed Waterway,0,0
239782586,river,Unnamed Waterway,0,0
239790255,river,پورالی ندی,0,0
239790256,stream,Unnamed Waterway,0,0
239790257,river,پورالی ندی,0,0
239790260,river,پورالی ندی,0,0
239790262,stream,Unnamed Waterway,0,0
239790263,stream,Unnamed Waterway,0,0
239790264,stream,Unnamed Waterway,0,0
239790265,river,پورالی ندی,0,0
239790266,stream,Unnamed Waterway,0,0
239790267,river,Unnamed Waterway,0,0
239790268,river,Unnamed Waterway,0,0
239790269,river,Unnamed Waterway,0,0
239790270,river,Unnamed Waterway,0,0
239792125,river,Unnamed Waterway,0,0
239821278,river,Unnamed Waterway,0,0
239828371,river,Unnamed Waterway,0,0
239828372,river,Unnamed Waterway,0,0
239828692,river,Unnamed Waterway,0,0
239849554,river,Unnamed Waterway,0,0
239849555,river,Unnamed Waterway,0,0
239849556,river,Unnamed Waterway,0,0
239849557,river,Unnamed Waterway,0,0
239849558,river,Unnamed Waterway,0,0
239849559,river,Unnamed Waterway,0,0
239849564,river,Unnamed Waterway,0,0
239849565,river,Unnamed Waterway,0,0
239849566,river,Unnamed Waterway,0,0
239849567,river,Unnamed Waterway,0,0
239849568,river,Unnamed Waterway,0,0
239849569,river,Unnamed Waterway,0,0
239849570,river,Unnamed Waterway,0,0
239898118,river,Unnamed Waterway,0,0
239898119,river,Unnamed Waterway,0,0
239898120,canal,Unnamed Waterway,0,0
239898121,canal,Unnamed Waterway,0,0
239898122,river,Unnamed Waterway,0,0
239898123,canal,Unnamed Waterway,0,0
239989092,stream,Unnamed Waterway,0,0
239989107,stream,Unnamed Waterway,0,0
239989108,stream,Unnamed Waterway,0,0
239989114,stream,Unnamed Waterway,0,0
239989115,stream,Unnamed Waterway,0,0
240116490,stream,Unnamed Waterway,0,0
240116491,stream,Unnamed Waterway,0,0
240116493,stream,Unnamed Waterway,0,0
240116494,stream,Unnamed Waterway,0,0
240116502,stream,Unnamed Waterway,0,0
240116504,stream,Unnamed Waterway,0,0
240119232,stream,Unnamed Waterway,0,0
240119233,stream,Unnamed Waterway,0,0
240119234,stream,Unnamed Waterway,0,0
240119235,stream,Unnamed Waterway,0,0
240119236,stream,Unnamed Waterway,0,0
240119237,stream,Unnamed Waterway,0,0
240119238,stream,Unnamed Waterway,0,0
240119239,stream,Unnamed Waterway,0,0
240126124,stream,Unnamed Waterway,0,0
240126125,stream,Unnamed Waterway,0,0
240126126,stream,Unnamed Waterway,0,0
240245607,canal,Unnamed Waterway,0,0
240245608,canal,Unnamed Waterway,0,0
240245609,canal,Unnamed Waterway,0,0
240251007,canal,Unnamed Waterway,0,0
240329260,river,Unnamed Waterway,0,0
240448121,river,Unnamed Waterway,0,0
240534129,canal,Unnamed Waterway,0,0
240552041,canal,Unnamed Waterway,0,0
240552042,canal,Unnamed Waterway,0,0
240552043,river,Char Dhoro,0,0
240552044,canal,Unnamed Waterway,0,0
240619714,river,Unnamed Waterway,0,0
240619719,river,Unnamed Waterway,0,0
240619720,river,Unnamed Waterway,0,0
240619721,river,Unnamed Waterway,0,0
240619722,river,Unnamed Waterway,0,0
240718459,stream,Unnamed Waterway,0,0
240719710,stream,Unnamed Waterway,0,0
240719711,stream,Unnamed Waterway,0,0
240719712,canal,Unnamed Waterway,0,0
240735223,stream,Unnamed Waterway,0,0
240735224,stream,Unnamed Waterway,0,0
240735225,stream,Unnamed Waterway,0,0
240735226,stream,Unnamed Waterway,0,0
240735227,stream,Unnamed Waterway,0,0
240735614,stream,Unnamed Waterway,0,0
240736079,river,Unnamed Waterway,0,0
240736080,stream,Unnamed Waterway,0,0
240736081,stream,Unnamed Waterway,0,0
240736082,stream,Unnamed Waterway,0,0
240736083,river,Unnamed Waterway,0,0
240736084,stream,Unnamed Waterway,0,0
240736085,stream,Unnamed Waterway,0,0
240736086,stream,Unnamed Waterway,0,0
240736087,river,Unnamed Waterway,0,0
240736088,stream,Unnamed Waterway,0,0
240736089,stream,Unnamed Waterway,0,0
240736475,river,Unnamed Waterway,0,0
240741786,stream,Unnamed Waterway,0,0
240851741,stream,Unnamed Waterway,0,0
240851746,stream,Unnamed Waterway,0,0
240851748,stream,Unnamed Waterway,0,0
240851751,river,Unnamed Waterway,0,0
240851753,river,Unnamed Waterway,0,0
240971135,canal,Unnamed Waterway,0,0
240971137,canal,Unnamed Waterway,0,0
241228333,river,Unnamed Waterway,0,0
241228994,stream,Unnamed Waterway,0,0
241229336,river,Unnamed Waterway,0,0
241581029,stream,Unnamed Waterway,0,0
241812236,river,Unnamed Waterway,0,0
241829823,river,Khora River,0,0
241829824,canal,Unnamed Waterway,0,0
241870513,stream,Unnamed Waterway,0,0
241871465,canal,Unnamed Waterway,0,0
241871469,canal,Unnamed Waterway,0,0
241871472,canal,Unnamed Waterway,0,0
241872240,river,Unnamed Waterway,0,0
241892975,river,Unnamed Waterway,0,0
241902464,stream,Unnamed Waterway,0,0
241902465,stream,Unnamed Waterway,0,0
241902467,river,Unnamed Waterway,0,0
241902468,stream,Unnamed Waterway,0,0
241902469,stream,Unnamed Waterway,0,0
241902470,stream,Unnamed Waterway,0,0
241902471,stream,Unnamed Waterway,0,0
241902472,stream,Unnamed Waterway,0,0
241902474,stream,Unnamed Waterway,0,0
241902475,stream,Unnamed Waterway,0,0
241902476,stream,Unnamed Waterway,0,0
241903739,stream,Unnamed Waterway,0,0
241903740,stream,Unnamed Waterway,0,0
241908046,stream,Unnamed Waterway,0,0
241908047,stream,Unnamed Waterway,0,0
241908048,stream,Unnamed Waterway,0,0
241908049,stream,Unnamed Waterway,0,0
241908050,stream,Unnamed Waterway,0,0
241908051,stream,Unnamed Waterway,0,0
241908052,stream,Unnamed Waterway,0,0
241915543,stream,Unnamed Waterway,0,0
241917924,stream,Unnamed Waterway,0,0
241917925,river,Unnamed Waterway,0,0
241917926,stream,Unnamed Waterway,0,0
241925422,stream,Unnamed Waterway,0,0
241925423,river,Unnamed Waterway,0,0
241925424,stream,Unnamed Waterway,0,0
241925425,river,Unnamed Waterway,0,0
241925426,stream,Unnamed Waterway,0,0
241925427,stream,Unnamed Waterway,0,0
241925428,stream,Unnamed Waterway,0,0
241925429,stream,Unnamed Waterway,0,0
241929106,stream,Unnamed Waterway,0,0
241950103,stream,Unnamed Waterway,0,0
241950104,stream,Unnamed Waterway,0,0
241950105,stream,Unnamed Waterway,0,0
241950106,stream,Unnamed Waterway,0,0
241950107,stream,Unnamed Waterway,0,0
241950631,stream,Unnamed Waterway,0,0
241950635,stream,Unnamed Waterway,0,0
241950683,stream,Unnamed Waterway,0,0
241952347,stream,Unnamed Waterway,0,0
241957299,canal,Faruka Distributary,0,0
241957302,canal,Unnamed Waterway,0,0
241957306,canal,Unnamed Waterway,0,0
241957317,canal,Unnamed Waterway,0,0
241993080,canal,Warsak Gravity Canal,0,0
241993081,canal,Unnamed Waterway,0,0
241995603,canal,Unnamed Waterway,0,0
241995604,canal,Unnamed Waterway,0,0
241995605,canal,Naulakhi Branch,0,0
241995607,canal,Unnamed Waterway,0,0
241995608,canal,Unnamed Waterway,0,0
242051733,stream,Unnamed Waterway,0,0
242051734,stream,Unnamed Waterway,0,0
242051736,stream,Unnamed Waterway,0,0
242051737,stream,Unnamed Waterway,0,0
242051738,stream,Unnamed Waterway,0,0
242051739,stream,Unnamed Waterway,0,0
242051742,river,Unnamed Waterway,0,0
242053341,river,Unnamed Waterway,0,0
242053343,stream,Unnamed Waterway,0,0
242053345,stream,Unnamed Waterway,0,0
242053346,stream,Unnamed Waterway,0,0
242053347,stream,Unnamed Waterway,0,0
242053350,stream,Unnamed Waterway,0,0
242055023,river,Unnamed Waterway,0,0
242055025,river,Unnamed Waterway,0,0
242055026,stream,Unnamed Waterway,0,0
242055027,river,Unnamed Waterway,0,0
242075520,canal,لوئر پاکپتن نہر,0,0
242075521,canal,Unnamed Waterway,0,0
242075523,canal,Unnamed Waterway,0,0
242075524,canal,Unnamed Waterway,0,0
242075525,canal,Unnamed Waterway,0,0
242166724,stream,Unnamed Waterway,0,0
242206378,stream,Unnamed Waterway,0,0
242241238,stream,Unnamed Waterway,0,0
242264890,stream,Unnamed Waterway,0,0
242269435,river,Unnamed Waterway,0,0
242269447,stream,Unnamed Waterway,0,0
242269459,stream,Unnamed Waterway,0,0
242277452,river,Unnamed Waterway,0,0
242277878,stream,Unnamed Waterway,0,0
242277879,river,Unnamed Waterway,0,0
242277880,stream,Unnamed Waterway,0,0
242277881,stream,Unnamed Waterway,0,0
242277882,stream,Unnamed Waterway,0,0
242277883,river,Unnamed Waterway,0,0
242277884,river,Unnamed Waterway,0,0
242277885,stream,Unnamed Waterway,0,0
242277886,stream,Unnamed Waterway,0,0
242277887,stream,Unnamed Waterway,0,0
242277888,stream,Unnamed Waterway,0,0
242277889,river,Unnamed Waterway,0,0
242277890,stream,Unnamed Waterway,0,0
242277891,river,Unnamed Waterway,0,0
242277893,stream,Unnamed Waterway,0,0
242277894,river,Unnamed Waterway,0,0
242277895,stream,Unnamed Waterway,0,0
242277896,stream,Unnamed Waterway,0,0
242277898,stream,Unnamed Waterway,0,0
242277899,stream,Unnamed Waterway,0,0
242277900,stream,Unnamed Waterway,0,0
242277901,stream,Unnamed Waterway,0,0
242277902,stream,Unnamed Waterway,0,0
242277903,river,Unnamed Waterway,0,0
242277904,river,Unnamed Waterway,0,0
242283947,canal,Unnamed Waterway,0,0
242295343,river,Unnamed Waterway,0,0
242295344,river,Unnamed Waterway,0,0
242295346,stream,Unnamed Waterway,0,0
242297471,river,Unnamed Waterway,0,0
242297473,river,Unnamed Waterway,0,0
242297474,river,Unnamed Waterway,0,0
242299320,canal,Unnamed Waterway,0,0
242299323,canal,Unnamed Waterway,0,0
242300609,river,Unnamed Waterway,0,0
242301368,river,Unnamed Waterway,0,0
242301370,river,Unnamed Waterway,0,0
242302388,river,Unnamed Waterway,0,0
242346179,stream,Unnamed Waterway,0,0
242346180,stream,Unnamed Waterway,0,0
242346181,stream,Unnamed Waterway,0,0
242346182,stream,Unnamed Waterway,0,0
242346184,stream,Unnamed Waterway,0,0
242346187,stream,Unnamed Waterway,0,0
242346188,stream,Unnamed Waterway,0,0
242346271,stream,Unnamed Waterway,0,0
242388694,stream,Unnamed Waterway,0,0
242400703,stream,Unnamed Waterway,0,0
242436278,canal,Bhallowal Distributary,0,0
242442816,canal,Mianwal Distributary,0,0
242445744,canal,Unnamed Waterway,0,0
242445745,canal,Unnamed Waterway,0,0
242446148,canal,Unnamed Waterway,0,0
242518862,stream,Unnamed Waterway,0,0
242530269,stream,Unnamed Waterway,0,0
242530270,stream,Unnamed Waterway,0,0
242530271,stream,Unnamed Waterway,0,0
242530272,stream,Unnamed Waterway,0,0
242530273,stream,Unnamed Waterway,0,0
242530274,stream,Unnamed Waterway,0,0
242530276,stream,Unnamed Waterway,0,0
242530280,stream,Unnamed Waterway,0,0
242530281,stream,Unnamed Waterway,0,0
242530282,stream,Unnamed Waterway,0,0
242530283,stream,Unnamed Waterway,0,0
242532916,river,Unnamed Waterway,0,0
242532930,river,Unnamed Waterway,0,0
242532940,river,Unnamed Waterway,0,0
242532945,stream,Unnamed Waterway,0,0
242532946,river,Unnamed Waterway,0,0
242548926,river,Unnamed Waterway,0,0
242548927,canal,Unnamed Waterway,0,0
242549923,stream,Unnamed Waterway,0,0
242549934,stream,Unnamed Waterway,0,0
242549935,stream,Unnamed Waterway,0,0
242549936,stream,Unnamed Waterway,0,0
242549937,stream,Unnamed Waterway,0,0
242550734,canal,Unnamed Waterway,0,0
242581760,canal,Unnamed Waterway,0,0
242581769,canal,Unnamed Waterway,0,0
242581770,canal,Unnamed Waterway,0,0
242581771,canal,Unnamed Waterway,0,0
242581772,canal,Unnamed Waterway,0,0
242668375,river,Unnamed Waterway,0,0
242668376,river,Unnamed Waterway,0,0
242668377,river,Unnamed Waterway,0,0
242690495,river,Unnamed Waterway,0,0
242690496,river,Unnamed Waterway,0,0
242690497,river,Unnamed Waterway,0,0
242690873,stream,Unnamed Waterway,0,0
242690874,stream,Unnamed Waterway,0,0
242690875,stream,Unnamed Waterway,0,0
242691091,stream,Unnamed Waterway,0,0
242691092,stream,Unnamed Waterway,0,0
242706697,canal,Unnamed Waterway,0,0
242877154,canal,Unnamed Waterway,0,0
242877155,canal,Unnamed Waterway,0,0
243046750,stream,Unnamed Waterway,0,0
243046754,stream,Unnamed Waterway,0,0
243147162,canal,Unnamed Waterway,0,0
243147164,canal,Unnamed Waterway,0,0
243147165,river,Unnamed Waterway,0,0
243202613,canal,Unnamed Waterway,0,0
243202615,stream,Unnamed Waterway,0,0
243598558,river,Unnamed Waterway,0,0
243600081,stream,Unnamed Waterway,0,0
243601016,stream,Unnamed Waterway,0,0
243601221,river,Unnamed Waterway,0,0
243618631,canal,منٹگمری پاکپتن لنک نہر,0,0
243667962,canal,Unnamed Waterway,0,0
243754260,river,Unnamed Waterway,0,0
243818595,canal,Unnamed Waterway,0,0
243866535,river,Unnamed Waterway,0,0
243867219,river,Unnamed Waterway,0,0
243867221,river,Unnamed Waterway,0,0
244110022,canal,Unnamed Waterway,0,0
244110023,river,Unnamed Waterway,0,0
244132023,river,Unnamed Waterway,0,0
244440567,stream,Unnamed Waterway,0,0
244496280,stream,Unnamed Waterway,0,0
244496458,stream,Unnamed Waterway,0,0
244496459,stream,Unnamed Waterway,0,0
244496460,river,Unnamed Waterway,0,0
244496461,river,Unnamed Waterway,0,0
244496462,stream,Unnamed Waterway,0,0
244496649,river,Unnamed Waterway,0,0
244497093,river,Unnamed Waterway,0,0
244497094,river,Unnamed Waterway,0,0
244497476,river,Unnamed Waterway,0,0
244706861,canal,Rain Water,0,0
244726007,canal,rain water,0,0
245011724,stream,Unnamed Waterway,0,0
245011725,stream,Unnamed Waterway,0,0
245012531,stream,Unnamed Waterway,0,0
245012662,river,Unnamed Waterway,0,0
245259534,stream,Unnamed Waterway,0,0
245259535,river,Unnamed Waterway,0,0
245260431,canal,Unnamed Waterway,0,0
245260432,river,Unnamed Waterway,0,0
245262921,river,Unnamed Waterway,0,0
245263782,river,Unnamed Waterway,0,0
245263783,stream,Unnamed Waterway,0,0
245263784,stream,Unnamed Waterway,0,0
245263785,stream,Unnamed Waterway,0,0
245263787,stream,Unnamed Waterway,0,0
245263788,stream,Unnamed Waterway,0,0
245263790,stream,Unnamed Waterway,0,0
245263791,stream,Unnamed Waterway,0,0
245264012,river,Unnamed Waterway,0,0
245264013,river,Unnamed Waterway,0,0
245264140,river,Unnamed Waterway,0,0
245264142,river,Unnamed Waterway,0,0
245264144,river,Unnamed Waterway,0,0
245264206,river,Unnamed Waterway,0,0
245286359,canal,Unnamed Waterway,0,0
245286360,canal,Unnamed Waterway,0,0
245376318,river,Unnamed Waterway,0,0
245376319,river,Unnamed Waterway,0,0
245376320,river,Unnamed Waterway,0,0
245376321,river,Unnamed Waterway,0,0
245376322,river,Unnamed Waterway,0,0
245376323,river,Unnamed Waterway,0,0
245376324,river,Unnamed Waterway,0,0
245459810,canal,Unnamed Waterway,0,0
245768983,river,Unnamed Waterway,0,0
245768988,stream,Unnamed Waterway,0,0
245772017,river,Unnamed Waterway,0,0
245772021,stream,Unnamed Waterway,0,0
245956903,stream,Unnamed Waterway,0,0
245958096,river,Unnamed Waterway,0,0
245958097,river,Unnamed Waterway,0,0
245958098,river,Unnamed Waterway,0,0
245958099,stream,Unnamed Waterway,0,0
245958100,stream,Unnamed Waterway,0,0
245958101,stream,Unnamed Waterway,0,0
245958102,stream,Unnamed Waterway,0,0
245958337,stream,Unnamed Waterway,0,0
245958338,stream,Unnamed Waterway,0,0
245958339,stream,Unnamed Waterway,0,0
245958340,river,Unnamed Waterway,0,0
246118618,stream,Unnamed Waterway,0,0
246463970,stream,Unnamed Waterway,0,0
246463972,stream,Unnamed Waterway,0,0
246463974,river,Unnamed Waterway,0,0
246463979,river,Unnamed Waterway,0,0
246463980,river,Unnamed Waterway,0,0
246463983,river,Unnamed Waterway,0,0
246620874,river,دریائے شنگھو,0,0
246620875,river,دریائے شنگھو,0,0
246624235,river,Shigar River,0,0
246624248,river,Shigar River,0,0
246738378,river,Unnamed Waterway,0,0
246970711,canal,"2L Disty, Renala Khurd Canal",0,0
247001629,river,Unnamed Waterway,0,0
247003460,river,Unnamed Waterway,0,0
247003461,river,Unnamed Waterway,0,0
247006436,river,Unnamed Waterway,0,0
247378490,stream,Unnamed Waterway,0,0
247758720,river,Unnamed Waterway,0,0
247758964,river,Unnamed Waterway,0,0
247758965,river,Unnamed Waterway,0,0
247758966,river,Unnamed Waterway,0,0
247759417,stream,Unnamed Waterway,0,0
247759424,river,Unnamed Waterway,0,0
247759427,river,Unnamed Waterway,0,0
248009122,river,كويوال - طور سپر ،الگآڈ,0,0
248014033,river,Unnamed Waterway,0,0
248014045,stream,Unnamed Waterway,0,0
248015120,river,Sutlej,0,0
248122650,stream,Unnamed Waterway,0,0
248122651,river,Unnamed Waterway,0,0
248128088,river,Unnamed Waterway,0,0
248133089,stream,Unnamed Waterway,0,0
248137445,stream,Unnamed Waterway,0,0
248257854,river,Unnamed Waterway,0,0
248257855,river,Unnamed Waterway,0,0
248257856,stream,Unnamed Waterway,0,0
248257858,stream,Unnamed Waterway,0,0
248257859,stream,Unnamed Waterway,0,0
248606052,stream,Unnamed Waterway,0,0
248606053,stream,Unnamed Waterway,0,0
248606054,stream,Unnamed Waterway,0,0
248606055,stream,Unnamed Waterway,0,0
248606171,river,Unnamed Waterway,0,0
248620458,river,درة آدم خيل ،الگآڈ,0,0
248663842,stream,Unnamed Waterway,0,0
248669157,river,Unnamed Waterway,0,0
248714144,river,دریاۓ کندیا,0,0
248714147,river,Sumar Nadi,0,0
248791594,river,Unnamed Waterway,0,0
248792308,stream,الگآڈے,0,0
248794659,stream,الگاڈے,0,0
248819826,canal,Unnamed Waterway,0,0
248902330,river,Unnamed Waterway,0,0
248902331,river,Unnamed Waterway,0,0
248902332,river,Unnamed Waterway,0,0
248902333,river,Mashbil Khar,0,0
248902334,river,Unnamed Waterway,0,0
248902335,river,Unnamed Waterway,0,0
248902336,river,Unnamed Waterway,0,0
248902337,river,Unnamed Waterway,0,0
248979354,canal,Unnamed Waterway,0,0
248979355,canal,Unnamed Waterway,0,0
249015510,river,Unnamed Waterway,0,0
249015511,river,Unnamed Waterway,0,0
249022865,river,Unnamed Waterway,0,0
249022867,stream,Unnamed Waterway,0,0
249022880,stream,Unnamed Waterway,0,0
249022886,river,Unnamed Waterway,0,0
249022892,river,Unnamed Waterway,0,0
249022929,river,Unnamed Waterway,0,0
249022982,stream,Unnamed Waterway,0,0
249022988,stream,Unnamed Waterway,0,0
249081987,river,Unnamed Waterway,0,0
249679357,canal,Unnamed Waterway,0,0
249679358,canal,Unnamed Waterway,0,0
249679359,canal,Unnamed Waterway,0,0
249696443,river,Unnamed Waterway,0,0
250035670,river,Unnamed Waterway,0,0
250035672,river,Unnamed Waterway,0,0
250035673,river,Unnamed Waterway,0,0
250035674,river,Unnamed Waterway,0,0
250035675,river,Unnamed Waterway,0,0
250230677,river,Unnamed Waterway,0,0
250230678,stream,Unnamed Waterway,0,0
250230679,stream,Unnamed Waterway,0,0
250230680,stream,Unnamed Waterway,0,0
250230681,stream,Unnamed Waterway,0,0
250230682,stream,Unnamed Waterway,0,0
250230683,river,Unnamed Waterway,0,0
250230684,stream,Unnamed Waterway,0,0
250230685,stream,Unnamed Waterway,0,0
250230686,stream,Unnamed Waterway,0,0
250230687,stream,Unnamed Waterway,0,0
250230688,stream,Unnamed Waterway,0,0
250310938,river,دریائے ستلج,0,0
250310939,river,دریائے ستلج,0,0
250466884,river,Yanjo Gah,0,0
250466900,stream,Unnamed Waterway,0,0
250466901,river,Unnamed Waterway,0,0
250466902,river,Unnamed Waterway,0,0
250466903,river,Unnamed Waterway,0,0
250466904,stream,Unnamed Waterway,0,0
250466905,stream,Unnamed Waterway,0,0
250466906,stream,Unnamed Waterway,0,0
250466907,stream,Unnamed Waterway,0,0
250466908,river,Unnamed Waterway,0,0
250466909,river,Unnamed Waterway,0,0
250466910,stream,Unnamed Waterway,0,0
250466911,stream,Unnamed Waterway,0,0
250542198,stream,Unnamed Waterway,0,0
250542199,stream,Unnamed Waterway,0,0
250542200,stream,Unnamed Waterway,0,0
250542201,stream,Unnamed Waterway,0,0
250542202,stream,Unnamed Waterway,0,0
250542203,stream,Unnamed Waterway,0,0
250542204,river,Spat Khwar,0,0
250542205,stream,Unnamed Waterway,0,0
250542206,stream,Unnamed Waterway,0,0
250542207,stream,Unnamed Waterway,0,0
250542209,stream,Unnamed Waterway,0,0
250542217,stream,Unnamed Waterway,0,0
250542219,stream,Unnamed Waterway,0,0
250542220,stream,Unnamed Waterway,0,0
250542223,stream,Unnamed Waterway,0,0
250542224,river,Unnamed Waterway,0,0
250542226,river,Unnamed Waterway,0,0
250682791,stream,Unnamed Waterway,0,0
250682792,stream,Unnamed Waterway,0,0
250682793,stream,Unnamed Waterway,0,0
250682794,stream,Unnamed Waterway,0,0
250682795,stream,Unnamed Waterway,0,0
250682796,stream,Unnamed Waterway,0,0
250682797,stream,Unnamed Waterway,0,0
250682798,stream,Unnamed Waterway,0,0
250682799,stream,Unnamed Waterway,0,0
250682800,stream,Unnamed Waterway,0,0
250682801,stream,Unnamed Waterway,0,0
250682802,stream,Unnamed Waterway,0,0
250682803,stream,Unnamed Waterway,0,0
250682804,stream,Unnamed Waterway,0,0
250682805,stream,Unnamed Waterway,0,0
250682806,stream,Unnamed Waterway,0,0
250682807,stream,Unnamed Waterway,0,0
250682808,stream,Unnamed Waterway,0,0
250682809,stream,Unnamed Waterway,0,0
250682810,stream,Unnamed Waterway,0,0
250682811,stream,Unnamed Waterway,0,0
250682816,stream,Unnamed Waterway,0,0
250682818,stream,Unnamed Waterway,0,0
250682819,stream,Unnamed Waterway,0,0
250682835,stream,Unnamed Waterway,0,0
250682840,river,Unnamed Waterway,0,0
250682854,stream,Unnamed Waterway,0,0
250682855,stream,Unnamed Waterway,0,0
250682856,stream,Unnamed Waterway,0,0
250784091,river,Unnamed Waterway,0,0
250784092,stream,Unnamed Waterway,0,0
250784093,river,Unnamed Waterway,0,0
250788847,river,Unnamed Waterway,0,0
250798782,canal,Unnamed Waterway,0,0
251029336,canal,Unnamed Waterway,0,0
251790452,river,Unnamed Waterway,0,0
251791017,river,مستورہ,0,0
251884679,canal,TANDA Canal,0,0
251885209,canal,Unnamed Waterway,0,0
251887403,river,Unnamed Waterway,0,0
251887626,river,Unnamed Waterway,0,0
251908037,stream,Unnamed Waterway,0,0
252542836,canal,Unnamed Waterway,0,0
252543733,canal,Sidhnai Mailsi Link Canal,0,0
252546812,canal,Unnamed Waterway,0,0
252548159,canal,Tarpai Three Minor,0,0
252699828,canal,Unnamed Waterway,0,0
252700407,canal,Unnamed Waterway,0,0
252847461,river,Unnamed Waterway,0,0
252856350,river,Pastawani River,0,0
253000557,river,ستر خوڑ,0,0
253023111,river,درياۓ سندھ,0,0
253140144,stream,Unnamed Waterway,0,0
253140145,stream,Unnamed Waterway,0,0
253330891,river,الگاڈ,0,0
253448525,canal,Unnamed Waterway,0,0
253456312,river,Unnamed Waterway,0,0
253456313,canal,Unnamed Waterway,0,0
253858190,canal,Unnamed Waterway,0,0
253858191,canal,Unnamed Waterway,0,0
253861611,canal,Unnamed Waterway,0,0
253861612,canal,Unnamed Waterway,0,0
253861613,canal,Unnamed Waterway,0,0
253861616,canal,Unnamed Waterway,0,0
253871390,canal,Unnamed Waterway,0,0
253871391,canal,Unnamed Waterway,0,0
253871392,canal,Unnamed Waterway,0,0
253871393,canal,Unnamed Waterway,0,0
254923915,river,Hunza River,0,0
254923924,river,Hunza River,0,0
254923936,river,دریائے گلگت,0,0
254923939,river,دریائے گلگت,0,0
255506046,canal,Unnamed Waterway,0,0
256326026,canal,Unnamed Waterway,0,0
256431656,river,Lyari River,0,0
257354883,river,خان خوڑ,0,0
257354884,river,Unnamed Waterway,0,0
257354887,river,Unnamed Waterway,0,0
257354890,river,Allāi Khwār,0,0
257354895,river,Allāi Khwār,0,0
257354911,river,Voch Khwar,0,0
257558789,stream,Karkat Khwar,0,0
257558797,river,Unnamed Waterway,0,0
257558808,river,Biari Khwar,0,0
257558828,river,Unnamed Waterway,0,0
257558831,river,Unnamed Waterway,0,0
257558836,river,Unnamed Waterway,0,0
257558854,river,Mankai Khwr,0,0
257558855,stream,Unnamed Waterway,0,0
257705934,stream,Unnamed Waterway,0,0
258020457,river,Unnamed Waterway,0,0
258565852,stream,Unnamed Waterway,0,0
258565853,stream,Unnamed Waterway,0,0
258565854,stream,Unnamed Waterway,0,0
258565855,stream,Unnamed Waterway,0,0
258565856,stream,Unnamed Waterway,0,0
258565858,stream,Unnamed Waterway,0,0
258700503,stream,kowarr,0,0
259123413,stream,Unnamed Waterway,0,0
259307280,stream,Gurhawala Kas,0,0
259641814,river,Unnamed Waterway,0,0
259641818,river,Landey,0,0
259755188,canal,Unnamed Waterway,0,0
259779100,canal,Unnamed Waterway,0,0
259779108,canal,Unnamed Waterway,0,0
260577933,river,Unnamed Waterway,0,0
260681761,river,Unnamed Waterway,0,0
260681764,stream,Unnamed Waterway,0,0
260681765,stream,Unnamed Waterway,0,0
260681766,river,Unnamed Waterway,0,0
260681767,river,Unnamed Waterway,0,0
260704642,river,Shonthar Nala,0,0
260704643,river,Naril Nar,0,0
260705012,stream,Unnamed Waterway,0,0
260705013,river,Mohri Nar,0,0
260705066,river,Bundar Nala,0,0
260705245,stream,Unnamed Waterway,0,0
260705459,stream,Unnamed Waterway,0,0
260710892,stream,Unnamed Waterway,0,0
260807270,river,Betar Nala,0,0
260807294,stream,Unnamed Waterway,0,0
260807295,river,Unnamed Waterway,0,0
260807298,stream,Unnamed Waterway,0,0
260841338,river,Battal River,0,0
260841339,stream,Unnamed Waterway,0,0
260841340,stream,Unnamed Waterway,0,0
260841342,river,Unnamed Waterway,0,0
260841344,river,Unnamed Waterway,0,0
260841345,stream,Unnamed Waterway,0,0
260841346,stream,Unnamed Waterway,0,0
260841347,river,Unnamed Waterway,0,0
260841349,stream,Unnamed Waterway,0,0
260841350,river,Unnamed Waterway,0,0
260841351,stream,Unnamed Waterway,0,0
260841353,river,Unnamed Waterway,0,0
260841354,stream,Unnamed Waterway,0,0
260841356,stream,Unnamed Waterway,0,0
260841360,stream,Unnamed Waterway,0,0
261270376,canal,عوامی نہر,0,0
261526651,stream,Unnamed Waterway,0,0
261526666,stream,Unnamed Waterway,0,0
262219997,river,Buldar Gah,0,0
262219999,river,Tato Gah,0,0
262300441,river,Shonthar Nala,0,0
262300442,river,Bunar Gah,0,0
262300443,river,Biji Gah,0,0
262300444,river,Barat Gah,0,0
262302274,river,Airl Gah,0,0
262302275,river,Diāmir Gah,0,0
262302370,river,روپل,0,0
262464362,stream,Unnamed Waterway,0,0
262876543,stream,Unnamed Waterway,0,0
262876544,stream,Unnamed Waterway,0,0
263955789,stream,Unnamed Waterway,0,0
263955790,stream,Unnamed Waterway,0,0
263955791,stream,Unnamed Waterway,0,0
264029782,stream,Unnamed Waterway,0,0
264029783,stream,Unnamed Waterway,0,0
264029784,river,Unnamed Waterway,0,0
264029785,stream,Unnamed Waterway,0,0
264029786,stream,Unnamed Waterway,0,0
264029787,stream,Unnamed Waterway,0,0
264029788,stream,Unnamed Waterway,0,0
264029789,stream,Unnamed Waterway,0,0
264277134,canal,Unnamed Waterway,0,0
264371136,stream,Unnamed Waterway,0,0
264598933,canal,Unnamed Waterway,0,0
264599493,canal,Unnamed Waterway,0,0
264599495,canal,under canal,0,0
264826945,stream,Unnamed Waterway,0,0
264826946,river,Unnamed Waterway,0,0
264826947,river,Unnamed Waterway,0,0
264826948,river,Unnamed Waterway,0,0
264826949,stream,Unnamed Waterway,0,0
264826950,stream,Unnamed Waterway,0,0
265064921,stream,Unnamed Waterway,0,0
265099307,stream,Unnamed Waterway,0,0
265099309,stream,Unnamed Waterway,0,0
265461100,river,Unnamed Waterway,0,0
265872395,stream,Unnamed Waterway,0,0
266170938,river,Unnamed Waterway,0,0
266170949,stream,Unnamed Waterway,0,0
266170951,stream,Unnamed Waterway,0,0
266170954,river,Unnamed Waterway,0,0
266170956,stream,Unnamed Waterway,0,0
266289872,stream,Unnamed Waterway,0,0
266501909,stream,Unnamed Waterway,0,0
268639224,river,Chhatri Nar,0,0
268641792,stream,Unnamed Waterway,0,0
269759141,river,Unnamed Waterway,0,0
269759142,canal,Unnamed Waterway,0,0
269759143,canal,Unnamed Waterway,0,0
269759144,canal,Unnamed Waterway,0,0
269759145,river,Unnamed Waterway,0,0
269759152,canal,Unnamed Waterway,0,0
269759153,canal,Unnamed Waterway,0,0
269759154,canal,Unnamed Waterway,0,0
269759159,canal,Unnamed Waterway,0,0
270003325,canal,Unnamed Waterway,0,0
270003330,canal,Unnamed Waterway,0,0
270003334,canal,Unnamed Waterway,0,0
270003337,canal,Unnamed Waterway,0,0
270003363,canal,Unnamed Waterway,0,0
270009167,canal,Unnamed Waterway,0,0
270291873,canal,Unnamed Waterway,0,0
270291920,canal,Unnamed Waterway,0,0
270291921,canal,Unnamed Waterway,0,0
270291922,canal,Unnamed Waterway,0,0
270291923,canal,Unnamed Waterway,0,0
270684547,stream,Unnamed Waterway,0,0
270684548,stream,Unnamed Waterway,0,0
270781954,stream,Unnamed Waterway,0,0
270781956,stream,Unnamed Waterway,0,0
270781957,stream,Unnamed Waterway,0,0
270896035,river,Unnamed Waterway,0,0
270896036,canal,Unnamed Waterway,0,0
270896037,river,Nara Canal,0,0
270896039,river,Unnamed Waterway,0,0
270938509,canal,Unnamed Waterway,0,0
270938511,canal,Unnamed Waterway,0,0
270938514,canal,Unnamed Waterway,0,0
270938515,canal,Unnamed Waterway,0,0
270938520,canal,Unnamed Waterway,0,0
270938522,canal,Unnamed Waterway,0,0
270938529,canal,Unnamed Waterway,0,0
270938531,canal,Unnamed Waterway,0,0
270938536,canal,Unnamed Waterway,0,0
270938537,canal,Unnamed Waterway,0,0
270938538,canal,Unnamed Waterway,0,0
270938539,canal,Unnamed Waterway,0,0
270938541,canal,Unnamed Waterway,0,0
270938571,canal,Narsirpur Distributary,0,0
271007697,river,Unnamed Waterway,0,0
271023557,canal,Unnamed Waterway,0,0
271023558,canal,Unnamed Waterway,0,0
271023559,river,Bhit Aro Minor,0,0
271023562,canal,Unnamed Waterway,0,0
271023563,canal,Unnamed Waterway,0,0
271023565,river,Unnamed Waterway,0,0
271023566,canal,Unnamed Waterway,0,0
271023569,canal,Unnamed Waterway,0,0
271024884,canal,Unnamed Waterway,0,0
271024885,canal,Unnamed Waterway,0,0
271024886,canal,Sim Nala,0,0
271055702,canal,Unnamed Waterway,0,0
271055706,river,Unnamed Waterway,0,0
271055707,canal,Unnamed Waterway,0,0
271055709,canal,Unnamed Waterway,0,0
271056207,river,Unnamed Waterway,0,0
271115382,stream,Unnamed Waterway,0,0
271391545,river,Unnamed Waterway,0,0
271414835,canal,Unnamed Waterway,0,0
271414836,canal,Unnamed Waterway,0,0
271414837,canal,Unnamed Waterway,0,0
271414840,canal,Unnamed Waterway,0,0
271414841,canal,Unnamed Waterway,0,0
271416046,canal,Unnamed Waterway,0,0
271416047,canal,Unnamed Waterway,0,0
271416048,canal,Unnamed Waterway,0,0
271416049,canal,Unnamed Waterway,0,0
271417071,canal,Unnamed Waterway,0,0
271417076,canal,Unnamed Waterway,0,0
271417078,river,Unnamed Waterway,0,0
271417079,canal,Unnamed Waterway,0,0
271417558,canal,Unnamed Waterway,0,0
271418456,canal,Dilshad Shakh,0,0
271517778,canal,Unnamed Waterway,0,0
271517780,canal,Unnamed Waterway,0,0
271517782,canal,Unnamed Waterway,0,0
271519534,canal,Unnamed Waterway,0,0
271519536,canal,Unnamed Waterway,0,0
271596167,river,Unnamed Waterway,0,0
271596168,river,Unnamed Waterway,0,0
271596169,river,Unnamed Waterway,0,0
272110693,stream,Chel River,0,0
272364150,river,Unnamed Waterway,0,0
272521802,stream,Unnamed Waterway,0,0
272521803,stream,Unnamed Waterway,0,0
272974755,stream,Unnamed Waterway,0,0
272981461,stream,Unnamed Waterway,0,0
272981462,stream,Unnamed Waterway,0,0
273152428,river,Tangir River,0,0
273152432,river,Maichar Gah,0,0
273152437,river,Tangīr,0,0
273152446,river,Unnamed Waterway,0,0
273152454,river,Unnamed Waterway,0,0
273152456,stream,Kachilo Gah,0,0
273152458,river,Unnamed Waterway,0,0
273152464,river,Unnamed Waterway,0,0
273152480,river,Unnamed Waterway,0,0
273164392,canal,Sunny Gunni,0,0
273200249,canal,Unnamed Waterway,0,0
273200263,canal,Unnamed Waterway,0,0
273201262,canal,Unnamed Waterway,0,0
273201263,canal,Unnamed Waterway,0,0
273201264,canal,Unnamed Waterway,0,0
273201265,river,Char Dhoro,0,0
273254024,canal,Warsak Gravity Canal,0,0
273257530,canal,Warsak Gravity Canal,0,0
273257531,canal,Warsak Gravity Canal,0,0
273363373,stream,Unnamed Waterway,0,0
273363375,river,Harban,0,0
273387833,stream,Unnamed Waterway,0,0
273387834,stream,Unnamed Waterway,0,0
273387835,stream,Unnamed Waterway,0,0
273586985,stream,Unnamed Waterway,0,0
273586995,stream,Unnamed Waterway,0,0
273587001,river,Unnamed Waterway,0,0
273587002,river,Darel,0,0
273587007,stream,Unnamed Waterway,0,0
273587008,stream,Unnamed Waterway,0,0
273587014,stream,Unnamed Waterway,0,0
273587016,stream,Unnamed Waterway,0,0
273587018,stream,Unnamed Waterway,0,0
273587021,river,Darel,0,0
273587027,stream,Unnamed Waterway,0,0
273587029,stream,Unnamed Waterway,0,0
273587031,stream,Unnamed Waterway,0,0
273587034,river,Unnamed Waterway,0,0
273587036,stream,Unnamed Waterway,0,0
273587038,river,Unnamed Waterway,0,0
273587040,stream,Unnamed Waterway,0,0
273587042,river,Unnamed Waterway,0,0
273587052,stream,Unnamed Waterway,0,0
273587057,stream,Unnamed Waterway,0,0
273587061,stream,Unnamed Waterway,0,0
273587063,stream,Unnamed Waterway,0,0
273587066,stream,Unnamed Waterway,0,0
273587074,stream,Unnamed Waterway,0,0
273587077,river,Unnamed Waterway,0,0
273587090,stream,Unnamed Waterway,0,0
273587092,stream,Unnamed Waterway,0,0
273587093,stream,Unnamed Waterway,0,0
273587094,stream,Unnamed Waterway,0,0
273587095,stream,Unnamed Waterway,0,0
273587097,stream,Unnamed Waterway,0,0
273587099,stream,Unnamed Waterway,0,0
273587102,stream,Unnamed Waterway,0,0
273587104,stream,Unnamed Waterway,0,0
273587107,stream,Unnamed Waterway,0,0
273587109,stream,Unnamed Waterway,0,0
273587113,stream,Unnamed Waterway,0,0
273587116,stream,Unnamed Waterway,0,0
273587119,stream,Unnamed Waterway,0,0
273587122,river,Unnamed Waterway,0,0
273587125,stream,Unnamed Waterway,0,0
273587128,stream,Unnamed Waterway,0,0
273587131,stream,Unnamed Waterway,0,0
273587134,stream,Unnamed Waterway,0,0
273587137,stream,Unnamed Waterway,0,0
273587140,stream,Unnamed Waterway,0,0
273587143,stream,Unnamed Waterway,0,0
273587146,stream,Unnamed Waterway,0,0
273587148,stream,Unnamed Waterway,0,0
273587152,stream,Unnamed Waterway,0,0
273587160,stream,Unnamed Waterway,0,0
273587164,stream,Unnamed Waterway,0,0
273587172,stream,Unnamed Waterway,0,0
273587191,stream,Unnamed Waterway,0,0
273587195,stream,Unnamed Waterway,0,0
273587198,stream,Unnamed Waterway,0,0
273587202,stream,Unnamed Waterway,0,0
273587207,stream,Unnamed Waterway,0,0
273587212,river,Unnamed Waterway,0,0
273587237,river,Unnamed Waterway,0,0
273587241,stream,Unnamed Waterway,0,0
273587246,river,Unnamed Waterway,0,0
273587272,stream,Unnamed Waterway,0,0
273587277,stream,Unnamed Waterway,0,0
273587282,stream,Unnamed Waterway,0,0
273587286,stream,Unnamed Waterway,0,0
273587295,stream,Unnamed Waterway,0,0
273587304,stream,Unnamed Waterway,0,0
273587306,stream,Unnamed Waterway,0,0
273587309,river,Unnamed Waterway,0,0
273587339,stream,Unnamed Waterway,0,0
273587340,stream,Unnamed Waterway,0,0
273590546,stream,Unnamed Waterway,0,0
273590547,stream,Unnamed Waterway,0,0
273590549,stream,Unnamed Waterway,0,0
273657233,stream,Unnamed Waterway,0,0
273830734,stream,Unnamed Waterway,0,0
273848253,stream,Unnamed Waterway,0,0
273848254,stream,Unnamed Waterway,0,0
273848255,stream,Unnamed Waterway,0,0
273848256,stream,Unnamed Waterway,0,0
273848257,stream,Unnamed Waterway,0,0
273848258,stream,Unnamed Waterway,0,0
273848259,stream,Unnamed Waterway,0,0
273848260,stream,Unnamed Waterway,0,0
273848261,river,Unnamed Waterway,0,0
273848262,stream,Unnamed Waterway,0,0
273848263,stream,Unnamed Waterway,0,0
273848265,river,Unnamed Waterway,0,0
273848267,river,Unnamed Waterway,0,0
273848278,river,Unnamed Waterway,0,0
273848284,river,Unnamed Waterway,0,0
273848285,stream,Unnamed Waterway,0,0
273848286,river,Unnamed Waterway,0,0
273848287,stream,Unnamed Waterway,0,0
273848288,river,دریاۓ کندیا,0,0
273848295,river,Unnamed Waterway,0,0
273848302,stream,Unnamed Waterway,0,0
273848304,river,Unnamed Waterway,0,0
273848326,stream,Unnamed Waterway,0,0
273848329,stream,Unnamed Waterway,0,0
273848343,stream,Unnamed Waterway,0,0
273848344,river,Unnamed Waterway,0,0
273848353,stream,Unnamed Waterway,0,0
273848356,stream,Unnamed Waterway,0,0
273848358,stream,Unnamed Waterway,0,0
273848360,stream,Unnamed Waterway,0,0
273848362,stream,Unnamed Waterway,0,0
273848365,river,Unnamed Waterway,0,0
273848380,river,Unnamed Waterway,0,0
273848397,river,Unnamed Waterway,0,0
273848399,stream,Unnamed Waterway,0,0
273848402,stream,Unnamed Waterway,0,0
273848406,river,Unnamed Waterway,0,0
273848415,river,Unnamed Waterway,0,0
273848416,stream,Unnamed Waterway,0,0
273848417,river,Unnamed Waterway,0,0
273848418,stream,Unnamed Waterway,0,0
273848419,river,Unnamed Waterway,0,0
273848423,river,Unnamed Waterway,0,0
273848426,river,Unnamed Waterway,0,0
273848429,river,Unnamed Waterway,0,0
273848433,stream,Unnamed Waterway,0,0
273848447,stream,Unnamed Waterway,0,0
273848451,stream,Unnamed Waterway,0,0
273848454,river,Unnamed Waterway,0,0
273848458,river,Unnamed Waterway,0,0
273848465,stream,Unnamed Waterway,0,0
273848467,river,Unnamed Waterway,0,0
273848471,river,Unnamed Waterway,0,0
273848475,river,Maidan Darra,0,0
273848529,river,Spat Gah,0,0
273848535,river,Sumi Gah,0,0
273848541,river,تانگیر,0,0
273905385,stream,Unnamed Waterway,0,0
274153239,stream,Unnamed Waterway,0,0
274153242,stream,Unnamed Waterway,0,0
274369725,stream,Unnamed Waterway,0,0
274423856,stream,Unnamed Waterway,0,0
274471862,canal,Unnamed Waterway,0,0
274503268,stream,Unnamed Waterway,0,0
274503271,stream,Unnamed Waterway,0,0
274864540,stream,Unnamed Waterway,0,0
274864541,stream,Unnamed Waterway,0,0
274864542,stream,Unnamed Waterway,0,0
274864543,river,Unnamed Waterway,0,0
274864544,stream,Unnamed Waterway,0,0
274864545,stream,Unnamed Waterway,0,0
274864546,stream,Unnamed Waterway,0,0
274864547,stream,Unnamed Waterway,0,0
274864548,stream,Unnamed Waterway,0,0
274864549,stream,Unnamed Waterway,0,0
274864550,stream,Unnamed Waterway,0,0
274864551,stream,Unnamed Waterway,0,0
274864552,stream,Unnamed Waterway,0,0
274864553,stream,Unnamed Waterway,0,0
274864554,stream,Unnamed Waterway,0,0
274864555,stream,Unnamed Waterway,0,0
274864556,stream,Unnamed Waterway,0,0
274864557,stream,Unnamed Waterway,0,0
274864558,stream,Unnamed Waterway,0,0
274864559,stream,Unnamed Waterway,0,0
274864560,stream,Unnamed Waterway,0,0
274864563,stream,Unnamed Waterway,0,0
274864565,stream,Unnamed Waterway,0,0
274864570,stream,Unnamed Waterway,0,0
274864572,stream,Unnamed Waterway,0,0
274864574,stream,Unnamed Waterway,0,0
274864589,river,غوربند خوڑ,0,0
274864638,stream,Khwar,0,0
274864639,stream,Khwar,0,0
274864640,stream,Khwar,0,0
274864641,stream,Khwar,0,0
274898873,canal,Unnamed Waterway,0,0
275610296,canal,Unnamed Waterway,0,0
275617061,canal,Unnamed Waterway,0,0
275617062,canal,Unnamed Waterway,0,0
275617063,canal,Unnamed Waterway,0,0
275617064,canal,Unnamed Waterway,0,0
275617065,canal,Unnamed Waterway,0,0
275617066,canal,Unnamed Waterway,0,0
275617067,canal,Unnamed Waterway,0,0
275617068,canal,Unnamed Waterway,0,0
275774469,canal,Unnamed Waterway,0,0
276368676,canal,Unnamed Waterway,0,0
276436717,canal,Unnamed Waterway,0,0
276436718,canal,Unnamed Waterway,0,0
276436719,river,Unnamed Waterway,0,0
276558275,stream,Unnamed Waterway,0,0
276558276,stream,Unnamed Waterway,0,0
276558370,stream,Unnamed Waterway,0,0
276558371,stream,Unnamed Waterway,0,0
276558540,stream,Unnamed Waterway,0,0
277181081,canal,Unnamed Waterway,0,0
277181082,river,Unnamed Waterway,0,0
277181083,canal,Unnamed Waterway,0,0
277181084,canal,Unnamed Waterway,0,0
277181085,river,Unnamed Waterway,0,0
277181086,canal,Unnamed Waterway,0,0
277181087,canal,Unnamed Waterway,0,0
277182484,canal,Unnamed Waterway,0,0
277182486,canal,Unnamed Waterway,0,0
277182487,canal,Unnamed Waterway,0,0
277587473,stream,Bara,0,0
277587474,canal,Unnamed Waterway,0,0
277587475,canal,Unnamed Waterway,0,0
278457541,stream,Unnamed Waterway,0,0
278789289,river,Unnamed Waterway,0,0
278790819,river,Unnamed Waterway,0,0
278793385,river,Unnamed Waterway,0,0
278793639,river,Unnamed Waterway,0,0
278793907,river,Unnamed Waterway,0,0
278794008,river,Unnamed Waterway,0,0
278848086,stream,Chaidam Khwār,0,0
278910217,stream,Unnamed Waterway,0,0
278995482,river,Marala Ravi Link Canal,0,0
278995483,river,نہر مرالہ راوی لنک,0,0
278995535,river,Unnamed Waterway,0,0
278995538,stream,Unnamed Waterway,0,0
278995542,stream,Unnamed Waterway,0,0
278995543,stream,Unnamed Waterway,0,0
279010267,stream,Unnamed Waterway,0,0
279010269,stream,Unnamed Waterway,0,0
279010271,stream,Unnamed Waterway,0,0
279010272,stream,Unnamed Waterway,0,0
279010276,stream,Unnamed Waterway,0,0
279010283,stream,Unnamed Waterway,0,0
279010285,stream,Unnamed Waterway,0,0
279010286,stream,Unnamed Waterway,0,0
279010287,stream,Unnamed Waterway,0,0
279010290,stream,Unnamed Waterway,0,0
279010291,stream,Chakesar Khwar,0,0
279010292,stream,Unnamed Waterway,0,0
279010294,stream,Unnamed Waterway,0,0
279288193,river,Unnamed Waterway,0,0
279288195,river,دریائے گومل,0,0
279288197,river,دریائے ژوب,0,0
279288244,river,Unnamed Waterway,0,0
279288246,stream,Unnamed Waterway,0,0
279288247,stream,Unnamed Waterway,0,0
279288248,stream,Unnamed Waterway,0,0
279288249,stream,Unnamed Waterway,0,0
279288250,stream,Unnamed Waterway,0,0
279288251,stream,Unnamed Waterway,0,0
279288252,stream,Unnamed Waterway,0,0
279288253,stream,Unnamed Waterway,0,0
279288254,river,Unnamed Waterway,0,0
279288255,river,Unnamed Waterway,0,0
279288256,river,Unnamed Waterway,0,0
279288257,stream,Unnamed Waterway,0,0
279288258,stream,Unnamed Waterway,0,0
279288259,stream,zhob river,0,0
279311463,river,Unnamed Waterway,0,0
279311472,river,Unnamed Waterway,0,0
279311481,river,Unnamed Waterway,0,0
279311496,river,Unnamed Waterway,0,0
279311514,river,Unnamed Waterway,0,0
279311539,river,Unnamed Waterway,0,0
279455616,stream,Unnamed Waterway,0,0
279455618,stream,Unnamed Waterway,0,0
279455621,stream,Unnamed Waterway,0,0
279455623,stream,Unnamed Waterway,0,0
279455637,stream,Tālbang Khwār,0,0
279455653,stream,Unnamed Waterway,0,0
279455655,stream,Unnamed Waterway,0,0
279455657,stream,Unnamed Waterway,0,0
279455658,stream,Aloch Khwargai,0,0
279455659,stream,Unnamed Waterway,0,0
279455663,stream,Unnamed Waterway,0,0
279455665,stream,Unnamed Waterway,0,0
279455666,stream,Unnamed Waterway,0,0
279455667,stream,Unnamed Waterway,0,0
279455668,stream,Unnamed Waterway,0,0
279455669,stream,Unnamed Waterway,0,0
279455670,stream,Unnamed Waterway,0,0
279455671,stream,Unnamed Waterway,0,0
279455672,stream,Unnamed Waterway,0,0
279455675,stream,Unnamed Waterway,0,0
279455678,stream,Unnamed Waterway,0,0
279455681,stream,Unnamed Waterway,0,0
279455705,stream,Unnamed Waterway,0,0
279455706,stream,Unnamed Waterway,0,0
279455707,stream,Unnamed Waterway,0,0
279455708,stream,Unnamed Waterway,0,0
279455709,river,Itai Khwār,0,0
279455737,stream,Titālān Khwār,0,0
279455738,stream,Titālān Khwār,0,0
279641302,stream,Unnamed Waterway,0,0
279641313,stream,Unnamed Waterway,0,0
279641324,stream,Unnamed Waterway,0,0
279641336,stream,Unnamed Waterway,0,0
279641342,stream,Unnamed Waterway,0,0
279641351,river,Aloch Khwar,0,0
279641361,stream,Unnamed Waterway,0,0
279641368,stream,Unnamed Waterway,0,0
279641373,stream,Unnamed Waterway,0,0
279641375,stream,Unnamed Waterway,0,0
279678641,canal,BRB Canal,0,0
279678646,canal,BRB Canal,0,0
279678672,river,Unnamed Waterway,0,0
279678676,river,Unnamed Waterway,0,0
279678678,canal,Sadhoke Distributary,0,0
279819483,canal,Maggowal Distributary,0,0
280424254,canal,Unnamed Waterway,0,0
280784716,stream,Unnamed Waterway,0,0
280784718,stream,Unnamed Waterway,0,0
280784722,stream,Unnamed Waterway,0,0
280784723,stream,Unnamed Waterway,0,0
280784724,stream,Unnamed Waterway,0,0
280784725,stream,Unnamed Waterway,0,0
281192580,river,Tangai River,0,0
281192595,stream,Unnamed Waterway,0,0
281192602,stream,Unnamed Waterway,0,0
281192606,stream,Unnamed Waterway,0,0
281192612,stream,Unnamed Waterway,0,0
281192622,stream,Unnamed Waterway,0,0
281192630,stream,Unnamed Waterway,0,0
281192642,stream,Unnamed Waterway,0,0
281192654,stream,Unnamed Waterway,0,0
281192662,stream,Unnamed Waterway,0,0
281192684,stream,Unnamed Waterway,0,0
281192689,stream,Unnamed Waterway,0,0
281192692,stream,Unnamed Waterway,0,0
281192697,stream,Unnamed Waterway,0,0
281192702,stream,Unnamed Waterway,0,0
281192706,stream,Unnamed Waterway,0,0
281192710,stream,Unnamed Waterway,0,0
281192724,stream,Unnamed Waterway,0,0
281192729,stream,Unnamed Waterway,0,0
281192742,stream,Unnamed Waterway,0,0
281192759,stream,Unnamed Waterway,0,0
281192767,stream,Unnamed Waterway,0,0
281192774,stream,Unnamed Waterway,0,0
281192787,stream,Unnamed Waterway,0,0
281192800,stream,Unnamed Waterway,0,0
281192816,stream,Unnamed Waterway,0,0
281192829,stream,Kār Khwār,0,0
281192869,stream,Machai Khwār,0,0
281192923,stream,Pūran Khwār,0,0
281817953,stream,Unnamed Waterway,0,0
282548178,canal,Unnamed Waterway,0,0
282640132,stream,Unnamed Waterway,0,0
282652450,river,Unnamed Waterway,0,0
282687666,stream,Rain water,0,0
282694505,river,Unnamed Waterway,0,0
282698473,stream,water way wadi,0,0
282701044,stream,Unnamed Waterway,0,0
283845839,river,Kunhar River,0,0
283845841,river,Unnamed Waterway,0,0
283846560,river,Unnamed Waterway,0,0
284297576,stream,Bankhar Khwar,0,0
284297584,river,Bankhar Khwar,0,0
284297602,river,Bankhar Khwar,0,0
284297607,river,Dubair Darra,0,0
284297610,stream,Unnamed Waterway,0,0
284297612,stream,Unnamed Waterway,0,0
284297629,stream,Unnamed Waterway,0,0
284297631,stream,Unnamed Waterway,0,0
284297637,stream,Unnamed Waterway,0,0
284297645,stream,Unnamed Waterway,0,0
284297647,stream,Unnamed Waterway,0,0
284297653,stream,Unnamed Waterway,0,0
284297655,stream,Unnamed Waterway,0,0
284297657,stream,Unnamed Waterway,0,0
284297661,stream,Unnamed Waterway,0,0
284297665,stream,Unnamed Waterway,0,0
284297667,stream,Unnamed Waterway,0,0
284297672,stream,Unnamed Waterway,0,0
284297676,stream,Unnamed Waterway,0,0
284297688,stream,Unnamed Waterway,0,0
284297695,stream,Unnamed Waterway,0,0
284297697,stream,Unnamed Waterway,0,0
284297700,stream,Unnamed Waterway,0,0
284297701,stream,Unnamed Waterway,0,0
284297703,stream,Unnamed Waterway,0,0
284297705,stream,Unnamed Waterway,0,0
284297708,stream,Unnamed Waterway,0,0
284297711,stream,Unnamed Waterway,0,0
284297714,stream,Unnamed Waterway,0,0
284297716,stream,Unnamed Waterway,0,0
284297722,stream,Unnamed Waterway,0,0
284297724,stream,Unnamed Waterway,0,0
284297728,stream,Unnamed Waterway,0,0
284297732,stream,Unnamed Waterway,0,0
284297735,stream,Unnamed Waterway,0,0
284297738,stream,Unnamed Waterway,0,0
284297741,stream,Unnamed Waterway,0,0
284297743,stream,Unnamed Waterway,0,0
284297746,stream,Unnamed Waterway,0,0
284297756,stream,Unnamed Waterway,0,0
284297759,stream,Unnamed Waterway,0,0
284297763,stream,Unnamed Waterway,0,0
284297766,stream,Unnamed Waterway,0,0
284297768,stream,Unnamed Waterway,0,0
284297771,stream,Unnamed Waterway,0,0
284297774,stream,Unnamed Waterway,0,0
284297777,stream,Unnamed Waterway,0,0
284297779,stream,Unnamed Waterway,0,0
284297783,stream,Unnamed Waterway,0,0
284297786,stream,Unnamed Waterway,0,0
284297789,stream,Unnamed Waterway,0,0
284297791,stream,Unnamed Waterway,0,0
284297795,stream,Unnamed Waterway,0,0
284297799,stream,Unnamed Waterway,0,0
284297806,stream,Bankhar Khwar,0,0
284297811,stream,Unnamed Waterway,0,0
284297816,river,Unnamed Waterway,0,0
284297821,river,Lorīn Khwār,0,0
284701733,stream,Darton Khwar,0,0
284701734,stream,Darton Khwar,0,0
284701735,river,دوبیر خوڑ,0,0
284701736,river,Duber Darra,0,0
284701741,stream,Unnamed Waterway,0,0
284701742,stream,Unnamed Waterway,0,0
284701743,stream,Unnamed Waterway,0,0
284701744,stream,Unnamed Waterway,0,0
284701745,stream,Unnamed Waterway,0,0
284701746,stream,Unnamed Waterway,0,0
284701747,stream,Unnamed Waterway,0,0
284701748,stream,Unnamed Waterway,0,0
284701749,stream,Unnamed Waterway,0,0
284701750,stream,Unnamed Waterway,0,0
284701751,stream,Unnamed Waterway,0,0
284701752,stream,Unnamed Waterway,0,0
284701753,stream,Unnamed Waterway,0,0
284701754,stream,Unnamed Waterway,0,0
284701755,stream,Unnamed Waterway,0,0
284701756,stream,Unnamed Waterway,0,0
284701757,stream,Unnamed Waterway,0,0
284701758,stream,Unnamed Waterway,0,0
284701759,stream,Unnamed Waterway,0,0
284701760,stream,Unnamed Waterway,0,0
284701761,stream,Unnamed Waterway,0,0
284701762,stream,Unnamed Waterway,0,0
284701763,stream,Unnamed Waterway,0,0
284701764,stream,Unnamed Waterway,0,0
284701765,stream,Unnamed Waterway,0,0
284701766,stream,Unnamed Waterway,0,0
284701767,stream,Unnamed Waterway,0,0
284701768,stream,Unnamed Waterway,0,0
284701769,stream,Unnamed Waterway,0,0
284701770,stream,Unnamed Waterway,0,0
284701771,stream,Unnamed Waterway,0,0
284701772,stream,Unnamed Waterway,0,0
284701773,stream,Unnamed Waterway,0,0
284701774,stream,Unnamed Waterway,0,0
284701775,stream,Unnamed Waterway,0,0
284701776,stream,Unnamed Waterway,0,0
284701777,stream,Unnamed Waterway,0,0
284701778,stream,Unnamed Waterway,0,0
284701780,stream,Unnamed Waterway,0,0
284701781,stream,Unnamed Waterway,0,0
284701782,stream,Unnamed Waterway,0,0
284701783,stream,Unnamed Waterway,0,0
284701784,stream,Unnamed Waterway,0,0
284701785,stream,Unnamed Waterway,0,0
284701786,stream,Unnamed Waterway,0,0
284701787,stream,Unnamed Waterway,0,0
284701788,stream,Unnamed Waterway,0,0
284701789,stream,Unnamed Waterway,0,0
284701790,stream,Unnamed Waterway,0,0
284701791,stream,Unnamed Waterway,0,0
284701792,stream,Unnamed Waterway,0,0
284701793,stream,Unnamed Waterway,0,0
284701794,stream,Unnamed Waterway,0,0
284701795,stream,Unnamed Waterway,0,0
284701796,stream,Unnamed Waterway,0,0
284701797,stream,Unnamed Waterway,0,0
284701798,stream,Unnamed Waterway,0,0
284701799,stream,Unnamed Waterway,0,0
284701800,stream,Unnamed Waterway,0,0
284701801,stream,Unnamed Waterway,0,0
284701802,stream,Unnamed Waterway,0,0
284701803,stream,Unnamed Waterway,0,0
284701804,stream,Unnamed Waterway,0,0
284701805,stream,Unnamed Waterway,0,0
284701806,stream,Unnamed Waterway,0,0
284701807,stream,Unnamed Waterway,0,0
284701808,stream,Unnamed Waterway,0,0
284701809,stream,Unnamed Waterway,0,0
284701810,stream,Unnamed Waterway,0,0
284701811,stream,Unnamed Waterway,0,0
284701812,stream,Unnamed Waterway,0,0
284701813,stream,Unnamed Waterway,0,0
284701814,stream,Unnamed Waterway,0,0
284701815,river,Jarīn Khwar,0,0
284701819,river,Ranolia Khwar,0,0
284819004,river,Unnamed Waterway,0,0
284906011,stream,Unnamed Waterway,0,0
284906013,stream,Unnamed Waterway,0,0
284906015,stream,Unnamed Waterway,0,0
284906016,stream,Unnamed Waterway,0,0
284906017,stream,Unnamed Waterway,0,0
284906018,stream,Unnamed Waterway,0,0
284906020,stream,Unnamed Waterway,0,0
284906021,stream,Unnamed Waterway,0,0
284906022,stream,Unnamed Waterway,0,0
284906023,stream,Unnamed Waterway,0,0
284906024,stream,Unnamed Waterway,0,0
284906025,stream,Unnamed Waterway,0,0
284906026,stream,Unnamed Waterway,0,0
284906027,stream,Unnamed Waterway,0,0
284906031,stream,Unnamed Waterway,0,0
284909703,stream,Unnamed Waterway,0,0
284909708,stream,Unnamed Waterway,0,0
285135407,stream,Unnamed Waterway,0,0
285135408,stream,Unnamed Waterway,0,0
285135410,stream,Unnamed Waterway,0,0
285135411,stream,Unnamed Waterway,0,0
285135413,stream,Unnamed Waterway,0,0
285135414,stream,Unnamed Waterway,0,0
285135415,stream,Unnamed Waterway,0,0
285135418,stream,Unnamed Waterway,0,0
285135419,stream,Unnamed Waterway,0,0
285135421,stream,Unnamed Waterway,0,0
285135422,stream,Unnamed Waterway,0,0
285135423,stream,Unnamed Waterway,0,0
285135424,stream,Unnamed Waterway,0,0
285135425,stream,Unnamed Waterway,0,0
285135426,stream,Unnamed Waterway,0,0
285135427,stream,Unnamed Waterway,0,0
285135428,stream,Unnamed Waterway,0,0
285135430,stream,Unnamed Waterway,0,0
285135431,stream,Unnamed Waterway,0,0
285135432,stream,Unnamed Waterway,0,0
285135433,stream,Unnamed Waterway,0,0
285135434,stream,Unnamed Waterway,0,0
285135435,stream,Unnamed Waterway,0,0
285135436,stream,Unnamed Waterway,0,0
285135438,stream,Unnamed Waterway,0,0
285135439,stream,Unnamed Waterway,0,0
285135440,stream,Unnamed Waterway,0,0
285135441,stream,Unnamed Waterway,0,0
285135442,stream,Unnamed Waterway,0,0
285135443,stream,Unnamed Waterway,0,0
285135444,stream,Unnamed Waterway,0,0
285135445,stream,Unnamed Waterway,0,0
285135446,stream,Unnamed Waterway,0,0
285135447,stream,Unnamed Waterway,0,0
285135448,stream,Unnamed Waterway,0,0
285135449,stream,Unnamed Waterway,0,0
285135450,stream,Unnamed Waterway,0,0
285135451,stream,Unnamed Waterway,0,0
285135452,stream,Unnamed Waterway,0,0
285135453,stream,Unnamed Waterway,0,0
285135454,stream,Unnamed Waterway,0,0
285135455,stream,Unnamed Waterway,0,0
285135457,stream,Unnamed Waterway,0,0
285135460,stream,Unnamed Waterway,0,0
285135463,stream,Unnamed Waterway,0,0
285135465,stream,Unnamed Waterway,0,0
285135468,stream,Unnamed Waterway,0,0
285135471,stream,Unnamed Waterway,0,0
285135479,stream,Unnamed Waterway,0,0
285135480,stream,Unnamed Waterway,0,0
285135481,stream,Unnamed Waterway,0,0
285135482,stream,Unnamed Waterway,0,0
285135483,stream,Unnamed Waterway,0,0
285135484,stream,Unnamed Waterway,0,0
285135485,stream,Unnamed Waterway,0,0
285135486,stream,Unnamed Waterway,0,0
285135487,stream,Unnamed Waterway,0,0
285135488,stream,Unnamed Waterway,0,0
285135489,stream,Unnamed Waterway,0,0
285135490,stream,Unnamed Waterway,0,0
285135491,stream,Unnamed Waterway,0,0
285135492,stream,Nazro Khwar,0,0
285135493,stream,Unnamed Waterway,0,0
285135494,stream,Unnamed Waterway,0,0
285135495,stream,Unnamed Waterway,0,0
285135496,stream,Unnamed Waterway,0,0
285135497,stream,Unnamed Waterway,0,0
285135499,stream,Unnamed Waterway,0,0
285135500,stream,Unnamed Waterway,0,0
285135501,stream,Unnamed Waterway,0,0
285135502,stream,Unnamed Waterway,0,0
285135505,stream,Unnamed Waterway,0,0
285135506,stream,Unnamed Waterway,0,0
285135507,stream,Unnamed Waterway,0,0
285135508,stream,Unnamed Waterway,0,0
285135510,stream,Unnamed Waterway,0,0
285135512,stream,Unnamed Waterway,0,0
285135513,stream,Unnamed Waterway,0,0
285135514,stream,Unnamed Waterway,0,0
285135515,stream,Unnamed Waterway,0,0
285135516,stream,Unnamed Waterway,0,0
285135518,stream,Unnamed Waterway,0,0
285135519,stream,Unnamed Waterway,0,0
285135520,stream,Unnamed Waterway,0,0
285135521,stream,Unnamed Waterway,0,0
285135522,stream,Unnamed Waterway,0,0
285135524,stream,Unnamed Waterway,0,0
285135525,stream,Unnamed Waterway,0,0
285135526,stream,Unnamed Waterway,0,0
285135528,stream,Unnamed Waterway,0,0
285135529,stream,Unnamed Waterway,0,0
285135530,stream,Unnamed Waterway,0,0
285135531,stream,Unnamed Waterway,0,0
285135532,stream,Kolai Khwar,0,0
285135533,stream,Unnamed Waterway,0,0
285135534,stream,Unnamed Waterway,0,0
285135535,stream,Unnamed Waterway,0,0
285135536,stream,Unnamed Waterway,0,0
285135537,stream,Unnamed Waterway,0,0
285135539,stream,Unnamed Waterway,0,0
285135540,stream,Unnamed Waterway,0,0
285135542,stream,Unnamed Waterway,0,0
285135545,stream,Unnamed Waterway,0,0
285135546,stream,Unnamed Waterway,0,0
285135547,stream,Unnamed Waterway,0,0
285333619,stream,Unnamed Waterway,0,0
285333620,stream,Unnamed Waterway,0,0
285333622,stream,Unnamed Waterway,0,0
285333623,stream,Unnamed Waterway,0,0
285333624,stream,Unnamed Waterway,0,0
285333626,stream,Unnamed Waterway,0,0
285333629,stream,Unnamed Waterway,0,0
285333630,stream,Unnamed Waterway,0,0
285333631,stream,Unnamed Waterway,0,0
285333632,stream,Unnamed Waterway,0,0
285333633,stream,Unnamed Waterway,0,0
285333636,stream,Unnamed Waterway,0,0
285333638,stream,Unnamed Waterway,0,0
285333639,stream,Unnamed Waterway,0,0
285333642,stream,Unnamed Waterway,0,0
285333643,stream,Unnamed Waterway,0,0
285333645,stream,Unnamed Waterway,0,0
285333646,stream,Unnamed Waterway,0,0
285333647,stream,Unnamed Waterway,0,0
285333648,stream,Unnamed Waterway,0,0
285333649,stream,Unnamed Waterway,0,0
285333650,stream,Unnamed Waterway,0,0
285333651,stream,Unnamed Waterway,0,0
285333652,stream,Unnamed Waterway,0,0
285333653,stream,Unnamed Waterway,0,0
285333654,stream,Unnamed Waterway,0,0
285333655,stream,Unnamed Waterway,0,0
285333656,stream,Unnamed Waterway,0,0
285333657,stream,Unnamed Waterway,0,0
285333658,stream,Unnamed Waterway,0,0
285333659,stream,Unnamed Waterway,0,0
285333660,stream,Unnamed Waterway,0,0
285333661,stream,Unnamed Waterway,0,0
285333663,stream,Unnamed Waterway,0,0
285333664,stream,Unnamed Waterway,0,0
285333665,stream,Unnamed Waterway,0,0
285333666,stream,Unnamed Waterway,0,0
285333669,stream,Unnamed Waterway,0,0
285333670,stream,Unnamed Waterway,0,0
285333671,stream,Unnamed Waterway,0,0
285333672,stream,Unnamed Waterway,0,0
285333673,stream,Unnamed Waterway,0,0
285333674,stream,Unnamed Waterway,0,0
285333676,stream,Unnamed Waterway,0,0
285333678,stream,Unnamed Waterway,0,0
285333680,stream,Unnamed Waterway,0,0
285333682,stream,Unnamed Waterway,0,0
285333683,stream,Unnamed Waterway,0,0
285333685,stream,Unnamed Waterway,0,0
285333687,stream,Unnamed Waterway,0,0
285333689,stream,Unnamed Waterway,0,0
285333690,stream,Unnamed Waterway,0,0
285333693,stream,Jānchal Khwar,0,0
285575632,stream,Gulbagh Nala,0,0
285575652,stream,Unnamed Waterway,0,0
285575660,stream,Unnamed Waterway,0,0
285575663,stream,Unnamed Waterway,0,0
285575667,stream,Unnamed Waterway,0,0
285575677,stream,Unnamed Waterway,0,0
285575691,stream,Unnamed Waterway,0,0
285575695,stream,Unnamed Waterway,0,0
285575697,stream,Unnamed Waterway,0,0
285612036,stream,Shagai Nala,0,0
285892780,canal,Unnamed Waterway,0,0
285892781,canal,Unnamed Waterway,0,0
285892782,stream,Unnamed Waterway,0,0
286259822,river,Unnamed Waterway,0,0
286346473,river,Unnamed Waterway,0,0
286347152,canal,Chashma Right Bank Canal,0,0
286347153,canal,Unnamed Waterway,0,0
286349221,canal,Chashma Rt Bank Canal,0,0
286386344,river,Unnamed Waterway,0,0
286386530,river,Unnamed Waterway,0,0
286473720,stream,Unnamed Waterway,0,0
286473723,stream,Unnamed Waterway,0,0
286780474,stream,Unnamed Waterway,0,0
286930010,canal,Sangowali Drain,0,0
286939766,stream,Unnamed Waterway,0,0
286939782,stream,Unnamed Waterway,0,0
286939795,stream,Unnamed Waterway,0,0
286939803,stream,Unnamed Waterway,0,0
286939819,stream,Unnamed Waterway,0,0
286939851,stream,Unnamed Waterway,0,0
286939860,stream,Unnamed Waterway,0,0
286975030,stream,Unnamed Waterway,0,0
287201910,canal,Unnamed Waterway,0,0
287201911,canal,Unnamed Waterway,0,0
287201912,canal,Unnamed Waterway,0,0
287626790,stream,Unnamed Waterway,0,0
287626812,stream,Unnamed Waterway,0,0
287626815,stream,Unnamed Waterway,0,0
287626819,stream,Unnamed Waterway,0,0
287626821,stream,Unnamed Waterway,0,0
287626825,stream,Unnamed Waterway,0,0
287626829,stream,Unnamed Waterway,0,0
287626831,stream,Unnamed Waterway,0,0
287626833,stream,Unnamed Waterway,0,0
287626835,stream,Unnamed Waterway,0,0
287626839,river,Unnamed Waterway,0,0
287626851,stream,Unnamed Waterway,0,0
287626861,stream,Unnamed Waterway,0,0
287626864,stream,Unnamed Waterway,0,0
287626875,stream,Unnamed Waterway,0,0
287626879,stream,Unnamed Waterway,0,0
287626883,stream,Unnamed Waterway,0,0
287626890,stream,Unnamed Waterway,0,0
287626893,stream,Unnamed Waterway,0,0
287626897,stream,Unnamed Waterway,0,0
287626901,stream,Unnamed Waterway,0,0
287626908,stream,Unnamed Waterway,0,0
287626922,stream,Unnamed Waterway,0,0
287626932,stream,Unnamed Waterway,0,0
287626950,stream,Unnamed Waterway,0,0
287626967,stream,Unnamed Waterway,0,0
287626990,river,Unnamed Waterway,0,0
287626996,river,Unnamed Waterway,0,0
287705047,canal,Nurpur Distributary,0,0
288175534,canal,Unnamed Waterway,0,0
288240726,stream,Unnamed Waterway,0,0
288240727,stream,Unnamed Waterway,0,0
288241181,stream,Unnamed Waterway,0,0
288241488,stream,Unnamed Waterway,0,0
289112870,river,Dhor Havellian,0,0
289906400,canal,Unnamed Waterway,0,0
289906401,canal,Kamoke Distributary,0,0
289950661,stream,Unnamed Waterway,0,0
289950663,stream,Unnamed Waterway,0,0
289950664,stream,Unnamed Waterway,0,0
289950665,stream,Unnamed Waterway,0,0
289950666,stream,Unnamed Waterway,0,0
289950667,stream,Unnamed Waterway,0,0
289950669,stream,Unnamed Waterway,0,0
289950670,stream,Unnamed Waterway,0,0
289950671,stream,Unnamed Waterway,0,0
289950672,stream,Unnamed Waterway,0,0
289950674,stream,Unnamed Waterway,0,0
289950675,stream,Unnamed Waterway,0,0
289950676,stream,Unnamed Waterway,0,0
289950677,stream,Unnamed Waterway,0,0
289950678,stream,Unnamed Waterway,0,0
289950679,stream,Unnamed Waterway,0,0
289950680,stream,Unnamed Waterway,0,0
289950681,stream,Unnamed Waterway,0,0
289950682,stream,Unnamed Waterway,0,0
289950683,stream,Unnamed Waterway,0,0
289950685,stream,Unnamed Waterway,0,0
289950686,stream,Unnamed Waterway,0,0
289950687,stream,Unnamed Waterway,0,0
290080887,stream,Unnamed Waterway,0,0
290080897,stream,Unnamed Waterway,0,0
290080912,stream,Unnamed Waterway,0,0
290080944,river,Dudīshāl,0,0
290080947,river,Dudīshāl,0,0
290080949,river,Unnamed Waterway,0,0
290080950,stream,Unnamed Waterway,0,0
290271630,stream,Unnamed Waterway,0,0
290271652,stream,Unnamed Waterway,0,0
290403948,canal,Unnamed Waterway,0,0
290409184,canal,Nara Canal,0,0
290409186,canal,Nara Canal,0,0
290409187,canal,Nara Canal,0,0
290409190,canal,Nara Canal,0,0
290409192,canal,Nara Canal,0,0
290409193,canal,Nara Canal,0,0
290409196,river,Nara Canal,0,0
290414357,river,Nara Canal,0,0
290445185,stream,Unnamed Waterway,0,0
290445186,stream,Unnamed Waterway,0,0
290445187,stream,Unnamed Waterway,0,0
290445189,stream,Unnamed Waterway,0,0
290445190,stream,Unnamed Waterway,0,0
290445193,stream,Unnamed Waterway,0,0
290445194,stream,Unnamed Waterway,0,0
290445195,stream,Unnamed Waterway,0,0
290445198,stream,Unnamed Waterway,0,0
290445203,stream,Unnamed Waterway,0,0
290445204,stream,Unnamed Waterway,0,0
290445205,stream,Unnamed Waterway,0,0
290445210,stream,Unnamed Waterway,0,0
290445217,stream,Unnamed Waterway,0,0
290445220,stream,Unnamed Waterway,0,0
290445221,stream,Unnamed Waterway,0,0
290445222,stream,Unnamed Waterway,0,0
290445225,stream,Unnamed Waterway,0,0
290445226,stream,Unnamed Waterway,0,0
290445227,stream,Unnamed Waterway,0,0
290445229,stream,Unnamed Waterway,0,0
290445231,stream,Unnamed Waterway,0,0
290445232,stream,Unnamed Waterway,0,0
290445234,stream,Unnamed Waterway,0,0
290445242,stream,Unnamed Waterway,0,0
290445243,stream,Unnamed Waterway,0,0
290445248,stream,Unnamed Waterway,0,0
290445249,stream,Unnamed Waterway,0,0
290445255,stream,Unnamed Waterway,0,0
290445258,stream,Unnamed Waterway,0,0
290445261,stream,Unnamed Waterway,0,0
290445264,stream,Unnamed Waterway,0,0
290445267,stream,Unnamed Waterway,0,0
290445277,stream,Unnamed Waterway,0,0
290445283,stream,Unnamed Waterway,0,0
290445292,stream,Unnamed Waterway,0,0
290445305,stream,Unnamed Waterway,0,0
290445313,stream,Unnamed Waterway,0,0
290445327,stream,Unnamed Waterway,0,0
290445330,stream,Unnamed Waterway,0,0
290445340,stream,Unnamed Waterway,0,0
290445347,stream,Unnamed Waterway,0,0
290445355,stream,Unnamed Waterway,0,0
290445363,stream,Unnamed Waterway,0,0
290445367,stream,Unnamed Waterway,0,0
290445379,stream,Unnamed Waterway,0,0
290445383,stream,Unnamed Waterway,0,0
290445391,stream,Unnamed Waterway,0,0
290445417,stream,Unnamed Waterway,0,0
290445418,stream,Unnamed Waterway,0,0
290445423,stream,Unnamed Waterway,0,0
290445425,stream,Unnamed Waterway,0,0
290445427,stream,Unnamed Waterway,0,0
290445431,stream,Unnamed Waterway,0,0
290445435,stream,Unnamed Waterway,0,0
290445442,stream,Unnamed Waterway,0,0
290445445,stream,Unnamed Waterway,0,0
290445448,stream,Unnamed Waterway,0,0
290445449,stream,Unnamed Waterway,0,0
290445456,stream,Unnamed Waterway,0,0
290445457,stream,Unnamed Waterway,0,0
290445458,stream,Unnamed Waterway,0,0
290445459,stream,Unnamed Waterway,0,0
290445466,stream,Unnamed Waterway,0,0
290445467,stream,Unnamed Waterway,0,0
290445468,stream,Unnamed Waterway,0,0
290445471,stream,Unnamed Waterway,0,0
290445472,stream,Unnamed Waterway,0,0
290445475,stream,Unnamed Waterway,0,0
290445476,stream,Unnamed Waterway,0,0
290445478,stream,Unnamed Waterway,0,0
290445479,stream,Unnamed Waterway,0,0
291438713,river,کیدام خوڑ,0,0
291586433,river,Barai Darra,0,0
291586434,stream,Unnamed Waterway,0,0
291586435,stream,Charai Khwar,0,0
291587279,stream,Unnamed Waterway,0,0
291587280,stream,Unnamed Waterway,0,0
291587281,stream,Unnamed Waterway,0,0
291594152,stream,Unnamed Waterway,0,0
291603739,river,Olal Khar,0,0
291603742,stream,Unnamed Waterway,0,0
291603743,stream,Unnamed Waterway,0,0
291676338,stream,Unnamed Waterway,0,0
291676343,river,Unnamed Waterway,0,0
291676344,stream,Unnamed Waterway,0,0
291676345,stream,Unnamed Waterway,0,0
291676346,river,Unnamed Waterway,0,0
291676347,stream,Unnamed Waterway,0,0
291676348,stream,Unnamed Waterway,0,0
291676349,river,Unnamed Waterway,0,0
291676361,river,Khanbari,0,0
291676371,river,Khanbari,0,0
291806961,stream,Unnamed Waterway,0,0
291806987,stream,Unnamed Waterway,0,0
291978528,stream,Unnamed Waterway,0,0
291978529,stream,Unnamed Waterway,0,0
291978530,stream,Unnamed Waterway,0,0
291978531,stream,Unnamed Waterway,0,0
291978532,stream,Unnamed Waterway,0,0
291978533,stream,Unnamed Waterway,0,0
291978534,stream,Unnamed Waterway,0,0
291978535,stream,Unnamed Waterway,0,0
291978536,stream,Unnamed Waterway,0,0
291978541,stream,Unnamed Waterway,0,0
291978544,stream,Unnamed Waterway,0,0
291978547,stream,Unnamed Waterway,0,0
291978548,stream,Unnamed Waterway,0,0
291978551,stream,Unnamed Waterway,0,0
291978552,stream,Unnamed Waterway,0,0
291978553,stream,Unnamed Waterway,0,0
291978554,stream,Unnamed Waterway,0,0
291978555,stream,Unnamed Waterway,0,0
291978556,river,Bora Gah,0,0
291978557,stream,Unnamed Waterway,0,0
291978558,stream,Unnamed Waterway,0,0
291978559,stream,Unnamed Waterway,0,0
291978561,stream,Unnamed Waterway,0,0
291978563,stream,Unnamed Waterway,0,0
291978564,stream,Unnamed Waterway,0,0
291978565,stream,Unnamed Waterway,0,0
291978566,stream,Unnamed Waterway,0,0
291978567,river,Bora Gah,0,0
291978589,river,Thor,0,0
291978590,river,Thor,0,0
291978591,stream,Maknen Gah,0,0
292488506,stream,Unnamed Waterway,0,0
292488507,stream,Unnamed Waterway,0,0
292488508,stream,Unnamed Waterway,0,0
292488509,stream,Unnamed Waterway,0,0
292488510,stream,Unnamed Waterway,0,0
292488511,stream,Unnamed Waterway,0,0
292488512,stream,Unnamed Waterway,0,0
292488513,stream,Unnamed Waterway,0,0
292488514,stream,Unnamed Waterway,0,0
292488515,stream,Unnamed Waterway,0,0
292488516,stream,Unnamed Waterway,0,0
292488517,stream,Unnamed Waterway,0,0
292488518,stream,Unnamed Waterway,0,0
292488519,stream,Unnamed Waterway,0,0
292488520,stream,Unnamed Waterway,0,0
292575411,stream,Unnamed Waterway,0,0
292575474,stream,Unnamed Waterway,0,0
292575501,stream,Unnamed Waterway,0,0
292575554,river,Shitan Gah,0,0
292575557,river,Shitan Gah,0,0
292575567,river,Thor,0,0
292657856,stream,Unnamed Waterway,0,0
292657862,stream,Unnamed Waterway,0,0
292657864,stream,Unnamed Waterway,0,0
292657865,stream,Unnamed Waterway,0,0
292657867,stream,Unnamed Waterway,0,0
292657869,stream,Unnamed Waterway,0,0
292657871,stream,Unnamed Waterway,0,0
292657872,stream,Unnamed Waterway,0,0
292657873,stream,Unnamed Waterway,0,0
292657874,stream,Unnamed Waterway,0,0
292657876,river,Jumo Gah,0,0
292657877,stream,Jumo Gah,0,0
292794668,stream,Unnamed Waterway,0,0
292794674,stream,Unnamed Waterway,0,0
292794688,stream,Unnamed Waterway,0,0
292794689,stream,Unnamed Waterway,0,0
292794694,stream,Unnamed Waterway,0,0
292794695,stream,Unnamed Waterway,0,0
292794698,stream,Unnamed Waterway,0,0
292794699,stream,Unnamed Waterway,0,0
292794700,stream,Unnamed Waterway,0,0
292794702,stream,Unnamed Waterway,0,0
292794703,stream,Unnamed Waterway,0,0
292794704,stream,Unnamed Waterway,0,0
292794706,stream,Unnamed Waterway,0,0
292794708,stream,Unnamed Waterway,0,0
292794710,stream,Unnamed Waterway,0,0
292794712,stream,Unnamed Waterway,0,0
292794715,stream,Unnamed Waterway,0,0
292794717,stream,Unnamed Waterway,0,0
292794720,stream,Unnamed Waterway,0,0
292794722,stream,Unnamed Waterway,0,0
292794723,stream,Unnamed Waterway,0,0
292794726,stream,Unnamed Waterway,0,0
292794730,stream,Unnamed Waterway,0,0
293409332,river,Bora Gah,0,0
293409333,stream,Unnamed Waterway,0,0
293409334,stream,Unnamed Waterway,0,0
293409335,stream,Unnamed Waterway,0,0
293409336,stream,Unnamed Waterway,0,0
293409337,stream,Unnamed Waterway,0,0
293409338,stream,Unnamed Waterway,0,0
293409339,stream,Unnamed Waterway,0,0
293409340,stream,Unnamed Waterway,0,0
293409341,stream,Unnamed Waterway,0,0
293409342,stream,Unnamed Waterway,0,0
293409343,stream,Unnamed Waterway,0,0
293409344,stream,Unnamed Waterway,0,0
293409345,stream,Unnamed Waterway,0,0
293409347,stream,Unnamed Waterway,0,0
293409348,stream,Unnamed Waterway,0,0
293409349,stream,Unnamed Waterway,0,0
293409350,stream,Unnamed Waterway,0,0
293409351,stream,Unnamed Waterway,0,0
293409352,stream,Unnamed Waterway,0,0
293409353,stream,Unnamed Waterway,0,0
293409354,stream,Unnamed Waterway,0,0
293409356,stream,Unnamed Waterway,0,0
293409357,stream,Unnamed Waterway,0,0
293409358,stream,Unnamed Waterway,0,0
293409359,stream,Unnamed Waterway,0,0
293409360,stream,Unnamed Waterway,0,0
293409361,stream,Unnamed Waterway,0,0
293409362,stream,Unnamed Waterway,0,0
293409363,stream,Unnamed Waterway,0,0
293409364,stream,Unnamed Waterway,0,0
293409365,stream,Unnamed Waterway,0,0
293409366,stream,Unnamed Waterway,0,0
293409367,stream,Unnamed Waterway,0,0
293409368,stream,Unnamed Waterway,0,0
293409369,stream,Unnamed Waterway,0,0
293409370,stream,Unnamed Waterway,0,0
293409371,stream,Unnamed Waterway,0,0
293409372,stream,Unnamed Waterway,0,0
293409373,stream,Unnamed Waterway,0,0
293409374,stream,Unnamed Waterway,0,0
293409375,stream,Unnamed Waterway,0,0
293409376,stream,Unnamed Waterway,0,0
293409377,stream,Unnamed Waterway,0,0
293409378,stream,Unnamed Waterway,0,0
293409380,stream,Unnamed Waterway,0,0
293409381,stream,Unnamed Waterway,0,0
293409382,stream,Unnamed Waterway,0,0
293409383,stream,Unnamed Waterway,0,0
293409384,stream,Unnamed Waterway,0,0
293409385,stream,Unnamed Waterway,0,0
293409386,stream,Unnamed Waterway,0,0
293409387,stream,Unnamed Waterway,0,0
293409388,stream,Unnamed Waterway,0,0
293409389,stream,Unnamed Waterway,0,0
293409390,stream,Unnamed Waterway,0,0
293409392,stream,Unnamed Waterway,0,0
293409393,stream,Unnamed Waterway,0,0
293409394,stream,Unnamed Waterway,0,0
293409395,stream,Unnamed Waterway,0,0
293409396,stream,Unnamed Waterway,0,0
293409397,stream,Unnamed Waterway,0,0
293409398,stream,Unnamed Waterway,0,0
293409399,stream,Unnamed Waterway,0,0
293409400,stream,Unnamed Waterway,0,0
293409401,stream,Unnamed Waterway,0,0
293409402,stream,Unnamed Waterway,0,0
293409403,stream,Unnamed Waterway,0,0
293409404,stream,Unnamed Waterway,0,0
293409405,stream,Unnamed Waterway,0,0
293409406,stream,Unnamed Waterway,0,0
293409407,stream,Unnamed Waterway,0,0
293409410,stream,Unnamed Waterway,0,0
293409414,stream,Unnamed Waterway,0,0
293409417,stream,Unnamed Waterway,0,0
293409419,stream,Unnamed Waterway,0,0
293409423,stream,Unnamed Waterway,0,0
293409425,stream,Unnamed Waterway,0,0
293409429,stream,Unnamed Waterway,0,0
293409434,stream,Unnamed Waterway,0,0
293409438,stream,Unnamed Waterway,0,0
293409442,stream,Unnamed Waterway,0,0
293409445,stream,Unnamed Waterway,0,0
293409448,stream,Unnamed Waterway,0,0
293409450,stream,Unnamed Waterway,0,0
293409452,stream,Unnamed Waterway,0,0
293409455,stream,Unnamed Waterway,0,0
293409457,stream,Unnamed Waterway,0,0
293409464,stream,Unnamed Waterway,0,0
293409472,stream,Unnamed Waterway,0,0
293409477,stream,Unnamed Waterway,0,0
293409481,stream,Unnamed Waterway,0,0
293409486,stream,Unnamed Waterway,0,0
293409493,stream,Unnamed Waterway,0,0
293409498,stream,Unnamed Waterway,0,0
293409503,stream,Unnamed Waterway,0,0
293409505,stream,Unnamed Waterway,0,0
293409508,stream,Unnamed Waterway,0,0
293409522,stream,Unnamed Waterway,0,0
293409524,stream,Unnamed Waterway,0,0
293409527,stream,Unnamed Waterway,0,0
293409529,stream,Unnamed Waterway,0,0
293409532,stream,Unnamed Waterway,0,0
293409534,stream,Unnamed Waterway,0,0
293409536,stream,Unnamed Waterway,0,0
293409538,stream,Unnamed Waterway,0,0
293409540,stream,Unnamed Waterway,0,0
293409545,stream,Unnamed Waterway,0,0
293409548,stream,Unnamed Waterway,0,0
293409552,stream,Unnamed Waterway,0,0
293409556,stream,Unnamed Waterway,0,0
293409559,stream,Unnamed Waterway,0,0
293409561,stream,Unnamed Waterway,0,0
293409563,stream,Unnamed Waterway,0,0
293409565,stream,Unnamed Waterway,0,0
293409567,stream,Unnamed Waterway,0,0
293409569,stream,Unnamed Waterway,0,0
293409571,stream,Unnamed Waterway,0,0
293409572,stream,Unnamed Waterway,0,0
293409576,stream,Unnamed Waterway,0,0
293409578,stream,Unnamed Waterway,0,0
293409580,stream,Unnamed Waterway,0,0
293409583,stream,Unnamed Waterway,0,0
293409587,stream,Unnamed Waterway,0,0
293409589,stream,Unnamed Waterway,0,0
293409591,stream,Unnamed Waterway,0,0
293409594,stream,Unnamed Waterway,0,0
293409596,stream,Unnamed Waterway,0,0
293409597,stream,Unnamed Waterway,0,0
293409598,stream,Unnamed Waterway,0,0
293409601,stream,Unnamed Waterway,0,0
293409604,stream,Unnamed Waterway,0,0
293409609,stream,Unnamed Waterway,0,0
293409613,stream,Unnamed Waterway,0,0
293409617,stream,Unnamed Waterway,0,0
293409620,stream,Unnamed Waterway,0,0
293409622,stream,Unnamed Waterway,0,0
293409624,stream,Unnamed Waterway,0,0
293409627,stream,Unnamed Waterway,0,0
293409629,stream,Unnamed Waterway,0,0
293409634,stream,Unnamed Waterway,0,0
293409636,stream,Unnamed Waterway,0,0
293409638,stream,Unnamed Waterway,0,0
293409640,stream,Unnamed Waterway,0,0
293409642,stream,Unnamed Waterway,0,0
293409645,stream,Unnamed Waterway,0,0
293409647,stream,Unnamed Waterway,0,0
293409649,stream,Unnamed Waterway,0,0
293409651,stream,Unnamed Waterway,0,0
293409653,stream,Unnamed Waterway,0,0
293409656,stream,Unnamed Waterway,0,0
293409658,stream,Unnamed Waterway,0,0
293409660,stream,Unnamed Waterway,0,0
293409664,stream,Unnamed Waterway,0,0
293409665,stream,Unnamed Waterway,0,0
293409666,stream,Unnamed Waterway,0,0
293409667,stream,Unnamed Waterway,0,0
293409668,stream,Unnamed Waterway,0,0
293461359,stream,Unnamed Waterway,0,0
293461362,stream,Unnamed Waterway,0,0
293461365,stream,Unnamed Waterway,0,0
293461369,stream,Unnamed Waterway,0,0
293461372,stream,Unnamed Waterway,0,0
293461374,stream,Unnamed Waterway,0,0
293461376,stream,Unnamed Waterway,0,0
293461377,stream,Unnamed Waterway,0,0
293461378,stream,Unnamed Waterway,0,0
293461380,stream,Unnamed Waterway,0,0
293461381,stream,Unnamed Waterway,0,0
293461382,stream,Unnamed Waterway,0,0
293461384,river,Maknen Gah,0,0
293461387,river,Maknen Gah,0,0
293461401,river,Sāsing Gah,0,0
293461404,river,Sāsing Gah,0,0
293802952,stream,Unnamed Waterway,0,0
294777110,river,Unnamed Waterway,0,0
295127528,river,Surgun Nala,0,0
295432108,river,Unnamed Waterway,0,0
295534262,river,Shahi Wah,0,0
295534263,canal,Unnamed Waterway,0,0
295572977,canal,Canal شاخ,0,0
295935543,canal,Unnamed Waterway,0,0
295942364,canal,Kachkot Canal,0,0
295942365,canal,Right Bank Canal,0,0
296075301,stream,Unnamed Waterway,0,0
296077121,canal,Unnamed Waterway,0,0
296097019,canal,Sem Nala,0,0
296577226,canal,Unnamed Waterway,0,0
296577228,canal,Unnamed Waterway,0,0
296584777,river,Unnamed Waterway,0,0
297269693,river,Unnamed Waterway,0,0
298209847,stream,Unnamed Waterway,0,0
298209848,stream,Unnamed Waterway,0,0
298680447,canal,Lohra Nullah,0,0
298906073,river,ردياۓ بولان,0,0
298919730,stream,Unnamed Waterway,0,0
298931960,river,Unnamed Waterway,0,0
298931961,stream,Unnamed Waterway,0,0
298948304,stream,Unnamed Waterway,0,0
299595214,river,Unnamed Waterway,0,0
299680667,river,Jagran,0,0
299706832,river,Unnamed Waterway,0,0
299706834,river,Unnamed Waterway,0,0
299706835,river,Unnamed Waterway,0,0
299712639,river,Unnamed Waterway,0,0
299742769,river,Bustargi Nala,0,0
299756811,stream,Unnamed Waterway,0,0
299757649,river,Dozakh Nala,0,0
299757650,river,Domaira Nala,0,0
299757651,river,Wuchdana Nala,0,0
299758227,river,Unnamed Waterway,0,0
299758228,river,Kuriak Rud,0,0
299855676,river,Unnamed Waterway,0,0
299855677,river,Unnamed Waterway,0,0
299858821,river,Belab River,0,0
299862394,river,Unnamed Waterway,0,0
299929635,river,Kaitu River,0,0
299936561,canal,Right Bank Canal,0,0
299938744,river,Kurram River,0,0
300066972,canal,Unnamed Waterway,0,0
300066973,canal,Unnamed Waterway,0,0
300093016,canal,Unnamed Waterway,0,0
300104468,river,دریائے توچی,0,0
300128691,river,Unnamed Waterway,0,0
301001347,river,Unnamed Waterway,0,0
301001348,river,Unnamed Waterway,0,0
301173174,river,Unnamed Waterway,0,0
301282752,stream,Unnamed Waterway,0,0
301285099,stream,Unnamed Waterway,0,0
301357380,canal,Unnamed Waterway,0,0
301850802,canal,Phalia Distributary,0,0
302013545,stream,Nullah,0,0
302590316,river,Nasari Toi,0,0
302600421,river,Unnamed Waterway,0,0
302688057,river,Konai River,0,0
302690185,canal,Unnamed Waterway,0,0
302690186,canal,Unnamed Waterway,0,0
302690187,canal,Unnamed Waterway,0,0
302760595,river,Unnamed Waterway,0,0
302976132,stream,Unnamed Waterway,0,0
303244129,river,Unnamed Waterway,0,0
303246172,river,Unnamed Waterway,0,0
303316881,canal,Unnamed Waterway,0,0
303492179,river,Zeran Toi,0,0
303785556,river,Unnamed Waterway,0,0
304175832,stream,Unnamed Waterway,0,0
304175833,stream,Unnamed Waterway,0,0
304175834,river,Unnamed Waterway,0,0
304596469,river,Unnamed Waterway,0,0
304596471,river,Unnamed Waterway,0,0
304598231,river,Unnamed Waterway,0,0
304598233,river,Unnamed Waterway,0,0
304691437,river,Unnamed Waterway,0,0
304788291,stream,Unnamed Waterway,0,0
304788292,stream,Nilkanth Nala,0,0
304788293,stream,Unnamed Waterway,0,0
304788294,stream,Unnamed Waterway,0,0
304788295,river,Mahl River,0,0
304788299,stream,Unnamed Waterway,0,0
304788300,river,Mahl River,0,0
304788302,river,Unnamed Waterway,0,0
304793291,stream,Unnamed Waterway,0,0
304793293,stream,Kirdi Nala,0,0
304793295,stream,Unnamed Waterway,0,0
304793405,stream,Mundi Nala,0,0
304793408,stream,Unnamed Waterway,0,0
304793411,stream,Sando nala,0,0
304793415,stream,Tololing Nala,0,0
304793419,stream,Safaid Nala,0,0
304799364,canal,Unnamed Waterway,0,0
304799365,canal,Unnamed Waterway,0,0
304799368,canal,Unnamed Waterway,0,0
304913993,stream,Unnamed Waterway,0,0
304913994,stream,Unnamed Waterway,0,0
304913995,stream,Unnamed Waterway,0,0
304913996,stream,Unnamed Waterway,0,0
304913997,stream,Unnamed Waterway,0,0
304913998,stream,Unnamed Waterway,0,0
304913999,stream,Unnamed Waterway,0,0
304914000,stream,Nala Jub,0,0
304914003,stream,Nala Jub,0,0
304914008,stream,Unnamed Waterway,0,0
304916484,stream,Nala Jub,0,0
304916486,stream,Unnamed Waterway,0,0
304916488,stream,Nala Jub,0,0
304916490,stream,Nala Jub,0,0
304916493,stream,Nala Jub,0,0
304916494,stream,Nala Jub,0,0
304954937,stream,Jharee Kas,0,0
304955923,stream,Jharee Kas,0,0
305333325,stream,Bhed Nullah,0,0
305403943,river,بھنڈر نالہ,0,0
305404241,river,Unnamed Waterway,0,0
305404243,stream,Unnamed Waterway,0,0
305404244,stream,Unnamed Waterway,0,0
306057853,river,دریائے سواں,0,0
306087211,canal,Unnamed Waterway,0,0
306346169,stream,Unnamed Waterway,0,0
306346526,stream,Sokha Kas,0,0
307010660,river,ہجیرہ نالہ,0,0
307094348,river,Unnamed Waterway,0,0
308539516,stream,Unnamed Waterway,0,0
308653506,canal,Unnamed Waterway,0,0
308653621,canal,Unnamed Waterway,0,0
308753552,stream,Rain water Ditch,0,0
308753557,stream,rain water,0,0
308753559,stream,Unnamed Waterway,0,0
308753565,stream,Unnamed Waterway,0,0
308753908,stream,Unnamed Waterway,0,0
308753909,stream,Unnamed Waterway,0,0
308753910,stream,Unnamed Waterway,0,0
308753911,stream,Unnamed Waterway,0,0
308753912,stream,Unnamed Waterway,0,0
308753986,stream,Unnamed Waterway,0,0
308753987,stream,Unnamed Waterway,0,0
308753988,stream,Unnamed Waterway,0,0
309217812,stream,Unnamed Waterway,0,0
309230209,river,Unnamed Waterway,0,0
309232246,river,Unnamed Waterway,0,0
309917209,river,Korakan River,0,0
310092360,canal,Waghi Distributary,0,0
310092361,canal,Unnamed Waterway,0,0
310092362,canal,Unnamed Waterway,0,0
310092364,canal,Unnamed Waterway,0,0
310092365,canal,گوگيره برانچ ﻧﻬﺮ,0,0
310092366,canal,Unnamed Waterway,0,0
310092367,canal,Unnamed Waterway,0,0
310092368,canal,Unnamed Waterway,0,0
310092370,canal,Unnamed Waterway,0,0
310327838,canal,Unnamed Waterway,0,0
310327839,canal,Unnamed Waterway,0,0
311060391,stream,Unnamed Waterway,0,0
311060392,stream,Unnamed Waterway,0,0
311061540,stream,Unnamed Waterway,0,0
311061541,stream,Unnamed Waterway,0,0
311061638,stream,Unnamed Waterway,0,0
311061639,stream,Unnamed Waterway,0,0
311061640,stream,Nala,0,0
311061641,stream,Unnamed Waterway,0,0
311061642,stream,Unnamed Waterway,0,0
311061643,stream,Unnamed Waterway,0,0
311741839,canal,Unnamed Waterway,0,0
311741840,canal,Unnamed Waterway,0,0
311741841,canal,Unnamed Waterway,0,0
311741842,canal,Unnamed Waterway,0,0
311741843,canal,Unnamed Waterway,0,0
311741844,canal,Unnamed Waterway,0,0
311741845,canal,Unnamed Waterway,0,0
311803984,canal,Unnamed Waterway,0,0
311803985,canal,Unnamed Waterway,0,0
311971410,canal,15-L Canal,0,0
312480169,canal,Unnamed Waterway,0,0
312480172,canal,Unnamed Waterway,0,0
312480173,canal,Unnamed Waterway,0,0
312480174,canal,Unnamed Waterway,0,0
312480176,canal,Unnamed Waterway,0,0
312480179,canal,Unnamed Waterway,0,0
312480181,canal,Unnamed Waterway,0,0
312480184,canal,Unnamed Waterway,0,0
312717115,stream,Khaira Distributory,0,0
312717120,stream,Khaira Distributory,0,0
312717716,stream,Khaira Distributory,0,0
314731445,river,الـگـآ ڈ,0,0
314732227,stream,Tangaiy,0,0
314732228,river,ا لـگـآ ڈ,0,0
315246758,canal,Niaz Beg Distributary,0,0
315602572,stream,Unnamed Waterway,0,0
316708986,stream,Khaira Distributroy,0,0
316708989,stream,Khaira Distributroy,0,0
317047440,canal,نہر,0,0
317049674,canal,نہر,0,0
317049676,canal,نہر,0,0
317157019,canal,نہر,0,0
317157020,canal,canal bridge,0,0
317259797,river,لنگ نالہ,0,0
317421522,stream,Unnamed Waterway,0,0
317440393,river,دریائے سواں,0,0
317522214,canal,Unnamed Waterway,0,0
318069686,canal,Aza Kheil o Dam KHUWAD / خوڑ ازا خیل ڈیم,0,0
318181422,stream,Unnamed Waterway,0,0
318181423,stream,Unnamed Waterway,0,0
318181501,stream,BARANI OBA,0,0
318195387,canal,Nehar,0,0
318195388,canal,Unnamed Waterway,0,0
318197989,canal,Unnamed Waterway,0,0
318197991,canal,Unnamed Waterway,0,0
318198453,canal,NEHAR /  نہر,0,0
318198764,canal,Unnamed Waterway,0,0
318198765,canal,NEHAR /  نہر,0,0
318320220,river,Unnamed Waterway,0,0
318320221,stream,Unnamed Waterway,0,0
318320223,river,Unnamed Waterway,0,0
318675273,river,Unnamed Waterway,0,0
318919686,river,Unnamed Waterway,0,0
319416417,stream,Unnamed Waterway,0,0
320117219,river,Unnamed Waterway,0,0
320117231,river,Unnamed Waterway,0,0
320117236,river,Unnamed Waterway,0,0
320117240,river,سانگھڑ‎,0,0
320401477,river,Unnamed Waterway,0,0
320401478,river,Unnamed Waterway,0,0
320401479,stream,Unnamed Waterway,0,0
320403540,river,Unnamed Waterway,0,0
320403541,river,Unnamed Waterway,0,0
320403542,river,Unnamed Waterway,0,0
320403544,river,Unnamed Waterway,0,0
320403545,stream,Unnamed Waterway,0,0
320465701,river,Unnamed Waterway,0,0
320669786,stream,Unnamed Waterway,0,0
320669787,stream,water bridge,0,0
320669788,stream,Under ground pipeline,0,0
320669789,stream,Unnamed Waterway,0,0
320669793,stream,Under ground pipe,0,0
320669794,stream,Unnamed Waterway,0,0
320672211,stream,Underground Pipeline,0,0
320672214,stream,Unnamed Waterway,0,0
321069091,canal,Unnamed Waterway,0,0
321069781,canal,Unnamed Waterway,0,0
321069782,canal,Unnamed Waterway,0,0
321074403,canal,Unnamed Waterway,0,0
321074404,canal,Unnamed Waterway,0,0
321074405,canal,Unnamed Waterway,0,0
321300525,stream,Unnamed Waterway,0,0
321300526,stream,Unnamed Waterway,0,0
321300529,stream,Unnamed Waterway,0,0
321300530,stream,Unnamed Waterway,0,0
321382568,canal,Unnamed Waterway,0,0
321385831,canal,Unnamed Waterway,0,0
321385832,canal,Unnamed Waterway,0,0
321385833,canal,Unnamed Waterway,0,0
321385834,canal,Unnamed Waterway,0,0
321385835,canal,Unnamed Waterway,0,0
321385836,canal,Unnamed Waterway,0,0
321385837,canal,Unnamed Waterway,0,0
321385838,canal,Unnamed Waterway,0,0
321385840,canal,Unnamed Waterway,0,0
321416635,canal,Unnamed Waterway,0,0
321418457,canal,Unnamed Waterway,0,0
321418461,canal,Unnamed Waterway,0,0
321418464,canal,Unnamed Waterway,0,0
321507207,canal,Unnamed Waterway,0,0
321972087,river,گھوٹکی فیڈر کینال,0,0
321972088,river,بیگاری سندھ فیڈر کینال,0,0
321972089,river,ڈیزرٹ پٹ فیڈر کینال,0,0
322232261,canal,Nokhar Branch,0,0
322232262,canal,Unnamed Waterway,0,0
323671485,river,Unnamed Waterway,0,0
323671486,river,Unnamed Waterway,0,0
323671487,river,Unnamed Waterway,0,0
323790264,river,Kiran Saiki nala,0,0
323912744,canal,Unnamed Waterway,0,0
324223849,stream,Unnamed Waterway,0,0
324223851,stream,Unnamed Waterway,0,0
324223853,stream,Unnamed Waterway,0,0
324223855,stream,Unnamed Waterway,0,0
324596850,river,Unnamed Waterway,0,0
326984202,canal,Unnamed Waterway,0,0
326984205,canal,Unnamed Waterway,0,0
327005862,canal,Unnamed Waterway,0,0
327031629,canal,Unnamed Waterway,0,0
327141817,stream,Unnamed Waterway,0,0
327330247,stream,Giche Gah,0,0
327498643,river,Thalpan Gah,0,0
327498703,river,Thak Nayat Gah,0,0
327520059,river,Sādiq Feeder,0,0
327520062,canal,Unnamed Waterway,0,0
327873577,canal,Unnamed Waterway,0,0
329234328,canal,Unnamed Waterway,0,0
329371679,river,Unnamed Waterway,0,0
329371680,river,Unnamed Waterway,0,0
329731549,canal,Lahore Defance Canal,0,0
329898310,stream,Unnamed Waterway,0,0
330922206,canal,Kamoke Distributary,0,0
330922207,canal,Kamoke Distributary,0,0
331765837,river,Unnamed Waterway,0,0
332451566,canal,Unnamed Waterway,0,0
332451567,canal,Unnamed Waterway,0,0
332655636,canal,water channels,0,0
332655637,canal,waterchannels,0,0
333179993,stream,Unnamed Waterway,0,0
333534520,river,Unnamed Waterway,0,0
333536174,river,گلنئ نالا,0,0
334165396,stream,Jub,0,0
334165397,stream,Jub,0,0
334181083,stream,Jub Canal,0,0
334181710,stream,Jub Canal,0,0
334181906,stream,Jub Link Canal,0,0
334181907,stream,Jub LInk Canal,0,0
334181930,stream,Jub Link Canal,0,0
334181960,stream,Jub link Canal,0,0
334182065,stream,Jub Canal,0,0
334182616,stream,Jub Canal,0,0
334182999,stream,Jub,0,0
334212033,canal,Irriggation Canal,0,0
337113421,river,Unnamed Waterway,0,0
338231589,river,Unnamed Waterway,0,0
339084054,river,Unnamed Waterway,0,0
339142318,stream,Unnamed Waterway,0,0
339143173,stream,Unnamed Waterway,0,0
339395525,river,Unnamed Waterway,0,0
339395787,river,Unnamed Waterway,0,0
339398095,river,Unnamed Waterway,0,0
340305488,stream,Unnamed Waterway,0,0
340455141,stream,Unnamed Waterway,0,0
340455142,stream,Unnamed Waterway,0,0
340455143,stream,Unnamed Waterway,0,0
340455144,stream,Unnamed Waterway,0,0
340457048,river,Unnamed Waterway,0,0
340457052,stream,Unnamed Waterway,0,0
342164169,river,Unnamed Waterway,0,0
342365176,stream,Unnamed Waterway,0,0
342365177,stream,Unnamed Waterway,0,0
342365178,stream,Unnamed Waterway,0,0
342365179,stream,Unnamed Waterway,0,0
342365180,stream,Unnamed Waterway,0,0
342365181,stream,Unnamed Waterway,0,0
342365183,stream,Unnamed Waterway,0,0
342365188,stream,Unnamed Waterway,0,0
342365192,stream,Unnamed Waterway,0,0
342365197,stream,Unnamed Waterway,0,0
342952045,stream,Unnamed Waterway,0,0
343041701,canal,Unnamed Waterway,0,0
343041702,canal,Unnamed Waterway,0,0
343148974,river,Unnamed Waterway,0,0
343148975,river,Unnamed Waterway,0,0
343232573,stream,Wach Khwar,0,0
343929208,river,بازار نالہ,0,0
343958112,stream,Unnamed Waterway,0,0
343959805,river,Unnamed Waterway,0,0
344270863,canal,Unnamed Waterway,0,0
344693050,stream,Unnamed Waterway,0,0
344761827,stream,Bekhat Gah,0,0
344761828,stream,Bekhat Gah,0,0
345573032,river,Hushe River,0,0
345612967,stream,Sadpara Gol,0,0
345629042,river,Kalash River,0,0
345636708,stream,Unnamed Waterway,0,0
345777189,river,Bugiwai Lungma,0,0
345806360,stream,Unnamed Waterway,0,0
345809792,stream,Unnamed Waterway,0,0
345810819,river,Gilgit River,0,0
345811354,river,Gilgit River,0,0
346110249,river,Gilgit River,0,0
346111527,river,Unnamed Waterway,0,0
346116215,river,Kargah,0,0
346660458,river,Burzil Nala,0,0
346669085,stream,Unnamed Waterway,0,0
347717484,river,دریا خنجراب,0,0
347717485,river,Khunjerāb River,0,0
347720775,river,Khunjerāb River,0,0
347985524,stream,Unnamed Waterway,0,0
347985649,river,Shimshal River,0,0
349284997,river,Gilgit River,0,0
349284998,river,Yasin River,0,0
349301686,river,Unnamed Waterway,0,0
349301692,river,Unnamed Waterway,0,0
349308742,river,Laspur,0,0
349325676,river,Kunar دریائے چترال,0,0
349325677,stream,Unnamed Waterway,0,0
349487948,stream,Unnamed Waterway,0,0
349488646,stream,Unnamed Waterway,0,0
349490895,stream,Unnamed Waterway,0,0
349490897,stream,Unnamed Waterway,0,0
349491988,stream,Unnamed Waterway,0,0
349611811,river,Unnamed Waterway,0,0
350144976,stream,Unnamed Waterway,0,0
350144979,stream,Unnamed Waterway,0,0
350145647,river,Unnamed Waterway,0,0
350179530,stream,Unnamed Waterway,0,0
350180022,stream,Unnamed Waterway,0,0
350185988,river,Unnamed Waterway,0,0
350189884,stream,Unnamed Waterway,0,0
350195319,stream,Unnamed Waterway,0,0
350209912,stream,Unnamed Waterway,0,0
350214853,river,Mir Malik Gah,0,0
350216036,river,Mir Malik Gah,0,0
350216037,river,Chahdbili,0,0
350473927,river,Unnamed Waterway,0,0
350473928,river,Unnamed Waterway,0,0
350478003,stream,Unnamed Waterway,0,0
350479760,stream,Unnamed Waterway,0,0
350634647,stream,Unnamed Waterway,0,0
350636739,stream,Unnamed Waterway,0,0
350636740,stream,Unnamed Waterway,0,0
350692669,river,Unnamed Waterway,0,0
350703144,stream,Unnamed Waterway,0,0
350706904,stream,Unnamed Waterway,0,0
351232063,river,Unnamed Waterway,0,0
351232064,river,Unnamed Waterway,0,0
351232065,stream,Unnamed Waterway,0,0
351234724,stream,Unnamed Waterway,0,0
351274845,stream,Unnamed Waterway,0,0
351500792,stream,Unnamed Waterway,0,0
351734097,stream,Unnamed Waterway,0,0
351935315,stream,Unnamed Waterway,0,0
351936837,river,Siran River,0,0
351938614,river,Unnamed Waterway,0,0
351963618,river,Unnamed Waterway,0,0
352117532,river,Unnamed Waterway,0,0
352124694,stream,Unnamed Waterway,0,0
352142832,stream,Unnamed Waterway,0,0
352142833,stream,Unnamed Waterway,0,0
352154240,stream,Unnamed Waterway,0,0
353256179,river,Unnamed Waterway,0,0
353278600,river,Unnamed Waterway,0,0
353489812,canal,Unnamed Waterway,0,0
353537541,canal,Chaukera Minor,0,0
353647858,river,خوست سین,0,0
353672464,river,Unnamed Waterway,0,0
353898866,stream,Unnamed Waterway,0,0
354611837,stream,Unnamed Waterway,0,0
354656793,river,Unnamed Waterway,0,0
354656796,stream,Unnamed Waterway,0,0
354926438,stream,Unnamed Waterway,0,0
354926440,stream,Unnamed Waterway,0,0
354961151,river,Unnamed Waterway,0,0
355190342,river,Unnamed Waterway,0,0
355194197,river,Bamburait River,0,0
355199104,stream,Acholgah Gol,0,0
355322152,stream,Unnamed Waterway,0,0
355373555,stream,Shawai Nala,0,0
355378386,stream,Unnamed Waterway,0,0
355519698,river,Unnamed Waterway,0,0
355519699,river,Unnamed Waterway,0,0
355519700,river,Unnamed Waterway,0,0
355519701,river,Unnamed Waterway,0,0
355578796,river,نالہ بنہاں,0,0
356675731,stream,Unnamed Waterway,0,0
356675734,river,Unnamed Waterway,0,0
357279289,stream,Unnamed Waterway,0,0
357279514,river,شیشی,0,0
357281575,stream,Unnamed Waterway,0,0
357282458,stream,Unnamed Waterway,0,0
357940140,river,Unnamed Waterway,0,0
358409155,river,Unnamed Waterway,0,0
358431200,river,Unnamed Waterway,0,0
358431201,stream,Unnamed Waterway,0,0
358437914,stream,holar nala,0,0
358442765,river,Unnamed Waterway,0,0
358448338,stream,Unnamed Waterway,0,0
358448339,stream,Unnamed Waterway,0,0
358542641,stream,Unnamed Waterway,0,0
358542642,stream,Unnamed Waterway,0,0
358542643,stream,Unnamed Waterway,0,0
358542644,stream,Unnamed Waterway,0,0
358712624,river,Unnamed Waterway,0,0
358712625,stream,Unnamed Waterway,0,0
358713297,river,Unnamed Waterway,0,0
358713298,stream,Unnamed Waterway,0,0
358713520,stream,Unnamed Waterway,0,0
358713900,river,دریائے توچی,0,0
358714321,river,Unnamed Waterway,0,0
358715017,river,Unnamed Waterway,0,0
358716334,river,Shawal River,0,0
358716335,river,Shawal River,0,0
358717295,river,Unnamed Waterway,0,0
358718716,river,دریائے توچی,0,0
359642314,river,بن خوڑ,0,0
359642316,stream,Unnamed Waterway,0,0
359882942,river,Unnamed Waterway,0,0
359882944,stream,Unnamed Waterway,0,0
359882945,river,Unnamed Waterway,0,0
359885203,river,Unnamed Waterway,0,0
359885204,river,Unnamed Waterway,0,0
360178787,river,ٹانک زام,0,0
360178788,river,Baddar Algad,0,0
360179085,stream,Unnamed Waterway,0,0
360205379,river,Unnamed Waterway,0,0
360205381,stream,Unnamed Waterway,0,0
360205382,stream,Unnamed Waterway,0,0
360205384,stream,Unnamed Waterway,0,0
360206399,river,Unnamed Waterway,0,0
360206400,stream,Unnamed Waterway,0,0
360206401,stream,Unnamed Waterway,0,0
360206402,stream,Unnamed Waterway,0,0
360206739,river,Unnamed Waterway,0,0
360350025,canal,Unnamed Waterway,0,0
361452664,river,Malakand Darra River,0,0
361454153,stream,Unnamed Waterway,0,0
361602498,river,Unnamed Waterway,0,0
362246628,stream,Unnamed Waterway,0,0
363022086,stream,Unnamed Waterway,0,0
363022087,stream,Unnamed Waterway,0,0
363023859,river,Thak Nayat Gah,0,0
363023860,river,Unnamed Waterway,0,0
363432938,river,Unnamed Waterway,0,0
363603180,river,Unnamed Waterway,0,0
363604608,stream,Storm water,0,0
363770468,river,Unnamed Waterway,0,0
363772317,river,Unnamed Waterway,0,0
364550579,stream,Unnamed Waterway,0,0
364673539,canal,Unnamed Waterway,0,0
364760184,river,Storm Water,0,0
364760185,river,Unnamed Waterway,0,0
364764664,river,Unnamed Waterway,0,0
365318549,river,Anjira,0,0
365462573,canal,6-R Canal,0,0
365685310,stream,Unnamed Waterway,0,0
365685313,stream,Unnamed Waterway,0,0
365685319,stream,Unnamed Waterway,0,0
365685322,stream,Unnamed Waterway,0,0
365685323,stream,Unnamed Waterway,0,0
365685324,stream,Unnamed Waterway,0,0
365685325,stream,Unnamed Waterway,0,0
365685326,stream,Unnamed Waterway,0,0
365685327,stream,Unnamed Waterway,0,0
365685328,stream,Unnamed Waterway,0,0
365685651,stream,Unnamed Waterway,0,0
365685652,stream,Unnamed Waterway,0,0
365685653,stream,Unnamed Waterway,0,0
365685654,stream,Unnamed Waterway,0,0
365687745,stream,Unnamed Waterway,0,0
365687746,stream,Unnamed Waterway,0,0
365719362,river,Unnamed Waterway,0,0
365720695,river,Unnamed Waterway,0,0
366065605,stream,Palhu Nallah,0,0
366065610,stream,Palkhu Nallah,0,0
366065613,stream,Palhu Nallah,0,0
366070657,stream,Palhu Nallah,0,0
366076023,stream,Nallah Palhu,0,0
366076024,stream,Nallah Palhu,0,0
366076025,stream,Nallah Palhu,0,0
366076027,stream,Unnamed Waterway,0,0
366076028,stream,Unnamed Waterway,0,0
366133111,stream,Unnamed Waterway,0,0
366269863,stream,Unnamed Waterway,0,0
366269864,stream,Unnamed Waterway,0,0
366269865,stream,Unnamed Waterway,0,0
366561293,canal,Unnamed Waterway,0,0
367247620,canal,Unnamed Waterway,0,0
367322651,canal,Unnamed Waterway,0,0
367341907,canal,FC Minor Canal,0,0
367341908,canal,FD Minor Canal,0,0
367356970,stream,Unnamed Waterway,0,0
367356971,stream,Unnamed Waterway,0,0
367356972,stream,Unnamed Waterway,0,0
367443398,canal,Unnamed Waterway,0,0
367443711,canal,Border Minor Canal,0,0
368572242,stream,Unnamed Waterway,0,0
368572243,stream,Unnamed Waterway,0,0
368572244,stream,Unnamed Waterway,0,0
368595664,stream,Unnamed Waterway,0,0
368595665,stream,Unnamed Waterway,0,0
368596381,stream,Unnamed Waterway,0,0
368596382,stream,Unnamed Waterway,0,0
368596383,stream,Unnamed Waterway,0,0
368789299,river,دریائے برالدو,0,0
368789300,river,Unnamed Waterway,0,0
368789301,stream,Unnamed Waterway,0,0
368789302,stream,Skorga River,0,0
368990684,canal,عوامی نہر,0,0
368990685,canal,Unnamed Waterway,0,0
368991463,canal,Unnamed Waterway,0,0
369097266,stream,Unnamed Waterway,0,0
369097267,stream,Unnamed Waterway,0,0
369097268,stream,Unnamed Waterway,0,0
369097269,stream,Unnamed Waterway,0,0
369132859,river,Unnamed Waterway,0,0
369132860,river,Toi River,0,0
369132861,river,Unnamed Waterway,0,0
369133882,stream,Unnamed Waterway,0,0
369133883,stream,Unnamed Waterway,0,0
369220682,stream,Unnamed Waterway,0,0
369270774,river,Burzil Nala,0,0
369273852,stream,Naushahra Nar,0,0
369273853,stream,Sardari Nar,0,0
369273854,river,Unnamed Waterway,0,0
369278355,river,Unnamed Waterway,0,0
369280424,stream,Unnamed Waterway,0,0
369280427,river,Unnamed Waterway,0,0
369337006,stream,Unnamed Waterway,0,0
369337007,stream,Unnamed Waterway,0,0
369337008,river,Aralter Nala,0,0
369337009,river,Unnamed Waterway,0,0
369337010,stream,Unnamed Waterway,0,0
369337011,river,Aralter Nala,0,0
369337012,river,Kero Lungma,0,0
369390400,stream,Unnamed Waterway,0,0
369390401,river,Unnamed Waterway,0,0
369398320,river,Unnamed Waterway,0,0
369445469,stream,Unnamed Waterway,0,0
369445470,river,Botokul Nar,0,0
369445471,river,Unnamed Waterway,0,0
369457421,stream,Unnamed Waterway,0,0
369760975,stream,Unnamed Waterway,0,0
369777541,stream,Unnamed Waterway,0,0
369777542,stream,Unnamed Waterway,0,0
369777543,stream,Unnamed Waterway,0,0
369778147,river,Pohultukish Nar,0,0
369781310,stream,Lamalungwai Lungma,0,0
369830562,stream,Unnamed Waterway,0,0
369830563,stream,Unnamed Waterway,0,0
369830564,stream,Unnamed Waterway,0,0
369830565,stream,Unnamed Waterway,0,0
369830566,stream,Unnamed Waterway,0,0
369830578,stream,Unnamed Waterway,0,0
369830579,stream,Unnamed Waterway,0,0
369830580,canal,Unnamed Waterway,0,0
369830581,canal,Unnamed Waterway,0,0
369830582,canal,Unnamed Waterway,0,0
369830583,canal,Unnamed Waterway,0,0
369899798,river,Ranlak,0,0
369901142,river,Unnamed Waterway,0,0
369908516,river,Kalapani,0,0
369909515,river,Unnamed Waterway,0,0
369967726,stream,Unnamed Waterway,0,0
369984567,stream,Unnamed Waterway,0,0
370148499,stream,Unnamed Waterway,0,0
370148503,stream,Unnamed Waterway,0,0
370148508,stream,Unnamed Waterway,0,0
370148511,stream,Unnamed Waterway,0,0
370288053,stream,Aik Nalah,0,0
370288054,stream,Aik Nalah,0,0
370660124,river,Unnamed Waterway,0,0
370660272,stream,Unnamed Waterway,0,0
370660273,stream,Unnamed Waterway,0,0
370931477,stream,Unnamed Waterway,0,0
370931480,stream,Unnamed Waterway,0,0
371367193,canal,3-R Distributory,0,0
371507064,river,Tormung Darra River,0,0
371507065,river,Karo Darra River,0,0
371513361,river,Unnamed Waterway,0,0
371968158,stream,Unnamed Waterway,0,0
371968164,stream,Unnamed Waterway,0,0
371968167,stream,Unnamed Waterway,0,0
371968173,stream,Unnamed Waterway,0,0
372015778,stream,ڈوگرانوالی برساتی نالہ,0,0
372015780,stream,Unnamed Waterway,0,0
372015781,stream,Unnamed Waterway,0,0
372015782,stream,Unnamed Waterway,0,0
372015783,stream,Unnamed Waterway,0,0
372289084,stream,Unnamed Waterway,0,0
372802131,river,Unnamed Waterway,0,0
372802132,river,کونڈس,0,0
374037809,stream,Batain Gol,0,0
374474283,canal,Unnamed Waterway,0,0
374551855,stream,Unnamed Waterway,0,0
374588552,river,Unnamed Waterway,0,0
374621103,river,Unnamed Waterway,0,0
374738856,canal,Unnamed Waterway,0,0
374738860,canal,Unnamed Waterway,0,0
375139465,stream,Unnamed Waterway,0,0
375322128,stream,Unnamed Waterway,0,0
375322567,river,Unnamed Waterway,0,0
375324705,river,Unnamed Waterway,0,0
375759678,stream,Unnamed Waterway,0,0
375854627,stream,Unnamed Waterway,0,0
376246109,canal,Unnamed Waterway,0,0
376246110,canal,Unnamed Waterway,0,0
376318956,canal,Fateh Canal,0,0
376318958,canal,Unnamed Waterway,0,0
376318959,canal,Unnamed Waterway,0,0
376449674,canal,Unnamed Waterway,0,0
376460248,canal,Unnamed Waterway,0,0
376460254,canal,Unnamed Waterway,0,0
376463580,canal,Unnamed Waterway,0,0
376463583,canal,Unnamed Waterway,0,0
376799021,stream,Ghyari River,0,0
376799022,stream,Ghyari,0,0
377054882,canal,Unnamed Waterway,0,0
377231821,canal,Unnamed Waterway,0,0
377233843,river,Unnamed Waterway,0,0
377233858,canal,Unnamed Waterway,0,0
377387282,stream,Unnamed Waterway,0,0
377387283,stream,Unnamed Waterway,0,0
377388782,canal,Unnamed Waterway,0,0
377389563,canal,Unnamed Waterway,0,0
377391136,canal,Gajjiani Canal,0,0
377394745,canal,Unnamed Waterway,0,0
377757976,canal,Unnamed Waterway,0,0
377804013,canal,Unnamed Waterway,0,0
377804015,canal,Unnamed Waterway,0,0
377806027,canal,Unnamed Waterway,0,0
377806109,canal,Unnamed Waterway,0,0
377808410,canal,Unnamed Waterway,0,0
377808423,canal,Unnamed Waterway,0,0
377809511,canal,Unnamed Waterway,0,0
377809517,canal,Unnamed Waterway,0,0
377811133,canal,Unnamed Waterway,0,0
377811134,canal,Unnamed Waterway,0,0
377811355,canal,Unnamed Waterway,0,0
378404336,river,Unnamed Waterway,0,0
378404337,river,Unnamed Waterway,0,0
378404338,river,Unnamed Waterway,0,0
378404647,river,Gazikistan Gol,0,0
378405207,river,Unnamed Waterway,0,0
378408940,river,Lutkho,0,0
378410492,river,Murdan Gol,0,0
378413962,river,لٹکوہ,0,0
378415499,stream,Lutkho,0,0
378417769,stream,Lutkho,0,0
378417770,stream,Lutkho,0,0
378417775,stream,Unnamed Waterway,0,0
378417982,river,Shewigh Gol,0,0
378418109,river,Shewigh Gol,0,0
379800493,stream,Unnamed Waterway,0,0
379851652,stream,Unnamed Waterway,0,0
380285728,river,Keris Lungma River,0,0
380687961,river,Rich Gol,0,0
383715873,river,Unnamed Waterway,0,0
384236311,stream,Unnamed Waterway,0,0
384236314,stream,Unnamed Waterway,0,0
384236316,river,Shalozan Tangai,0,0
384236321,stream,Unnamed Waterway,0,0
384236325,stream,Unnamed Waterway,0,0
384236326,stream,Unnamed Waterway,0,0
384236328,stream,Unnamed Waterway,0,0
384405279,stream,Unnamed Waterway,0,0
384476826,stream,Unnamed Waterway,0,0
384477018,canal,Unnamed Waterway,0,0
384477019,canal,Unnamed Waterway,0,0
385040313,stream,Unnamed Waterway,0,0
385045212,stream,Unnamed Waterway,0,0
385640121,river,Istia Toi,0,0
385640133,stream,Unnamed Waterway,0,0
385640134,stream,Unnamed Waterway,0,0
385650463,stream,Unnamed Waterway,0,0
385650464,stream,Unnamed Waterway,0,0
385650465,stream,Unnamed Waterway,0,0
385650466,stream,Unnamed Waterway,0,0
386058387,canal,Unnamed Waterway,0,0
386915659,stream,Unnamed Waterway,0,0
387401515,river,Unnamed Waterway,0,0
387401516,river,Unnamed Waterway,0,0
387623638,canal,Manka Canal,0,0
387624135,canal,Unnamed Waterway,0,0
387946052,river,Unnamed Waterway,0,0
388308517,stream,Trikh Konr,0,0
388617004,stream,Unnamed Waterway,0,0
388617005,stream,Unnamed Waterway,0,0
388617014,stream,Unnamed Waterway,0,0
388700832,canal,Unnamed Waterway,0,0
388709454,stream,Unnamed Waterway,0,0
388709455,river,Gish,0,0
388709456,river,Gish,0,0
389050902,canal,Unnamed Waterway,0,0
389052102,canal,Unnamed Waterway,0,0
389063672,canal,Unnamed Waterway,0,0
389073133,canal,Unnamed Waterway,0,0
389073137,canal,Unnamed Waterway,0,0
389186858,river,Unnamed Waterway,0,0
389267517,stream,Unnamed Waterway,0,0
389267540,river,Landay-Sin River,0,0
389269126,stream,Unnamed Waterway,0,0
390215321,canal,Unnamed Waterway,0,0
390215322,canal,Unnamed Waterway,0,0
390215323,canal,Unnamed Waterway,0,0
390215324,canal,Unnamed Waterway,0,0
390215325,canal,Unnamed Waterway,0,0
390215326,canal,Unnamed Waterway,0,0
390215327,canal,Unnamed Waterway,0,0
390215328,canal,Unnamed Waterway,0,0
390215329,canal,Unnamed Waterway,0,0
390215330,canal,Unnamed Waterway,0,0
390215331,canal,Unnamed Waterway,0,0
390215332,canal,Unnamed Waterway,0,0
390215333,canal,Unnamed Waterway,0,0
390215334,canal,Unnamed Waterway,0,0
390215335,canal,Unnamed Waterway,0,0
390215336,canal,Unnamed Waterway,0,0
390215337,canal,Unnamed Waterway,0,0
390215338,canal,Unnamed Waterway,0,0
390215339,canal,Unnamed Waterway,0,0
390215340,canal,Unnamed Waterway,0,0
390538310,canal,talmba canal,0,0
390538311,canal,talamba canal,0,0
390538312,canal,talmba canal,0,0
390820454,stream,Unnamed Waterway,0,0
390820458,stream,Unnamed Waterway,0,0
390890506,river,Barwai Khwar,0,0
390895341,stream,Lutkho,0,0
390895343,river,لٹکوہ,0,0
390978812,stream,Unnamed Waterway,0,0
390978816,stream,Unnamed Waterway,0,0
390978826,stream,Unnamed Waterway,0,0
391246666,canal,Unnamed Waterway,0,0
391279078,stream,Unnamed Waterway,0,0
391279079,river,سانگھڑ‎,0,0
391367337,canal,Unnamed Waterway,0,0
391367338,canal,Unnamed Waterway,0,0
391383083,river,Unnamed Waterway,0,0
391383084,canal,Unnamed Waterway,0,0
391605517,river,Unnamed Waterway,0,0
391846893,canal,Unnamed Waterway,0,0
391846896,canal,Unnamed Waterway,0,0
391846898,canal,Unnamed Waterway,0,0
391846900,canal,Unnamed Waterway,0,0
391846902,canal,Unnamed Waterway,0,0
391846904,canal,Unnamed Waterway,0,0
391846906,canal,Unnamed Waterway,0,0
391846908,canal,Unnamed Waterway,0,0
391846910,canal,Unnamed Waterway,0,0
391873676,stream,Unnamed Waterway,0,0
392065060,stream,Unnamed Waterway,0,0
392065069,stream,Unnamed Waterway,0,0
392065072,stream,Unnamed Waterway,0,0
392065077,stream,Unnamed Waterway,0,0
392065079,stream,Unnamed Waterway,0,0
392065080,stream,Unnamed Waterway,0,0
392065088,stream,Unnamed Waterway,0,0
392134957,canal,Unnamed Waterway,0,0
392254364,stream,Unnamed Waterway,0,0
392254365,stream,Unnamed Waterway,0,0
392329393,river,Unnamed Waterway,0,0
392426876,stream,Unnamed Waterway,0,0
392426878,stream,Unnamed Waterway,0,0
392464373,stream,Unnamed Waterway,0,0
392464374,stream,Unnamed Waterway,0,0
392464375,stream,Unnamed Waterway,0,0
392660800,canal,Unnamed Waterway,0,0
392660801,canal,Unnamed Waterway,0,0
392826145,canal,Unnamed Waterway,0,0
392826146,canal,Unnamed Waterway,0,0
392826147,canal,Unnamed Waterway,0,0
392943840,canal,Unnamed Waterway,0,0
393277338,canal,Unnamed Waterway,0,0
393277339,canal,Unnamed Waterway,0,0
393286506,stream,Unnamed Waterway,0,0
393286507,stream,Unnamed Waterway,0,0
393579684,river,Unnamed Waterway,0,0
393579686,river,Unnamed Waterway,0,0
393579687,canal,Unnamed Waterway,0,0
393595766,stream,Unnamed Waterway,0,0
393595767,river,Unnamed Waterway,0,0
393601264,stream,Unnamed Waterway,0,0
393897381,stream,Unnamed Waterway,0,0
393897382,stream,Unnamed Waterway,0,0
393897383,stream,Unnamed Waterway,0,0
393907671,stream,Unnamed Waterway,0,0
393907672,stream,Unnamed Waterway,0,0
393907673,river,Unnamed Waterway,0,0
393907674,river,Unnamed Waterway,0,0
393907675,stream,Unnamed Waterway,0,0
394228170,river,Unnamed Waterway,0,0
394228172,river,Unnamed Waterway,0,0
394228179,stream,Unnamed Waterway,0,0
394228181,canal,Unnamed Waterway,0,0
394228195,river,Unnamed Waterway,0,0
394228196,river,Upper Swat Canal,0,0
394228200,river,Unnamed Waterway,0,0
394228201,river,Upper Swat Canal,0,0
394231182,river,Pehur High-Level Canal,0,0
394231183,river,Unnamed Waterway,0,0
394231196,river,Unnamed Waterway,0,0
394231202,river,Pehur High-Level Canal,0,0
394231203,canal,Unnamed Waterway,0,0
394231205,canal,Unnamed Waterway,0,0
394231206,canal,Unnamed Waterway,0,0
394231207,canal,Unnamed Waterway,0,0
394231212,canal,Unnamed Waterway,0,0
394234228,river,Upper Swat Canal,0,0
394234229,river,Upper Swat Canal,0,0
394234230,river,Upper Swat Canal,0,0
394234231,river,Upper Swat Canal,0,0
394234232,river,Upper Swat Canal,0,0
394234233,river,Upper Swat Canal,0,0
394234234,river,Upper Swat Canal,0,0
394234235,river,Upper Swat Canal,0,0
394234236,river,Upper Swat Canal,0,0
394234237,river,Upper Swat Canal,0,0
394234239,river,Upper Swat Canal,0,0
394234240,canal,Upper Swat Canal,0,0
394234242,canal,Upper Swat Canal,0,0
394234243,canal,Upper Swat Canal,0,0
394234244,canal,Upper Swat Canal,0,0
394234245,river,Upper Swat Canal,0,0
394234253,canal,Unnamed Waterway,0,0
394234254,river,Unnamed Waterway,0,0
394234257,canal,Upper Swat Canal,0,0
394234258,canal,Upper Swat Canal,0,0
394234259,canal,Unnamed Waterway,0,0
394234262,canal,Unnamed Waterway,0,0
394234264,canal,Unnamed Waterway,0,0
394234265,canal,Unnamed Waterway,0,0
394234266,canal,Unnamed Waterway,0,0
394234267,canal,Unnamed Waterway,0,0
394234268,canal,Unnamed Waterway,0,0
394234269,canal,Unnamed Waterway,0,0
394234270,canal,Unnamed Waterway,0,0
394234271,canal,Unnamed Waterway,0,0
394234272,canal,Unnamed Waterway,0,0
394234273,canal,Unnamed Waterway,0,0
394234274,canal,Unnamed Waterway,0,0
394234275,canal,Unnamed Waterway,0,0
394234276,canal,Unnamed Waterway,0,0
394234277,canal,Unnamed Waterway,0,0
394234278,canal,Unnamed Waterway,0,0
394234280,stream,Unnamed Waterway,0,0
394234281,canal,Unnamed Waterway,0,0
394234288,river,Unnamed Waterway,0,0
394234289,river,Unnamed Waterway,0,0
394234292,river,Unnamed Waterway,0,0
394234303,canal,Unnamed Waterway,0,0
394234304,canal,Unnamed Waterway,0,0
394234305,canal,Unnamed Waterway,0,0
394234308,canal,Unnamed Waterway,0,0
394234309,canal,Upper Swat Canal,0,0
394234310,canal,Unnamed Waterway,0,0
394235828,canal,Unnamed Waterway,0,0
394235833,river,Unnamed Waterway,0,0
394235846,canal,Unnamed Waterway,0,0
394235847,canal,Unnamed Waterway,0,0
394235848,canal,Unnamed Waterway,0,0
394373945,stream,Unnamed Waterway,0,0
394373946,stream,Unnamed Waterway,0,0
394373947,stream,Unnamed Waterway,0,0
394730943,river,Unnamed Waterway,0,0
394885780,stream,Unnamed Waterway,0,0
394885790,stream,Unnamed Waterway,0,0
394885792,stream,Unnamed Waterway,0,0
394885793,stream,Unnamed Waterway,0,0
394889139,stream,Unnamed Waterway,0,0
394889180,stream,Unnamed Waterway,0,0
394897457,stream,Unnamed Waterway,0,0
394897469,stream,Unnamed Waterway,0,0
394897498,canal,Unnamed Waterway,0,0
394897512,stream,Unnamed Waterway,0,0
394897514,stream,Unnamed Waterway,0,0
394900892,stream,Unnamed Waterway,0,0
394900895,stream,Unnamed Waterway,0,0
394900898,stream,Unnamed Waterway,0,0
394900907,canal,Unnamed Waterway,0,0
394900908,canal,Unnamed Waterway,0,0
394900909,canal,Unnamed Waterway,0,0
394900910,canal,Unnamed Waterway,0,0
394900912,canal,Unnamed Waterway,0,0
394900914,stream,Unnamed Waterway,0,0
394900922,stream,Unnamed Waterway,0,0
394900923,stream,Unnamed Waterway,0,0
394900925,stream,Unnamed Waterway,0,0
394900926,stream,Unnamed Waterway,0,0
394900927,stream,Unnamed Waterway,0,0
394900928,stream,Unnamed Waterway,0,0
394903523,stream,Unnamed Waterway,0,0
394903541,stream,Unnamed Waterway,0,0
394903559,stream,Unnamed Waterway,0,0
394903560,stream,Unnamed Waterway,0,0
394903561,stream,Unnamed Waterway,0,0
394903563,stream,Unnamed Waterway,0,0
394903566,stream,Unnamed Waterway,0,0
394903567,stream,Unnamed Waterway,0,0
394903568,stream,Unnamed Waterway,0,0
394903569,stream,Unnamed Waterway,0,0
394903570,stream,Unnamed Waterway,0,0
394903571,stream,Unnamed Waterway,0,0
394903572,stream,Unnamed Waterway,0,0
394903575,stream,Unnamed Waterway,0,0
394903577,stream,Unnamed Waterway,0,0
394903578,stream,Unnamed Waterway,0,0
394903581,stream,Unnamed Waterway,0,0
394903583,stream,Unnamed Waterway,0,0
394903585,stream,Unnamed Waterway,0,0
394903591,stream,Unnamed Waterway,0,0
395065174,canal,Unnamed Waterway,0,0
395065177,canal,Unnamed Waterway,0,0
395848823,canal,Unnamed Waterway,0,0
395848824,canal,Unnamed Waterway,0,0
395848825,canal,Unnamed Waterway,0,0
395928299,stream,Unnamed Waterway,0,0
395928301,stream,Unnamed Waterway,0,0
395928302,stream,Unnamed Waterway,0,0
395930037,stream,Unnamed Waterway,0,0
395946098,river,Shuko Gah,0,0
395947089,stream,Unnamed Waterway,0,0
395957711,stream,Unnamed Waterway,0,0
395957717,stream,Unnamed Waterway,0,0
395957719,stream,Unnamed Waterway,0,0
395970411,stream,Unnamed Waterway,0,0
395973014,stream,Unnamed Waterway,0,0
395973015,stream,Unnamed Waterway,0,0
395973016,stream,Unnamed Waterway,0,0
395973017,stream,Unnamed Waterway,0,0
395973018,stream,Unnamed Waterway,0,0
395973020,stream,Unnamed Waterway,0,0
395973021,stream,Unnamed Waterway,0,0
395973023,stream,Unnamed Waterway,0,0
395973024,stream,Unnamed Waterway,0,0
395973025,stream,Unnamed Waterway,0,0
395973026,stream,Unnamed Waterway,0,0
395973028,stream,Unnamed Waterway,0,0
396011382,stream,Unnamed Waterway,0,0
396015264,stream,Unnamed Waterway,0,0
396092570,canal,Unnamed Waterway,0,0
396097821,canal,Unnamed Waterway,0,0
396119369,stream,Unnamed Waterway,0,0
396119370,stream,Unnamed Waterway,0,0
396119371,stream,Unnamed Waterway,0,0
396119372,stream,Unnamed Waterway,0,0
396119374,stream,Unnamed Waterway,0,0
396119375,stream,Unnamed Waterway,0,0
396119376,stream,Unnamed Waterway,0,0
396121012,stream,Unnamed Waterway,0,0
396130548,stream,Unnamed Waterway,0,0
396135085,stream,Unnamed Waterway,0,0
396135090,river,Unnamed Waterway,0,0
396135094,stream,Unnamed Waterway,0,0
396142023,stream,Unnamed Waterway,0,0
396142024,stream,Unnamed Waterway,0,0
396142025,stream,Unnamed Waterway,0,0
396142026,stream,Unnamed Waterway,0,0
396142028,stream,Unnamed Waterway,0,0
396142030,stream,Unnamed Waterway,0,0
396142032,stream,Unnamed Waterway,0,0
396165684,canal,Unnamed Waterway,0,0
396180047,canal,Unnamed Waterway,0,0
396181974,stream,Unnamed Waterway,0,0
396181975,stream,Unnamed Waterway,0,0
396181976,stream,Unnamed Waterway,0,0
396181977,stream,Unnamed Waterway,0,0
396196751,stream,Unnamed Waterway,0,0
396218373,stream,Unnamed Waterway,0,0
396270132,canal,Unnamed Waterway,0,0
396276303,canal,Unnamed Waterway,0,0
396276304,canal,Unnamed Waterway,0,0
396276305,canal,Unnamed Waterway,0,0
396370048,river,Unnamed Waterway,0,0
396410196,stream,Unnamed Waterway,0,0
396410197,stream,Unnamed Waterway,0,0
396498390,stream,Unnamed Waterway,0,0
396498391,stream,Unnamed Waterway,0,0
396498392,stream,Unnamed Waterway,0,0
396508512,river,Unnamed Waterway,0,0
396511311,stream,Unnamed Waterway,0,0
396511312,stream,Unnamed Waterway,0,0
396511313,stream,Unnamed Waterway,0,0
396511314,stream,Unnamed Waterway,0,0
396511315,stream,Unnamed Waterway,0,0
396511319,stream,Unnamed Waterway,0,0
396511321,stream,Unnamed Waterway,0,0
396512394,stream,Unnamed Waterway,0,0
396512395,stream,Unnamed Waterway,0,0
396512396,stream,Unnamed Waterway,0,0
396514687,stream,Unnamed Waterway,0,0
396517133,stream,Unnamed Waterway,0,0
396517135,stream,Unnamed Waterway,0,0
396517136,stream,Unnamed Waterway,0,0
396519693,stream,Unnamed Waterway,0,0
396519694,stream,Unnamed Waterway,0,0
396519695,stream,Intermitted Straem,0,0
396529445,stream,Unnamed Waterway,0,0
396534760,stream,Unnamed Waterway,0,0
396534761,stream,Unnamed Waterway,0,0
396555114,canal,Unnamed Waterway,0,0
396555158,river,Unnamed Waterway,0,0
396614387,canal,Unnamed Waterway,0,0
396621355,canal,Aruri Distributary,0,0
396621815,canal,Aruri Distributary,0,0
396621860,canal,Aruri Distributary,0,0
396631779,canal,Unnamed Waterway,0,0
396643079,river,Unnamed Waterway,0,0
396644464,stream,Unnamed Waterway,0,0
396647586,stream,Unnamed Waterway,0,0
396649023,stream,Unnamed Waterway,0,0
396649024,stream,Unnamed Waterway,0,0
396649026,stream,Unnamed Waterway,0,0
396649234,stream,Unnamed Waterway,0,0
396652961,stream,Unnamed Waterway,0,0
396652962,stream,Unnamed Waterway,0,0
396652963,stream,Unnamed Waterway,0,0
396653741,river,Unnamed Waterway,0,0
396654804,stream,Unnamed Waterway,0,0
396654805,stream,Unnamed Waterway,0,0
396654807,stream,Unnamed Waterway,0,0
396654808,stream,Unnamed Waterway,0,0
396654945,stream,Unnamed Waterway,0,0
396667551,stream,Unnamed Waterway,0,0
396670288,stream,Unnamed Waterway,0,0
396670290,stream,Unnamed Waterway,0,0
396670291,stream,Unnamed Waterway,0,0
396670292,stream,Unnamed Waterway,0,0
396671221,stream,Unnamed Waterway,0,0
396671760,stream,Unnamed Waterway,0,0
396671761,stream,Unnamed Waterway,0,0
396671762,stream,Unnamed Waterway,0,0
396677839,stream,Unnamed Waterway,0,0
396677840,stream,Unnamed Waterway,0,0
396681830,stream,Unnamed Waterway,0,0
396681832,stream,Unnamed Waterway,0,0
396687813,stream,Unnamed Waterway,0,0
396693173,stream,Unnamed Waterway,0,0
396695196,stream,Unnamed Waterway,0,0
396698065,stream,Unnamed Waterway,0,0
396705058,stream,Unnamed Waterway,0,0
396710005,stream,Unnamed Waterway,0,0
396710011,stream,Unnamed Waterway,0,0
396717911,stream,Unnamed Waterway,0,0
396717971,stream,Unnamed Waterway,0,0
396722860,stream,Unnamed Waterway,0,0
396763242,canal,Unnamed Waterway,0,0
396763243,canal,Unnamed Waterway,0,0
396763244,canal,Unnamed Waterway,0,0
396763245,canal,Unnamed Waterway,0,0
396817953,stream,Unnamed Waterway,0,0
396818762,stream,Unnamed Waterway,0,0
396820188,stream,Unnamed Waterway,0,0
396820190,stream,Unnamed Waterway,0,0
396820192,stream,Unnamed Waterway,0,0
396820193,stream,Unnamed Waterway,0,0
396820194,stream,Unnamed Waterway,0,0
396822839,stream,Unnamed Waterway,0,0
396823332,stream,Unnamed Waterway,0,0
396823333,stream,Unnamed Waterway,0,0
396823335,stream,Unnamed Waterway,0,0
396824328,stream,Unnamed Waterway,0,0
396824329,stream,Unnamed Waterway,0,0
396826419,stream,Unnamed Waterway,0,0
396826420,stream,Unnamed Waterway,0,0
396826905,stream,Unnamed Waterway,0,0
396830267,stream,Unnamed Waterway,0,0
396830268,stream,Unnamed Waterway,0,0
396848440,stream,Unnamed Waterway,0,0
396855903,stream,Unnamed Waterway,0,0
396855905,stream,Unnamed Waterway,0,0
396855906,stream,Unnamed Waterway,0,0
396855907,stream,Unnamed Waterway,0,0
396874590,river,Unnamed Waterway,0,0
396874591,stream,Unnamed Waterway,0,0
396876164,stream,Unnamed Waterway,0,0
396876166,stream,Unnamed Waterway,0,0
396876167,river,Unnamed Waterway,0,0
396891464,stream,Unnamed Waterway,0,0
396949999,canal,Unnamed Waterway,0,0
396980568,canal,Unnamed Waterway,0,0
397015743,stream,Unnamed Waterway,0,0
397015746,stream,Unnamed Waterway,0,0
397016233,stream,Unnamed Waterway,0,0
397016301,river,جھنگ برانچ نہر,0,0
397098509,stream,Unnamed Waterway,0,0
397165559,canal,Unnamed Waterway,0,0
397187088,stream,Unnamed Waterway,0,0
397190691,stream,Unnamed Waterway,0,0
397201725,stream,Dok Gol (Lot Gol),0,0
397201727,stream,Unnamed Waterway,0,0
397216614,stream,Unnamed Waterway,0,0
397227962,river,Unnamed Waterway,0,0
397236983,stream,Unnamed Waterway,0,0
397252451,stream,Unnamed Waterway,0,0
397255510,river,Unnamed Waterway,0,0
397259305,stream,Unnamed Waterway,0,0
397356980,canal,نور واہ,0,0
397363851,canal,Unnamed Waterway,0,0
397363852,canal,Unnamed Waterway,0,0
397394101,stream,Unnamed Waterway,0,0
397451170,stream,Unnamed Waterway,0,0
397474145,stream,Unnamed Waterway,0,0
397474188,river,دریائے استور,0,0
397474924,river,Unnamed Waterway,0,0
397589302,stream,Unnamed Waterway,0,0
397599644,stream,Unnamed Waterway,0,0
397599646,stream,Unnamed Waterway,0,0
397641744,stream,Unnamed Waterway,0,0
397688642,canal,Unnamed Waterway,0,0
397688644,canal,Unnamed Waterway,0,0
397763768,canal,Unnamed Waterway,0,0
397763773,canal,Mahar Wah,0,0
397850430,river,Unnamed Waterway,0,0
397905701,canal,Unnamed Waterway,0,0
397908798,stream,Unnamed Waterway,0,0
397922154,stream,Shali Gol,0,0
397922155,stream,Unnamed Waterway,0,0
397922156,stream,Unnamed Waterway,0,0
397922158,stream,Unnamed Waterway,0,0
397922161,stream,Unnamed Waterway,0,0
397927162,stream,Unnamed Waterway,0,0
397927164,stream,Unnamed Waterway,0,0
397927165,stream,Unnamed Waterway,0,0
397928420,stream,Bakhtuli Gol,0,0
397932025,stream,Unnamed Waterway,0,0
397934018,stream,Unnamed Waterway,0,0
397934020,stream,Unnamed Waterway,0,0
397935616,stream,Unnamed Waterway,0,0
397935617,stream,Randur Gol,0,0
397936263,stream,Unnamed Waterway,0,0
397938830,stream,Unnamed Waterway,0,0
397947413,stream,Awiret Gol,0,0
397949907,stream,Unnamed Waterway,0,0
397953302,stream,Unnamed Waterway,0,0
397960536,stream,Bespun Gol,0,0
397964422,stream,Unnamed Waterway,0,0
397964451,stream,Unnamed Waterway,0,0
397976834,canal,Unnamed Waterway,0,0
397984222,canal,Unnamed Waterway,0,0
397985631,canal,Unnamed Waterway,0,0
398004926,canal,Unnamed Waterway,0,0
398055236,canal,Unnamed Waterway,0,0
398090310,stream,Unnamed Waterway,0,0
398094727,stream,Unnamed Waterway,0,0
398094728,river,Unnamed Waterway,0,0
398100108,stream,Unnamed Waterway,0,0
398121494,stream,Unnamed Waterway,0,0
398128212,stream,Unnamed Waterway,0,0
398148119,stream,Unnamed Waterway,0,0
398148463,stream,Unnamed Waterway,0,0
398154938,stream,Unnamed Waterway,0,0
398157689,stream,Shatui Gah,0,0
398160967,stream,Unnamed Waterway,0,0
398164542,river,Darchan Gah,0,0
398164543,river,Puparash Gah,0,0
398173797,stream,Unnamed Waterway,0,0
398211098,canal,Unnamed Waterway,0,0
398216164,canal,Unnamed Waterway,0,0
398218562,canal,Bhouana Branch,0,0
398221833,canal,Unnamed Waterway,0,0
398222399,canal,Unnamed Waterway,0,0
398222630,canal,Unnamed Waterway,0,0
398223570,canal,Unnamed Waterway,0,0
398224803,canal,Unnamed Waterway,0,0
398257145,canal,Unnamed Waterway,0,0
398282882,stream,Unnamed Waterway,0,0
398284579,stream,Unnamed Waterway,0,0
398284580,stream,Unnamed Waterway,0,0
398287747,stream,Unnamed Waterway,0,0
398288199,stream,Unnamed Waterway,0,0
398289368,stream,Unnamed Waterway,0,0
398293174,stream,Unnamed Waterway,0,0
398293178,stream,Unnamed Waterway,0,0
398294368,stream,Unnamed Waterway,0,0
398304398,stream,Unnamed Waterway,0,0
398304399,stream,Unnamed Waterway,0,0
398304400,stream,Unnamed Waterway,0,0
398308751,stream,Unnamed Waterway,0,0
398310092,stream,Unnamed Waterway,0,0
398310816,stream,Unnamed Waterway,0,0
398318540,stream,Unnamed Waterway,0,0
398318541,stream,Unnamed Waterway,0,0
398340905,stream,Unnamed Waterway,0,0
398349097,river,Dashkin Gah,0,0
398350157,stream,Unnamed Waterway,0,0
398350159,stream,Unnamed Waterway,0,0
398351199,stream,Unnamed Waterway,0,0
398351200,stream,Unnamed Waterway,0,0
398360889,stream,Unnamed Waterway,0,0
398363384,river,Das Khirim Gah,0,0
398388760,canal,Unnamed Waterway,0,0
398448710,stream,Unnamed Waterway,0,0
398450090,stream,Unnamed Waterway,0,0
398456240,river,پری شنگ,0,0
398457222,stream,Unnamed Waterway,0,0
398458778,canal,Unnamed Waterway,0,0
398458779,stream,Unnamed Waterway,0,0
398458780,canal,Unnamed Waterway,0,0
398458781,canal,Unnamed Waterway,0,0
398458782,canal,Unnamed Waterway,0,0
398458783,canal,Unnamed Waterway,0,0
398458784,canal,Unnamed Waterway,0,0
398458785,canal,Unnamed Waterway,0,0
398458786,canal,Unnamed Waterway,0,0
398458787,canal,Unnamed Waterway,0,0
398458788,canal,Unnamed Waterway,0,0
398459189,river,دریائے سندھ,0,0
398459570,stream,Unnamed Waterway,0,0
398473254,stream,Unnamed Waterway,0,0
398490738,stream,Unnamed Waterway,0,0
398490740,stream,Unnamed Waterway,0,0
398495796,stream,Unnamed Waterway,0,0
398495798,stream,Unnamed Waterway,0,0
398495801,stream,Unnamed Waterway,0,0
398497640,stream,Unnamed Waterway,0,0
398497641,stream,Masher O Ghochar,0,0
398508539,stream,Unnamed Waterway,0,0
398508540,stream,Unnamed Waterway,0,0
398520095,stream,Unnamed Waterway,0,0
398524401,stream,Unnamed Waterway,0,0
398524402,stream,Unnamed Waterway,0,0
398537684,river,دریائے سندھ,0,0
398537685,river,Indus River دریائے سندھ,0,0
398557810,canal,Unnamed Waterway,0,0
398635533,stream,Unnamed Waterway,0,0
398641396,stream,Unnamed Waterway,0,0
398649591,stream,Unnamed Waterway,0,0
398664108,stream,Unnamed Waterway,0,0
398686036,river,Unnamed Waterway,0,0
398687490,stream,Unnamed Waterway,0,0
398687494,stream,Unnamed Waterway,0,0
398694705,canal,Unnamed Waterway,0,0
398694736,stream,Unnamed Waterway,0,0
398709614,river,Unnamed Waterway,0,0
398709617,canal,Unnamed Waterway,0,0
398802104,canal,Unnamed Waterway,0,0
398848559,stream,Unnamed Waterway,0,0
398849360,stream,Unnamed Waterway,0,0
398851399,river,Tormik River,0,0
398853898,stream,Unnamed Waterway,0,0
398853900,stream,Unnamed Waterway,0,0
398860124,stream,Unnamed Waterway,0,0
398882824,canal,Unnamed Waterway,0,0
398882825,canal,Unnamed Waterway,0,0
398882826,canal,Unnamed Waterway,0,0
398884038,river,Unnamed Waterway,0,0
398884813,stream,Unnamed Waterway,0,0
398884819,stream,Unnamed Waterway,0,0
398884832,stream,Unnamed Waterway,0,0
398889831,stream,Unnamed Waterway,0,0
398889832,river,Unnamed Waterway,0,0
398892912,river,Unnamed Waterway,0,0
398894060,stream,Unnamed Waterway,0,0
398894063,stream,Unnamed Waterway,0,0
398894064,stream,Unnamed Waterway,0,0
398894065,stream,Unnamed Waterway,0,0
398894066,stream,Unnamed Waterway,0,0
398895366,stream,Unnamed Waterway,0,0
398895367,river,Unnamed Waterway,0,0
398901456,canal,Unnamed Waterway,0,0
398903436,stream,Unnamed Waterway,0,0
398903437,stream,Unnamed Waterway,0,0
398914889,stream,Unnamed Waterway,0,0
399012607,canal,Unnamed Waterway,0,0
399027510,canal,Unnamed Waterway,0,0
399149503,stream,Unnamed Waterway,0,0
399149504,stream,Unnamed Waterway,0,0
399149506,stream,Unnamed Waterway,0,0
399149508,stream,Unnamed Waterway,0,0
399150650,stream,Unnamed Waterway,0,0
399154051,stream,Unnamed Waterway,0,0
399154571,stream,Unnamed Waterway,0,0
399159204,stream,Unnamed Waterway,0,0
399195810,stream,Unnamed Waterway,0,0
399200517,river,Uch Gol,0,0
399203985,stream,Unnamed Waterway,0,0
399204050,stream,Unnamed Waterway,0,0
399214611,stream,Unnamed Waterway,0,0
399216703,stream,Mir Ghash Gol,0,0
399221729,stream,Unnamed Waterway,0,0
399225366,stream,Unnamed Waterway,0,0
399226774,stream,Unnamed Waterway,0,0
399226775,stream,Chhandur Gol,0,0
399231454,stream,Muldeh Gol,0,0
399231458,river,Rosh Gol,0,0
399239167,stream,Unnamed Waterway,0,0
399239469,stream,Unnamed Waterway,0,0
399239470,stream,Unnamed Waterway,0,0
399244939,stream,Unnamed Waterway,0,0
399244940,stream,Unnamed Waterway,0,0
399247490,river,Unnamed Waterway,0,0
399249851,stream,Unnamed Waterway,0,0
399354922,stream,Unnamed Waterway,0,0
399356056,stream,Unnamed Waterway,0,0
399360283,stream,Unnamed Waterway,0,0
399442686,stream,Unnamed Waterway,0,0
399444648,stream,Unnamed Waterway,0,0
399444649,stream,Unnamed Waterway,0,0
399458877,stream,Unnamed Waterway,0,0
399458878,stream,Unnamed Waterway,0,0
399458880,stream,Unnamed Waterway,0,0
399458881,stream,Unnamed Waterway,0,0
399458882,stream,Unnamed Waterway,0,0
399458884,stream,Unnamed Waterway,0,0
399458885,stream,Unnamed Waterway,0,0
399458888,stream,Unnamed Waterway,0,0
399458889,stream,Unnamed Waterway,0,0
399605711,stream,Unnamed Waterway,0,0
399610005,stream,Unnamed Waterway,0,0
399610006,stream,Unnamed Waterway,0,0
399611036,stream,Unnamed Waterway,0,0
399615483,stream,Unnamed Waterway,0,0
399623449,stream,Unnamed Waterway,0,0
399634543,stream,Unnamed Waterway,0,0
399641083,stream,Unnamed Waterway,0,0
399641085,stream,Unnamed Waterway,0,0
399654563,stream,Unnamed Waterway,0,0
399654565,stream,Unnamed Waterway,0,0
399655480,stream,Yal Stream,0,0
399664523,stream,Unnamed Waterway,0,0
399664524,stream,Unnamed Waterway,0,0
399760198,river,Unnamed Waterway,0,0
399825024,stream,Unnamed Waterway,0,0
399825026,stream,Unnamed Waterway,0,0
399825027,stream,Unnamed Waterway,0,0
399827637,stream,Unnamed Waterway,0,0
399833424,stream,Unnamed Waterway,0,0
399833426,stream,Unnamed Waterway,0,0
399840618,stream,Unnamed Waterway,0,0
399869189,stream,Unnamed Waterway,0,0
399869191,stream,Unnamed Waterway,0,0
399878904,stream,Unnamed Waterway,0,0
399878906,stream,Unnamed Waterway,0,0
399878908,stream,Unnamed Waterway,0,0
399878912,stream,Unnamed Waterway,0,0
399880053,stream,Unnamed Waterway,0,0
399880054,stream,Unnamed Waterway,0,0
399880056,stream,Unnamed Waterway,0,0
399880057,stream,Unnamed Waterway,0,0
399880058,stream,Unnamed Waterway,0,0
399880059,stream,Unnamed Waterway,0,0
399880060,stream,Unnamed Waterway,0,0
399880061,stream,Unnamed Waterway,0,0
399884949,stream,Unnamed Waterway,0,0
399901845,stream,PIsan Stream,0,0
399901846,stream,Unnamed Waterway,0,0
399939719,stream,Samayar Stream,0,0
400071471,canal,Burala Branch,0,0
400105109,stream,Unnamed Waterway,0,0
400105110,stream,Unnamed Waterway,0,0
400143681,stream,Unnamed Waterway,0,0
400162334,stream,Unnamed Waterway,0,0
400162337,stream,Unnamed Waterway,0,0
400172291,stream,Unnamed Waterway,0,0
400172292,stream,Unnamed Waterway,0,0
400184195,stream,Unnamed Waterway,0,0
400184197,stream,Unnamed Waterway,0,0
400192047,stream,Unnamed Waterway,0,0
400360941,stream,Unnamed Waterway,0,0
400361972,stream,Unnamed Waterway,0,0
400363278,stream,Unnamed Waterway,0,0
400368842,stream,Unnamed Waterway,0,0
400397618,stream,Unnamed Waterway,0,0
400397619,stream,Unnamed Waterway,0,0
400403505,stream,Unnamed Waterway,0,0
400692221,river,دریائے سواں,0,0
400696569,stream,Unnamed Waterway,0,0
400697277,stream,Unnamed Waterway,0,0
400697278,stream,Unnamed Waterway,0,0
400703269,stream,Unnamed Waterway,0,0
400703272,stream,Unnamed Waterway,0,0
400736560,stream,Unnamed Waterway,0,0
400736566,stream,Unnamed Waterway,0,0
400911428,stream,Unnamed Waterway,0,0
400911433,stream,Unnamed Waterway,0,0
400911436,stream,Unnamed Waterway,0,0
400915563,river,Unnamed Waterway,0,0
400915564,river,Unnamed Waterway,0,0
400920255,stream,Unnamed Waterway,0,0
400920257,stream,Unnamed Waterway,0,0
400920260,stream,Unnamed Waterway,0,0
400920261,stream,Unnamed Waterway,0,0
400921667,stream,Unnamed Waterway,0,0
400966023,stream,Unnamed Waterway,0,0
400966024,stream,Unnamed Waterway,0,0
401133670,stream,Unnamed Waterway,0,0
401134140,stream,Unnamed Waterway,0,0
401135821,river,Unnamed Waterway,0,0
401136646,stream,Unnamed Waterway,0,0
401136647,stream,Unnamed Waterway,0,0
401142245,stream,Unnamed Waterway,0,0
401142482,stream,Unnamed Waterway,0,0
401145733,stream,Unnamed Waterway,0,0
401158311,stream,Unnamed Waterway,0,0
401299292,canal,Unnamed Waterway,0,0
401311712,canal,Unnamed Waterway,0,0
401459190,canal,Shaikhani Minor,0,0
401491591,canal,Phuleli Canal,0,0
401604504,stream,Unnamed Waterway,0,0
401727441,canal,Unnamed Waterway,0,0
402042168,canal,Unnamed Waterway,0,0
402042172,canal,Unnamed Waterway,0,0
402042173,canal,Unnamed Waterway,0,0
402260489,canal,Unnamed Waterway,0,0
402987910,stream,Unnamed Waterway,0,0
402987911,stream,Unnamed Waterway,0,0
403057576,stream,Unnamed Waterway,0,0
403228978,stream,Unnamed Waterway,0,0
403246218,stream,Unnamed Waterway,0,0
403246219,stream,Unnamed Waterway,0,0
403246221,stream,Unnamed Waterway,0,0
403281593,stream,Unnamed Waterway,0,0
403397101,canal,Unnamed Waterway,0,0
403397102,canal,Unnamed Waterway,0,0
403397103,canal,Unnamed Waterway,0,0
403397104,canal,Unnamed Waterway,0,0
403397110,canal,Unnamed Waterway,0,0
403397111,canal,Unnamed Waterway,0,0
403397123,river,Unnamed Waterway,0,0
403397124,river,Unnamed Waterway,0,0
403398588,river,Unnamed Waterway,0,0
403398591,river,Unnamed Waterway,0,0
403398592,stream,Unnamed Waterway,0,0
403398594,stream,Unnamed Waterway,0,0
403398595,stream,Unnamed Waterway,0,0
403398600,stream,Unnamed Waterway,0,0
403401029,canal,Unnamed Waterway,0,0
403402174,river,Unnamed Waterway,0,0
403402179,river,Unnamed Waterway,0,0
403402186,stream,Unnamed Waterway,0,0
403402195,stream,Unnamed Waterway,0,0
403402197,river,Unnamed Waterway,0,0
403435051,stream,Unnamed Waterway,0,0
403437437,stream,Unnamed Waterway,0,0
403437439,river,Unnamed Waterway,0,0
403437460,river,Unnamed Waterway,0,0
403437462,stream,Unnamed Waterway,0,0
403438700,stream,Unnamed Waterway,0,0
403438701,stream,Unnamed Waterway,0,0
403438702,river,Unnamed Waterway,0,0
403438704,river,Unnamed Waterway,0,0
403438705,river,Unnamed Waterway,0,0
403438708,stream,Unnamed Waterway,0,0
403444569,stream,Unnamed Waterway,0,0
403446115,river,Unnamed Waterway,0,0
403446136,stream,Unnamed Waterway,0,0
403446137,stream,Unnamed Waterway,0,0
403449364,stream,Unnamed Waterway,0,0
403451454,river,Unnamed Waterway,0,0
403451456,river,Unnamed Waterway,0,0
403451459,stream,Unnamed Waterway,0,0
403451462,stream,Unnamed Waterway,0,0
403451463,stream,Unnamed Waterway,0,0
403451467,river,Unnamed Waterway,0,0
403451470,river,Unnamed Waterway,0,0
403451471,river,Unnamed Waterway,0,0
403451474,river,Unnamed Waterway,0,0
403451475,stream,Unnamed Waterway,0,0
403532094,stream,Unnamed Waterway,0,0
403532129,stream,Unnamed Waterway,0,0
403540907,stream,Unnamed Waterway,0,0
403540913,canal,Unnamed Waterway,0,0
403540914,canal,Unnamed Waterway,0,0
403540920,stream,Unnamed Waterway,0,0
403540949,canal,Unnamed Waterway,0,0
403540951,canal,Unnamed Waterway,0,0
403540953,stream,Unnamed Waterway,0,0
403540985,canal,Unnamed Waterway,0,0
403548497,river,Unnamed Waterway,0,0
403548541,stream,Unnamed Waterway,0,0
403551499,stream,Unnamed Waterway,0,0
403551503,stream,Unnamed Waterway,0,0
403551504,stream,Unnamed Waterway,0,0
403551506,stream,Unnamed Waterway,0,0
403551507,stream,Unnamed Waterway,0,0
403551565,stream,Unnamed Waterway,0,0
403555161,stream,Unnamed Waterway,0,0
403556838,stream,Unnamed Waterway,0,0
403574484,stream,Unnamed Waterway,0,0
403574486,stream,Unnamed Waterway,0,0
403574488,stream,Unnamed Waterway,0,0
403711824,stream,Unnamed Waterway,0,0
403711834,stream,Unnamed Waterway,0,0
403711837,river,دریائے مبارک,0,0
403711845,river,Unnamed Waterway,0,0
403722366,canal,Unnamed Waterway,0,0
403722370,canal,Unnamed Waterway,0,0
403722371,canal,Unnamed Waterway,0,0
403722382,canal,Unnamed Waterway,0,0
403722383,canal,Unnamed Waterway,0,0
403722384,canal,Unnamed Waterway,0,0
403722385,canal,Unnamed Waterway,0,0
403731945,canal,Unnamed Waterway,0,0
403813595,stream,Unnamed Waterway,0,0
404137125,canal,Unnamed Waterway,0,0
404137129,canal,Unnamed Waterway,0,0
404137139,canal,Unnamed Waterway,0,0
404548633,canal,Unnamed Waterway,0,0
404595032,canal,Unnamed Waterway,0,0
405348438,stream,Unnamed Waterway,0,0
405348439,river,Unnamed Waterway,0,0
405361177,canal,Unnamed Waterway,0,0
405361178,canal,Unnamed Waterway,0,0
405369193,canal,Unnamed Waterway,0,0
405369196,canal,Unnamed Waterway,0,0
405399636,stream,Unnamed Waterway,0,0
405399683,stream,Unnamed Waterway,0,0
405517609,canal,Unnamed Waterway,0,0
405621119,river,Unnamed Waterway,0,0
405664186,stream,Unnamed Waterway,0,0
405709477,stream,Unnamed Waterway,0,0
405815359,stream,Unnamed Waterway,0,0
405815360,river,Unnamed Waterway,0,0
405815361,stream,Unnamed Waterway,0,0
405815422,stream,Jhudewari Dhori,0,0
405822327,stream,Unnamed Waterway,0,0
405822330,stream,Unnamed Waterway,0,0
405831450,stream,Unnamed Waterway,0,0
405831451,stream,Unnamed Waterway,0,0
405831453,stream,Unnamed Waterway,0,0
405831454,stream,Unnamed Waterway,0,0
405831455,stream,Unnamed Waterway,0,0
405831464,stream,Sham Kaur,0,0
405836511,stream,Unnamed Waterway,0,0
405836515,stream,Unnamed Waterway,0,0
405836516,stream,Unnamed Waterway,0,0
405836517,stream,Unnamed Waterway,0,0
405836518,stream,Unnamed Waterway,0,0
405836519,stream,Unnamed Waterway,0,0
405836521,stream,Unnamed Waterway,0,0
405836522,stream,Unnamed Waterway,0,0
405836523,stream,Unnamed Waterway,0,0
405836524,stream,Unnamed Waterway,0,0
405836525,stream,Unnamed Waterway,0,0
405836526,stream,Unnamed Waterway,0,0
405836527,stream,Unnamed Waterway,0,0
405836532,stream,Unnamed Waterway,0,0
405836533,stream,Unnamed Waterway,0,0
405836539,river,Unnamed Waterway,0,0
405839412,stream,Unnamed Waterway,0,0
405839425,stream,Unnamed Waterway,0,0
405839431,stream,Unnamed Waterway,0,0
405839432,stream,Chakli Kaur,0,0
405839433,stream,Unnamed Waterway,0,0
405839434,stream,Unnamed Waterway,0,0
405839435,stream,Unnamed Waterway,0,0
405839436,stream,Unnamed Waterway,0,0
405839437,stream,Unnamed Waterway,0,0
405839438,stream,Unnamed Waterway,0,0
405839439,stream,Unnamed Waterway,0,0
405839440,stream,Unnamed Waterway,0,0
405839443,stream,Unnamed Waterway,0,0
405839444,stream,Unnamed Waterway,0,0
405839449,river,Pachhri Kaur,0,0
405840616,stream,Unnamed Waterway,0,0
405840617,stream,Unnamed Waterway,0,0
405840618,stream,Unnamed Waterway,0,0
405840627,stream,Unnamed Waterway,0,0
405840628,stream,Unnamed Waterway,0,0
405840629,stream,Unnamed Waterway,0,0
405840630,stream,Unnamed Waterway,0,0
405840631,stream,Unnamed Waterway,0,0
405840632,stream,Unnamed Waterway,0,0
405842791,stream,Unnamed Waterway,0,0
405842793,stream,Unnamed Waterway,0,0
405842794,stream,Unnamed Waterway,0,0
405842795,stream,Unnamed Waterway,0,0
405842798,stream,Unnamed Waterway,0,0
405842799,stream,Unnamed Waterway,0,0
405842800,stream,Unnamed Waterway,0,0
405842801,stream,Unnamed Waterway,0,0
405842808,stream,Unnamed Waterway,0,0
405842815,stream,Unnamed Waterway,0,0
405842816,stream,Unnamed Waterway,0,0
405845636,stream,Unnamed Waterway,0,0
405845641,stream,Unnamed Waterway,0,0
405845644,stream,Unnamed Waterway,0,0
405845648,stream,Unnamed Waterway,0,0
405845651,stream,Unnamed Waterway,0,0
405845660,stream,Unnamed Waterway,0,0
405845670,stream,Unnamed Waterway,0,0
405845675,stream,Unnamed Waterway,0,0
405845680,stream,Unnamed Waterway,0,0
405845686,river,Makkabel Kaur,0,0
405845703,stream,Unnamed Waterway,0,0
405845709,stream,Unnamed Waterway,0,0
405847317,stream,Unnamed Waterway,0,0
405847318,stream,Unnamed Waterway,0,0
405847319,stream,Unnamed Waterway,0,0
405847320,stream,Unnamed Waterway,0,0
405854353,stream,Nakhattri Dhori,0,0
405854355,stream,Khurataro Dhoro,0,0
405854356,stream,Unnamed Waterway,0,0
405854361,river,Khāntra Dhora,0,0
405854366,stream,Phitro Dhoro,0,0
405854373,river,Hārāri Dhora,0,0
405854374,stream,Unnamed Waterway,0,0
405854376,stream,Jānkār Dhora,0,0
405869857,stream,Unnamed Waterway,0,0
405869858,stream,Unnamed Waterway,0,0
405869861,stream,Lasri Dhori,0,0
405869862,stream,Unnamed Waterway,0,0
405869865,stream,Bitko Dhoro,0,0
405869875,stream,Unnamed Waterway,0,0
405869876,stream,Baro Dhoro,0,0
405869878,stream,Unnamed Waterway,0,0
405875694,stream,Charari Dhora,0,0
405875701,stream,Unnamed Waterway,0,0
405875706,river,Unnamed Waterway,0,0
405875707,stream,Unnamed Waterway,0,0
405875709,stream,Unnamed Waterway,0,0
405875712,stream,Unnamed Waterway,0,0
405875713,stream,Unnamed Waterway,0,0
405875714,stream,Unnamed Waterway,0,0
405875715,river,Chank Dhora,0,0
405875716,stream,Lanwāri Dhori,0,0
405875717,stream,Khurātāro Dhoro,0,0
405875720,stream,Unnamed Waterway,0,0
405875721,stream,Unnamed Waterway,0,0
405875722,stream,Unnamed Waterway,0,0
405875726,stream,Unnamed Waterway,0,0
405880369,river,Unnamed Waterway,0,0
405880370,river,Unnamed Waterway,0,0
405880371,river,Unnamed Waterway,0,0
405880381,river,Chilro Kaur,0,0
405880382,river,Unnamed Waterway,0,0
405880384,stream,Harari Dhora,0,0
405880388,river,Unnamed Waterway,0,0
405880394,stream,Unnamed Waterway,0,0
405880409,stream,Unnamed Waterway,0,0
405880414,river,پورالی ندی,0,0
405880418,river,Unnamed Waterway,0,0
405883700,stream,Unnamed Waterway,0,0
405883703,river,Unnamed Waterway,0,0
405883715,stream,Unnamed Waterway,0,0
405888703,stream,Rudel Kaur,0,0
405888704,stream,Unnamed Waterway,0,0
405888705,stream,Unnamed Waterway,0,0
405888706,stream,Unnamed Waterway,0,0
405888707,stream,Chilh Kaur,0,0
405888708,stream,Unnamed Waterway,0,0
405888710,stream,Bhargo Kaur,0,0
405888712,stream,Unnamed Waterway,0,0
405888713,stream,Unnamed Waterway,0,0
405888714,river,Phor River,0,0
405888715,stream,Unnamed Waterway,0,0
405890204,stream,Unnamed Waterway,0,0
405891741,stream,Unnamed Waterway,0,0
405891746,stream,Unnamed Waterway,0,0
405891747,stream,Unnamed Waterway,0,0
405891748,stream,Unnamed Waterway,0,0
405891750,stream,Unnamed Waterway,0,0
405891753,stream,Unnamed Waterway,0,0
405892580,stream,Unnamed Waterway,0,0
405892581,stream,Bhitto Kaur,0,0
405892583,stream,Unnamed Waterway,0,0
405895221,stream,Unnamed Waterway,0,0
405895224,stream,Unnamed Waterway,0,0
405895225,stream,Unnamed Waterway,0,0
405895226,river,Unnamed Waterway,0,0
405895227,stream,Unnamed Waterway,0,0
405895228,stream,Unnamed Waterway,0,0
405902421,stream,Unnamed Waterway,0,0
405902422,stream,Unnamed Waterway,0,0
405902423,stream,Unnamed Waterway,0,0
405905585,stream,Unnamed Waterway,0,0
405905586,stream,Unnamed Waterway,0,0
405905587,stream,Unnamed Waterway,0,0
405905588,stream,Unnamed Waterway,0,0
405905599,river,Bagaro Kaur,0,0
405909948,stream,Unnamed Waterway,0,0
405909949,river,Unnamed Waterway,0,0
405909950,stream,Unnamed Waterway,0,0
405909956,stream,Unnamed Waterway,0,0
405909958,stream,Unnamed Waterway,0,0
405909959,stream,Unnamed Waterway,0,0
405909960,stream,Unnamed Waterway,0,0
405909969,stream,Unnamed Waterway,0,0
405909972,stream,Unnamed Waterway,0,0
405909973,stream,Unnamed Waterway,0,0
405909975,stream,Unnamed Waterway,0,0
405912940,river,Unnamed Waterway,0,0
405912941,river,Unnamed Waterway,0,0
405912942,river,Unnamed Waterway,0,0
405912951,river,Unnamed Waterway,0,0
405912953,river,Unnamed Waterway,0,0
405912954,river,Unnamed Waterway,0,0
405912956,stream,Unnamed Waterway,0,0
405912965,river,Unnamed Waterway,0,0
405912970,river,Unnamed Waterway,0,0
405912972,river,Unnamed Waterway,0,0
405917047,stream,Unnamed Waterway,0,0
405917048,stream,Unnamed Waterway,0,0
405917049,stream,Unnamed Waterway,0,0
405917050,river,Unnamed Waterway,0,0
405917051,stream,Unnamed Waterway,0,0
405917052,river,Unnamed Waterway,0,0
405917053,stream,Unnamed Waterway,0,0
405917054,river,Unnamed Waterway,0,0
405917055,river,Unnamed Waterway,0,0
405931147,stream,Unnamed Waterway,0,0
405934740,stream,Unnamed Waterway,0,0
405934806,stream,Unnamed Waterway,0,0
405937668,stream,Unnamed Waterway,0,0
405937672,stream,Unnamed Waterway,0,0
405937675,stream,Unnamed Waterway,0,0
405940538,stream,Unnamed Waterway,0,0
405940546,river,Unnamed Waterway,0,0
405940547,river,Unnamed Waterway,0,0
405940549,river,Unnamed Waterway,0,0
405940550,river,Unnamed Waterway,0,0
405940555,river,Unnamed Waterway,0,0
405940561,stream,Unnamed Waterway,0,0
405940562,stream,Unnamed Waterway,0,0
405940563,stream,Unnamed Waterway,0,0
405940564,stream,Unnamed Waterway,0,0
405940565,stream,Unnamed Waterway,0,0
405940566,stream,Unnamed Waterway,0,0
405940567,river,Unnamed Waterway,0,0
405941422,river,Unnamed Waterway,0,0
405941423,stream,Unnamed Waterway,0,0
405941424,river,Unnamed Waterway,0,0
405941425,river,Unnamed Waterway,0,0
405941426,river,Unnamed Waterway,0,0
405941427,stream,Unnamed Waterway,0,0
405941430,stream,Unnamed Waterway,0,0
405941432,river,Unnamed Waterway,0,0
405941433,river,Unnamed Waterway,0,0
405941434,stream,Unnamed Waterway,0,0
405942059,river,Unnamed Waterway,0,0
405942060,river,Unnamed Waterway,0,0
405942061,river,Unnamed Waterway,0,0
405942062,river,Unnamed Waterway,0,0
405942063,stream,Unnamed Waterway,0,0
405942064,stream,Unnamed Waterway,0,0
405942065,river,Unnamed Waterway,0,0
405944299,stream,Unnamed Waterway,0,0
405944306,stream,Unnamed Waterway,0,0
405944307,stream,Unnamed Waterway,0,0
405944321,stream,Unnamed Waterway,0,0
405947408,river,Unnamed Waterway,0,0
405947409,stream,Unnamed Waterway,0,0
405947410,river,Unnamed Waterway,0,0
405947414,stream,Unnamed Waterway,0,0
405952608,river,Unnamed Waterway,0,0
405952614,river,Unnamed Waterway,0,0
405954330,river,Unnamed Waterway,0,0
405954331,river,Unnamed Waterway,0,0
405954332,stream,Unnamed Waterway,0,0
405954333,stream,Unnamed Waterway,0,0
405954334,stream,Unnamed Waterway,0,0
405954335,river,Unnamed Waterway,0,0
405954344,stream,Unnamed Waterway,0,0
405954345,stream,Unnamed Waterway,0,0
405954346,stream,Unnamed Waterway,0,0
405954347,stream,Unnamed Waterway,0,0
405954362,stream,Unnamed Waterway,0,0
405954363,river,Unnamed Waterway,0,0
405954364,river,Unnamed Waterway,0,0
405954379,stream,Unnamed Waterway,0,0
405954380,stream,Unnamed Waterway,0,0
405955582,river,Unnamed Waterway,0,0
405955585,river,Unnamed Waterway,0,0
405955587,river,Unnamed Waterway,0,0
405955588,river,Unnamed Waterway,0,0
405955590,river,Unnamed Waterway,0,0
405955611,stream,Unnamed Waterway,0,0
405956932,river,Unnamed Waterway,0,0
405956933,stream,Unnamed Waterway,0,0
405956934,river,Unnamed Waterway,0,0
405956935,river,Unnamed Waterway,0,0
405959091,river,Unnamed Waterway,0,0
405959096,stream,Unnamed Waterway,0,0
405959108,river,Unnamed Waterway,0,0
405959835,river,Unnamed Waterway,0,0
405959836,river,Unnamed Waterway,0,0
405959837,river,Unnamed Waterway,0,0
405960447,stream,Unnamed Waterway,0,0
405960450,stream,Unnamed Waterway,0,0
405960452,stream,Unnamed Waterway,0,0
405960453,stream,Unnamed Waterway,0,0
405960455,stream,Unnamed Waterway,0,0
405960457,stream,Unnamed Waterway,0,0
405960458,stream,Unnamed Waterway,0,0
405960459,stream,Unnamed Waterway,0,0
405960460,stream,Unnamed Waterway,0,0
405960463,stream,Unnamed Waterway,0,0
405960465,stream,Unnamed Waterway,0,0
405960469,stream,Unnamed Waterway,0,0
405960471,stream,Unnamed Waterway,0,0
405973744,stream,Unnamed Waterway,0,0
405973745,stream,Unnamed Waterway,0,0
405973746,stream,Unnamed Waterway,0,0
405973747,stream,Unnamed Waterway,0,0
406055543,stream,Chenab River,0,0
406055546,river,دریائے سندھ,0,0
406055548,river,دریائے سندھ,0,0
406055550,river,دریائے سندھ,0,0
406164535,stream,Unnamed Waterway,0,0
406165087,stream,Unnamed Waterway,0,0
406165088,stream,Sunich Gol,0,0
406187978,stream,Sham Kaur,0,0
406187980,stream,Unnamed Waterway,0,0
406187981,stream,Unnamed Waterway,0,0
406188001,stream,Unnamed Waterway,0,0
406188003,stream,Unnamed Waterway,0,0
406188006,stream,Unnamed Waterway,0,0
406188007,stream,Unnamed Waterway,0,0
406188008,stream,Unnamed Waterway,0,0
406188009,stream,Unnamed Waterway,0,0
406188010,stream,Unnamed Waterway,0,0
406188011,stream,Unnamed Waterway,0,0
406188012,stream,Unnamed Waterway,0,0
406188013,stream,Unnamed Waterway,0,0
406188018,stream,Unnamed Waterway,0,0
406195292,stream,Unnamed Waterway,0,0
406195304,stream,Unnamed Waterway,0,0
406195335,stream,Unnamed Waterway,0,0
406195338,stream,Unnamed Waterway,0,0
406195353,stream,Unnamed Waterway,0,0
406195354,stream,Unnamed Waterway,0,0
406195359,stream,Unnamed Waterway,0,0
406195365,stream,Unnamed Waterway,0,0
406195366,stream,Unnamed Waterway,0,0
406198985,stream,Unnamed Waterway,0,0
406198986,stream,Unnamed Waterway,0,0
406198987,stream,Unnamed Waterway,0,0
406198988,stream,Unnamed Waterway,0,0
406198989,stream,Unnamed Waterway,0,0
406198990,stream,Unnamed Waterway,0,0
406198991,stream,Unnamed Waterway,0,0
406198993,stream,Unnamed Waterway,0,0
406198994,stream,Unnamed Waterway,0,0
406198995,stream,Unnamed Waterway,0,0
406198996,stream,Unnamed Waterway,0,0
406199000,stream,Unnamed Waterway,0,0
406199002,stream,Unnamed Waterway,0,0
406202231,river,Unnamed Waterway,0,0
406202232,stream,Unnamed Waterway,0,0
406202233,stream,Unnamed Waterway,0,0
406202234,stream,Unnamed Waterway,0,0
406202235,stream,Unnamed Waterway,0,0
406202236,stream,Unnamed Waterway,0,0
406202237,river,Kulli Kaur,0,0
406202238,stream,Unnamed Waterway,0,0
406202239,stream,Unnamed Waterway,0,0
406202240,stream,Unnamed Waterway,0,0
406202241,stream,Unnamed Waterway,0,0
406202242,stream,Unnamed Waterway,0,0
406202243,stream,Unnamed Waterway,0,0
406202244,stream,Unnamed Waterway,0,0
406202246,stream,Unnamed Waterway,0,0
406210892,stream,Unnamed Waterway,0,0
406210898,stream,Unnamed Waterway,0,0
406210899,stream,Unnamed Waterway,0,0
406210911,river,Unnamed Waterway,0,0
406210912,stream,Unnamed Waterway,0,0
406210913,stream,Unnamed Waterway,0,0
406210914,river,Unnamed Waterway,0,0
406214603,stream,Unnamed Waterway,0,0
406214605,river,Unnamed Waterway,0,0
406214607,stream,Unnamed Waterway,0,0
406214608,stream,Unnamed Waterway,0,0
406214610,stream,Unnamed Waterway,0,0
406214612,stream,Unnamed Waterway,0,0
406214614,river,Unnamed Waterway,0,0
406214616,stream,Unnamed Waterway,0,0
406214619,stream,Unnamed Waterway,0,0
406222705,river,Unnamed Waterway,0,0
406222706,river,Unnamed Waterway,0,0
406222707,river,Unnamed Waterway,0,0
406222708,river,Unnamed Waterway,0,0
406232439,river,Unnamed Waterway,0,0
406232440,river,Unnamed Waterway,0,0
406237009,stream,Unnamed Waterway,0,0
406237016,stream,Unnamed Waterway,0,0
406237020,stream,Unnamed Waterway,0,0
406237023,stream,Unnamed Waterway,0,0
406237026,stream,Unnamed Waterway,0,0
406237032,stream,Unnamed Waterway,0,0
406237037,stream,Unnamed Waterway,0,0
406237043,stream,Unnamed Waterway,0,0
406237057,stream,Unnamed Waterway,0,0
406237065,stream,Unnamed Waterway,0,0
406237068,stream,Unnamed Waterway,0,0
406237087,stream,Unnamed Waterway,0,0
406244538,stream,Unnamed Waterway,0,0
406244551,stream,Unnamed Waterway,0,0
406244552,stream,Unnamed Waterway,0,0
406244554,stream,Unnamed Waterway,0,0
406244557,stream,Unnamed Waterway,0,0
406244559,stream,Unnamed Waterway,0,0
406244561,stream,Unnamed Waterway,0,0
406244562,stream,Unnamed Waterway,0,0
406244563,stream,Unnamed Waterway,0,0
406250690,stream,Unnamed Waterway,0,0
406250691,river,Unnamed Waterway,0,0
406250693,stream,Unnamed Waterway,0,0
406250695,stream,Unnamed Waterway,0,0
406250696,stream,Unnamed Waterway,0,0
406250697,stream,Unnamed Waterway,0,0
406250699,stream,Unnamed Waterway,0,0
406250700,stream,Unnamed Waterway,0,0
406250701,stream,Unnamed Waterway,0,0
406250709,stream,Unnamed Waterway,0,0
406250721,stream,Unnamed Waterway,0,0
406250737,stream,Unnamed Waterway,0,0
406250739,stream,Unnamed Waterway,0,0
406254648,stream,Unnamed Waterway,0,0
406254649,stream,Unnamed Waterway,0,0
406254650,stream,Unnamed Waterway,0,0
406254654,stream,Unnamed Waterway,0,0
406254659,stream,Unnamed Waterway,0,0
406254662,stream,Unnamed Waterway,0,0
406262736,stream,Unnamed Waterway,0,0
406262737,stream,Unnamed Waterway,0,0
406262738,stream,Unnamed Waterway,0,0
406262739,stream,Unnamed Waterway,0,0
406262740,stream,Unnamed Waterway,0,0
406262741,river,Unnamed Waterway,0,0
406262747,stream,Unnamed Waterway,0,0
406262748,stream,Unnamed Waterway,0,0
406262749,stream,Unnamed Waterway,0,0
406262750,stream,Unnamed Waterway,0,0
406262751,stream,Unnamed Waterway,0,0
406262757,stream,Unnamed Waterway,0,0
406262768,stream,Unnamed Waterway,0,0
406268143,stream,Unnamed Waterway,0,0
406268148,stream,Unnamed Waterway,0,0
406268150,stream,Unnamed Waterway,0,0
406268187,stream,Unnamed Waterway,0,0
406268189,stream,Unnamed Waterway,0,0
406268191,stream,Unnamed Waterway,0,0
406268192,stream,Unnamed Waterway,0,0
406268202,stream,Unnamed Waterway,0,0
406268206,stream,Unnamed Waterway,0,0
406268210,river,Unnamed Waterway,0,0
406268213,stream,Unnamed Waterway,0,0
406268214,stream,Unnamed Waterway,0,0
406268216,stream,Unnamed Waterway,0,0
406268223,stream,Unnamed Waterway,0,0
406268226,stream,Unnamed Waterway,0,0
406268234,river,Unnamed Waterway,0,0
406268237,stream,Unnamed Waterway,0,0
406268238,stream,Unnamed Waterway,0,0
406273233,stream,Unnamed Waterway,0,0
406273235,stream,Unnamed Waterway,0,0
406273236,stream,Unnamed Waterway,0,0
406273237,stream,Unnamed Waterway,0,0
406273238,stream,Unnamed Waterway,0,0
406273239,stream,Unnamed Waterway,0,0
406273254,stream,Unnamed Waterway,0,0
406273255,stream,Unnamed Waterway,0,0
406273256,stream,Unnamed Waterway,0,0
406273258,stream,Unnamed Waterway,0,0
406273259,river,Unnamed Waterway,0,0
406273263,river,Unnamed Waterway,0,0
406273265,river,Unnamed Waterway,0,0
406273271,river,Unnamed Waterway,0,0
406273273,stream,Unnamed Waterway,0,0
406273274,stream,Unnamed Waterway,0,0
406273277,stream,Unnamed Waterway,0,0
406273278,stream,Unnamed Waterway,0,0
406273281,stream,Unnamed Waterway,0,0
406273288,stream,Unnamed Waterway,0,0
406273290,stream,Unnamed Waterway,0,0
406277999,stream,Unnamed Waterway,0,0
406278002,stream,Unnamed Waterway,0,0
406278006,stream,Unnamed Waterway,0,0
406278010,stream,Unnamed Waterway,0,0
406278012,stream,Unnamed Waterway,0,0
406278013,stream,Unnamed Waterway,0,0
406278015,stream,Unnamed Waterway,0,0
406278016,stream,Unnamed Waterway,0,0
406278017,stream,Unnamed Waterway,0,0
406278018,stream,Unnamed Waterway,0,0
406278019,stream,Unnamed Waterway,0,0
406278020,stream,Unnamed Waterway,0,0
406278021,stream,Unnamed Waterway,0,0
406278025,stream,Unnamed Waterway,0,0
406278026,stream,Unnamed Waterway,0,0
406278027,stream,Unnamed Waterway,0,0
406278028,stream,Unnamed Waterway,0,0
406278031,stream,Unnamed Waterway,0,0
406278032,stream,Unnamed Waterway,0,0
406278033,stream,Unnamed Waterway,0,0
406285218,stream,Unnamed Waterway,0,0
406285219,stream,Unnamed Waterway,0,0
406285220,stream,Unnamed Waterway,0,0
406285223,river,Unnamed Waterway,0,0
406285224,stream,Unnamed Waterway,0,0
406285225,stream,Unnamed Waterway,0,0
406285226,stream,Unnamed Waterway,0,0
406285227,stream,Unnamed Waterway,0,0
406285228,stream,Unnamed Waterway,0,0
406285229,stream,Unnamed Waterway,0,0
406285230,river,Unnamed Waterway,0,0
406285231,stream,Unnamed Waterway,0,0
406285233,stream,Unnamed Waterway,0,0
406285234,river,Unnamed Waterway,0,0
406285236,stream,Unnamed Waterway,0,0
406285238,stream,Unnamed Waterway,0,0
406285245,river,Unnamed Waterway,0,0
406299694,stream,Unnamed Waterway,0,0
406299698,stream,Unnamed Waterway,0,0
406299700,stream,Unnamed Waterway,0,0
406299702,stream,Unnamed Waterway,0,0
406299704,stream,Unnamed Waterway,0,0
406299705,river,Unnamed Waterway,0,0
406299708,stream,Unnamed Waterway,0,0
406299710,stream,Unnamed Waterway,0,0
406299712,stream,Unnamed Waterway,0,0
406299714,stream,Unnamed Waterway,0,0
406299716,river,Unnamed Waterway,0,0
406299721,stream,Unnamed Waterway,0,0
406299724,stream,Unnamed Waterway,0,0
406299726,stream,Unnamed Waterway,0,0
406299734,river,Unnamed Waterway,0,0
406299738,stream,Unnamed Waterway,0,0
406299751,stream,Unnamed Waterway,0,0
406299754,stream,Unnamed Waterway,0,0
406299757,stream,Unnamed Waterway,0,0
406299760,river,Unnamed Waterway,0,0
406299763,stream,Unnamed Waterway,0,0
406299765,stream,Unnamed Waterway,0,0
406299766,stream,Unnamed Waterway,0,0
406299770,stream,Unnamed Waterway,0,0
406299776,stream,Unnamed Waterway,0,0
406299781,stream,Unnamed Waterway,0,0
406299782,stream,Unnamed Waterway,0,0
406299784,stream,Unnamed Waterway,0,0
406299786,stream,Unnamed Waterway,0,0
406299789,river,Unnamed Waterway,0,0
406299797,stream,Unnamed Waterway,0,0
406314315,stream,Unnamed Waterway,0,0
406314316,stream,Unnamed Waterway,0,0
406314317,stream,Unnamed Waterway,0,0
406314318,stream,Unnamed Waterway,0,0
406314319,stream,Unnamed Waterway,0,0
406314322,stream,Unnamed Waterway,0,0
406314325,stream,Unnamed Waterway,0,0
406314329,river,Unnamed Waterway,0,0
406314330,river,Unnamed Waterway,0,0
406314331,stream,Unnamed Waterway,0,0
406314332,river,Unnamed Waterway,0,0
406314333,river,Unnamed Waterway,0,0
406314334,river,Unnamed Waterway,0,0
406314335,stream,Unnamed Waterway,0,0
406314336,river,Unnamed Waterway,0,0
406316811,river,Unnamed Waterway,0,0
406316814,river,Unnamed Waterway,0,0
406316815,stream,Unnamed Waterway,0,0
406316816,stream,Unnamed Waterway,0,0
406316817,stream,Unnamed Waterway,0,0
406316818,stream,Unnamed Waterway,0,0
406316819,stream,Unnamed Waterway,0,0
406316820,river,Unnamed Waterway,0,0
406322540,stream,Unnamed Waterway,0,0
406322546,stream,Unnamed Waterway,0,0
406322547,stream,Unnamed Waterway,0,0
406322548,stream,Unnamed Waterway,0,0
406322549,stream,Unnamed Waterway,0,0
406322550,stream,Unnamed Waterway,0,0
406322551,stream,Unnamed Waterway,0,0
406322552,stream,Unnamed Waterway,0,0
406322563,stream,Unnamed Waterway,0,0
406326639,stream,Unnamed Waterway,0,0
406326641,stream,Unnamed Waterway,0,0
406326650,stream,Unnamed Waterway,0,0
406326676,stream,Unnamed Waterway,0,0
406326709,stream,Unnamed Waterway,0,0
406326748,stream,Unnamed Waterway,0,0
406326749,stream,Unnamed Waterway,0,0
406326772,stream,Unnamed Waterway,0,0
406331871,stream,Unnamed Waterway,0,0
406331872,stream,Unnamed Waterway,0,0
406331887,stream,Unnamed Waterway,0,0
406331889,stream,Unnamed Waterway,0,0
406331890,stream,Unnamed Waterway,0,0
406331892,stream,Unnamed Waterway,0,0
406331894,stream,Unnamed Waterway,0,0
406331896,stream,Unnamed Waterway,0,0
406331902,stream,Unnamed Waterway,0,0
406331904,stream,Unnamed Waterway,0,0
406331905,stream,Unnamed Waterway,0,0
406331906,stream,Unnamed Waterway,0,0
406331914,stream,Unnamed Waterway,0,0
406331917,stream,Unnamed Waterway,0,0
406331935,stream,Unnamed Waterway,0,0
406331936,stream,Unnamed Waterway,0,0
406331939,stream,Unnamed Waterway,0,0
406331950,stream,Unnamed Waterway,0,0
406331952,stream,Unnamed Waterway,0,0
406331953,stream,Unnamed Waterway,0,0
406331967,stream,Unnamed Waterway,0,0
406331970,stream,Unnamed Waterway,0,0
406331971,stream,Unnamed Waterway,0,0
406338585,stream,Unnamed Waterway,0,0
406338596,stream,Unnamed Waterway,0,0
406338597,stream,Unnamed Waterway,0,0
406338604,stream,Unnamed Waterway,0,0
406338606,stream,Unnamed Waterway,0,0
406338615,stream,Unnamed Waterway,0,0
406338626,stream,Unnamed Waterway,0,0
406338637,stream,Unnamed Waterway,0,0
406338638,stream,Unnamed Waterway,0,0
406338646,stream,Unnamed Waterway,0,0
406338647,stream,Unnamed Waterway,0,0
406340356,stream,Unnamed Waterway,0,0
406340357,stream,Unnamed Waterway,0,0
406340358,stream,Unnamed Waterway,0,0
406340360,stream,Unnamed Waterway,0,0
406340361,stream,Unnamed Waterway,0,0
406340366,stream,Unnamed Waterway,0,0
406340376,stream,Unnamed Waterway,0,0
406340377,river,Unnamed Waterway,0,0
406340378,stream,Unnamed Waterway,0,0
406340379,stream,Unnamed Waterway,0,0
406340380,stream,Unnamed Waterway,0,0
406340381,stream,Unnamed Waterway,0,0
406340382,stream,Unnamed Waterway,0,0
406340383,stream,Unnamed Waterway,0,0
406340384,stream,Unnamed Waterway,0,0
406340385,river,Unnamed Waterway,0,0
406340386,river,Unnamed Waterway,0,0
406340992,river,Unnamed Waterway,0,0
406340993,river,Unnamed Waterway,0,0
406340994,river,Unnamed Waterway,0,0
406340995,river,Unnamed Waterway,0,0
406340996,river,Unnamed Waterway,0,0
406340998,stream,Unnamed Waterway,0,0
406341986,stream,Unnamed Waterway,0,0
406341987,river,Unnamed Waterway,0,0
406341988,river,Unnamed Waterway,0,0
406341989,river,Unnamed Waterway,0,0
406341990,river,Unnamed Waterway,0,0
406342929,stream,Unnamed Waterway,0,0
406342931,stream,Unnamed Waterway,0,0
406342932,stream,Unnamed Waterway,0,0
406342934,stream,Unnamed Waterway,0,0
406342936,river,Unnamed Waterway,0,0
406342938,stream,Unnamed Waterway,0,0
406342939,stream,Unnamed Waterway,0,0
406342940,stream,Unnamed Waterway,0,0
406342941,stream,Unnamed Waterway,0,0
406342942,river,Unnamed Waterway,0,0
406342943,stream,Unnamed Waterway,0,0
406342944,stream,Unnamed Waterway,0,0
406342945,river,Unnamed Waterway,0,0
406342946,stream,Unnamed Waterway,0,0
406342947,stream,Unnamed Waterway,0,0
406342948,stream,Unnamed Waterway,0,0
406342949,stream,Unnamed Waterway,0,0
406342950,stream,Unnamed Waterway,0,0
406342951,stream,Unnamed Waterway,0,0
406342952,stream,Unnamed Waterway,0,0
406342953,stream,Unnamed Waterway,0,0
406342954,stream,Unnamed Waterway,0,0
406342955,stream,Unnamed Waterway,0,0
406342957,stream,Unnamed Waterway,0,0
406342959,stream,Unnamed Waterway,0,0
406344243,stream,Unnamed Waterway,0,0
406344258,stream,Unnamed Waterway,0,0
406344264,stream,Unnamed Waterway,0,0
406357526,river,Unnamed Waterway,0,0
406357533,stream,Unnamed Waterway,0,0
406357534,stream,Unnamed Waterway,0,0
406357535,stream,Unnamed Waterway,0,0
406357537,river,Unnamed Waterway,0,0
406357538,stream,Unnamed Waterway,0,0
406357539,stream,Unnamed Waterway,0,0
406357540,river,Unnamed Waterway,0,0
406357541,stream,Unnamed Waterway,0,0
406357542,river,Unnamed Waterway,0,0
406357544,river,Unnamed Waterway,0,0
406361178,stream,Unnamed Waterway,0,0
406361181,stream,Unnamed Waterway,0,0
406361187,stream,Unnamed Waterway,0,0
406370287,stream,Unnamed Waterway,0,0
406474052,canal,Unnamed Waterway,0,0
406505547,river,Unnamed Waterway,0,0
406537307,stream,Unnamed Waterway,0,0
406537308,stream,Unnamed Waterway,0,0
406567314,canal,Unnamed Waterway,0,0
406567315,canal,Unnamed Waterway,0,0
406569368,canal,Unnamed Waterway,0,0
406599812,stream,Unnamed Waterway,0,0
406623472,canal,Unnamed Waterway,0,0
406625016,canal,Unnamed Waterway,0,0
406626455,canal,Unnamed Waterway,0,0
406627660,canal,Unnamed Waterway,0,0
406648991,canal,Unnamed Waterway,0,0
406649747,canal,Unnamed Waterway,0,0
406693502,stream,Unnamed Waterway,0,0
406715989,river,Unnamed Waterway,0,0
406827069,canal,Unnamed Waterway,0,0
406830967,canal,Unnamed Waterway,0,0
406836363,river,Unnamed Waterway,0,0
406836364,stream,Unnamed Waterway,0,0
406836365,stream,Unnamed Waterway,0,0
406836366,river,Garmo,0,0
406836373,river,Unnamed Waterway,0,0
406840170,stream,Unnamed Waterway,0,0
406840171,stream,Unnamed Waterway,0,0
406840172,river,Unnamed Waterway,0,0
406840173,stream,Unnamed Waterway,0,0
406840175,stream,Unnamed Waterway,0,0
406840184,stream,Unnamed Waterway,0,0
406840185,stream,Unnamed Waterway,0,0
406840188,stream,Unnamed Waterway,0,0
406840189,stream,Unnamed Waterway,0,0
406840190,stream,Unnamed Waterway,0,0
406845869,stream,Unnamed Waterway,0,0
406896314,stream,Unnamed Waterway,0,0
406930352,canal,Unnamed Waterway,0,0
406933333,canal,Unnamed Waterway,0,0
406933341,canal,Unnamed Waterway,0,0
406933349,canal,Unnamed Waterway,0,0
406936631,canal,Unnamed Waterway,0,0
406938395,canal,Hori Nallah,0,0
406938396,canal,Unnamed Waterway,0,0
406944832,canal,Unnamed Waterway,0,0
406944833,canal,Unnamed Waterway,0,0
407178329,stream,Unnamed Waterway,0,0
407521784,canal,Unnamed Waterway,0,0
407527273,canal,Unnamed Waterway,0,0
407527274,canal,Unnamed Waterway,0,0
407527529,canal,Unnamed Waterway,0,0
407626769,river,Unnamed Waterway,0,0
407684675,stream,Kishroniril Gah,0,0
407714397,canal,Unnamed Waterway,0,0
407714401,canal,Unnamed Waterway,0,0
407847391,river,Unnamed Waterway,0,0
407850656,stream,Unnamed Waterway,0,0
407850657,river,Sar Gah,0,0
407864713,river,Sherqillah Gha,0,0
407872222,stream,Unnamed Waterway,0,0
407895594,stream,Unnamed Waterway,0,0
407895595,river,Mahthantir Gah,0,0
407895596,river,Chhantir Gah,0,0
407958770,stream,Unnamed Waterway,0,0
408023954,stream,Unnamed Waterway,0,0
408023956,stream,Unnamed Waterway,0,0
408023957,stream,Unnamed Waterway,0,0
408023964,stream,Unnamed Waterway,0,0
408023966,stream,Unnamed Waterway,0,0
408023971,stream,Unnamed Waterway,0,0
408023972,stream,Unnamed Waterway,0,0
408023973,stream,Unnamed Waterway,0,0
408023980,stream,Unnamed Waterway,0,0
408023981,stream,Unnamed Waterway,0,0
408023982,stream,Unnamed Waterway,0,0
408023984,stream,Unnamed Waterway,0,0
408023985,stream,Unnamed Waterway,0,0
408023988,stream,Unnamed Waterway,0,0
408023989,stream,Unnamed Waterway,0,0
408023992,stream,Unnamed Waterway,0,0
408024000,stream,Unnamed Waterway,0,0
408024001,stream,Unnamed Waterway,0,0
408024002,stream,Unnamed Waterway,0,0
408024003,stream,Unnamed Waterway,0,0
408024004,stream,Unnamed Waterway,0,0
408035746,stream,Unnamed Waterway,0,0
408035773,stream,Unnamed Waterway,0,0
408035777,stream,Unnamed Waterway,0,0
408043534,stream,Unnamed Waterway,0,0
408043574,stream,Unnamed Waterway,0,0
408043575,stream,Unnamed Waterway,0,0
408043576,stream,Unnamed Waterway,0,0
408043577,stream,Unnamed Waterway,0,0
408043578,stream,Unnamed Waterway,0,0
408043579,stream,Unnamed Waterway,0,0
408043580,stream,Unnamed Waterway,0,0
408043581,stream,Unnamed Waterway,0,0
408043582,stream,Unnamed Waterway,0,0
408043583,stream,Unnamed Waterway,0,0
408043585,stream,Unnamed Waterway,0,0
408043586,stream,Unnamed Waterway,0,0
408043587,stream,Unnamed Waterway,0,0
408043588,stream,Unnamed Waterway,0,0
408050976,stream,Unnamed Waterway,0,0
408050978,stream,Unnamed Waterway,0,0
408050981,stream,Unnamed Waterway,0,0
408050983,stream,Unnamed Waterway,0,0
408050989,stream,Unnamed Waterway,0,0
408057523,stream,Unnamed Waterway,0,0
408118840,stream,Unnamed Waterway,0,0
408118843,stream,Unnamed Waterway,0,0
408164814,stream,Unnamed Waterway,0,0
408614749,stream,Unnamed Waterway,0,0
409067224,canal,cantonment drain,0,0
409155159,canal,Unnamed Waterway,0,0
409155160,canal,Unnamed Waterway,0,0
410266838,canal,Shahkot Minor Canal,0,0
410736922,stream,Unnamed Waterway,0,0
410813030,canal,Sarajwah Distibutry,0,0
410813031,canal,Sarajwah Distibutry,0,0
410813033,canal,Sarajwah Distibutry,0,0
410813034,canal,Sarajwah Distibutry,0,0
410813036,canal,SarajwahDistibutry,0,0
410813037,canal,SarajwahDistibutry,0,0
412360431,stream,Unnamed Waterway,0,0
412375830,river,Mamocha Gah,0,0
412844887,canal,Unnamed Waterway,0,0
413019268,canal,Unnamed Waterway,0,0
413023956,canal,Unnamed Waterway,0,0
414251656,stream,Unnamed Waterway,0,0
414251662,stream,Unnamed Waterway,0,0
414261225,river,کابل سيند,0,0
414757743,canal,Unnamed Waterway,0,0
414855782,river,Rajgal River,0,0
414855795,river,Unnamed Waterway,0,0
414855803,stream,Unnamed Waterway,0,0
414855814,stream,Unnamed Waterway,0,0
414855817,river,Unnamed Waterway,0,0
414855818,river,Unnamed Waterway,0,0
414855824,stream,Unnamed Waterway,0,0
414855826,stream,Unnamed Waterway,0,0
414855832,stream,Unnamed Waterway,0,0
414855833,stream,Unnamed Waterway,0,0
414862644,stream,Unnamed Waterway,0,0
414862664,river,Unnamed Waterway,0,0
414862682,river,Unnamed Waterway,0,0
414862686,stream,Unnamed Waterway,0,0
414862692,stream,Unnamed Waterway,0,0
414862695,stream,Unnamed Waterway,0,0
414862698,stream,Unnamed Waterway,0,0
414862708,stream,Unnamed Waterway,0,0
414862709,stream,Unnamed Waterway,0,0
414862712,stream,Unnamed Waterway,0,0
414866218,stream,Unnamed Waterway,0,0
414866244,river,Unnamed Waterway,0,0
414866246,stream,Unnamed Waterway,0,0
415108046,canal,Saim Canal,0,0
415108047,canal,Saim Canal,0,0
415108048,canal,Saim Canal,0,0
415108049,canal,Saim Canal,0,0
415108050,canal,Saim Canal,0,0
415203981,canal,Najeeb Wah,0,0
415203982,canal,Najeeb Wah,0,0
415203983,canal,Najeeb Wah,0,0
415203984,canal,Najeeb Wah,0,0
415203985,canal,Najeeb Wah,0,0
415203986,canal,Najeeb Wah,0,0
415203987,canal,Najeeb Wah,0,0
415203988,canal,Najeeb Wah,0,0
415393348,river,Unnamed Waterway,0,0
416606036,river,Mohan Nai,0,0
417967337,canal,Unnamed Waterway,0,0
418156863,canal,Unnamed Waterway,0,0
418281539,canal,Unnamed Waterway,0,0
419518740,stream,Unnamed Waterway,0,0
419518741,river,Burzil Nala,0,0
419521706,stream,Unnamed Waterway,0,0
419525747,stream,Unnamed Waterway,0,0
420137271,river,Unnamed Waterway,0,0
420137272,river,Unnamed Waterway,0,0
420143923,river,Unnamed Waterway,0,0
420145803,stream,Unnamed Waterway,0,0
420145804,stream,Unnamed Waterway,0,0
420829547,stream,Unnamed Waterway,0,0
420829548,river,Unnamed Waterway,0,0
420829553,stream,Unnamed Waterway,0,0
421030975,stream,Unnamed Waterway,0,0
421030978,stream,Unnamed Waterway,0,0
421030992,stream,s,0,0
421130251,stream,Unnamed Waterway,0,0
423657314,stream,Unnamed Waterway,0,0
423665031,stream,Unnamed Waterway,0,0
423675800,stream,Unnamed Waterway,0,0
423677120,river,Unnamed Waterway,0,0
423677121,river,Unnamed Waterway,0,0
424334149,river,Unnamed Waterway,0,0
424334154,river,Unnamed Waterway,0,0
424612143,canal,Unnamed Waterway,0,0
424637923,stream,Unnamed Waterway,0,0
424637924,stream,Unnamed Waterway,0,0
424637925,river,Unnamed Waterway,0,0
425223149,stream,Unnamed Waterway,0,0
425643063,canal,Upper Sohag Branch,0,0
426433880,canal,Unnamed Waterway,0,0
426515503,stream,Nala Palkhu,0,0
426515512,stream,Unnamed Waterway,0,0
426515513,canal,Unnamed Waterway,0,0
426515515,canal,Unnamed Waterway,0,0
426692095,river,Unnamed Waterway,0,0
427290409,river,ٹانک زام,0,0
427344308,canal,Unnamed Waterway,0,0
427347933,canal,Unnamed Waterway,0,0
427441921,river,Unnamed Waterway,0,0
429092789,river,Buto Gah,0,0
429262842,river,Unnamed Waterway,0,0
429262862,stream,Unnamed Waterway,0,0
429278055,river,Unnamed Waterway,0,0
430217413,canal,Unnamed Waterway,0,0
430217414,canal,Unnamed Waterway,0,0
430217415,canal,Unnamed Waterway,0,0
430441733,river,Akakhel Darra River,0,0
431270797,canal,Unnamed Waterway,0,0
431456125,canal,Munda Canal,0,0
431456294,canal,Unnamed Waterway,0,0
433456299,canal,Unnamed Waterway,0,0
435709808,canal,Unnamed Waterway,0,0
435709815,canal,Unnamed Waterway,0,0
436577610,canal,Unnamed Waterway,0,0
438380809,stream,Unnamed Waterway,0,0
438380810,stream,Unnamed Waterway,0,0
438513771,stream,Unnamed Waterway,0,0
438513772,stream,Unnamed Waterway,0,0
440202340,river,Unnamed Waterway,0,0
440537955,stream,Oarano Algoad,0,0
442747786,river,Unnamed Waterway,0,0
442747787,river,Unnamed Waterway,0,0
442747788,stream,Unnamed Waterway,0,0
442747789,stream,Unnamed Waterway,0,0
442747790,stream,Unnamed Waterway,0,0
442747791,river,Unnamed Waterway,0,0
442747792,river,Unnamed Waterway,0,0
442747793,stream,Unnamed Waterway,0,0
442747794,river,Unnamed Waterway,0,0
443007794,stream,Choi,0,0
443008225,stream,Choi,0,0
443234247,stream,Unnamed Waterway,0,0
443234265,stream,Unnamed Waterway,0,0
443387589,stream,د تروو لويه مانده,0,0
443387590,stream,د تروو لويه مانده,0,0
443387591,stream,د تروو لويه مانده,0,0
443387594,stream,Unnamed Waterway,0,0
443387595,stream,د تروو لويه مانده,0,0
443412763,river,Unnamed Waterway,0,0
443412765,river,Unnamed Waterway,0,0
443582739,river,د کرمې سيند,0,0
443582740,river,دریائے کرم,0,0
443632996,river,دریائے کرم,0,0
443636825,stream,Unnamed Waterway,0,0
443646968,river,دریائے کرم,0,0
443759924,stream,Unnamed Waterway,0,0
443759925,river,Unnamed Waterway,0,0
443759928,stream,Unnamed Waterway,0,0
443820809,stream,Unnamed Waterway,0,0
443821140,river,Unnamed Waterway,0,0
443821440,river,Unnamed Waterway,0,0
443990173,stream,Sajikot stream,0,0
443993280,river,کابل سيند,0,0
443993281,river,کابل سيند,0,0
443993282,river,کابل سيند,0,0
444071735,canal,Unnamed Waterway,0,0
444092481,stream,Unnamed Waterway,0,0
444092482,stream,Unnamed Waterway,0,0
444092637,stream,Unnamed Waterway,0,0
444238452,river,دریائے چترال,0,0
444238453,river,Kunar کونړ,0,0
445397418,river,Unnamed Waterway,0,0
445397419,river,Unnamed Waterway,0,0
445920312,canal,Unnamed Waterway,0,0
446742840,river,Unnamed Waterway,0,0
446744474,stream,Unnamed Waterway,0,0
446778315,stream,Kama Agra Khwar,0,0
446923504,river,Ushirai Khwar,0,0
447127771,canal,Unnamed Waterway,0,0
447127772,canal,Unnamed Waterway,0,0
447141191,stream,Unnamed Waterway,0,0
447176832,canal,Habib Nallah,0,0
447940430,stream,Unnamed Waterway,0,0
447940431,stream,Unnamed Waterway,0,0
447940432,stream,Unnamed Waterway,0,0
447941673,stream,Unnamed Waterway,0,0
447941674,stream,Unnamed Waterway,0,0
447941675,stream,Unnamed Waterway,0,0
448975810,stream,Unnamed Waterway,0,0
448975811,stream,Unnamed Waterway,0,0
449415375,stream,Unnamed Waterway,0,0
449421046,river,نالہ ڈیک,0,0
449557370,stream,Unnamed Waterway,0,0
449557372,stream,Unnamed Waterway,0,0
449557376,stream,Unnamed Waterway,0,0
449713754,stream,Unnamed Waterway,0,0
449713755,stream,Unnamed Waterway,0,0
449713756,stream,Unnamed Waterway,0,0
449713758,stream,Unnamed Waterway,0,0
449713759,river,Keris Lungma River,0,0
449713761,stream,Unnamed Waterway,0,0
449713762,stream,Unnamed Waterway,0,0
449713767,stream,Unnamed Waterway,0,0
449713770,stream,Unnamed Waterway,0,0
450353166,canal,Unnamed Waterway,0,0
450624113,canal,Unnamed Waterway,0,0
450637586,river,Unnamed Waterway,0,0
450637587,river,Unnamed Waterway,0,0
450639695,river,Unnamed Waterway,0,0
450639696,river,Unnamed Waterway,0,0
450639697,river,Unnamed Waterway,0,0
450842570,canal,Unnamed Waterway,0,0
451704248,canal,Unnamed Waterway,0,0
452138468,river,Unnamed Waterway,0,0
452138496,river,Unnamed Waterway,0,0
452138509,river,ملیر ندی,0,0
452148530,stream,Unnamed Waterway,0,0
452148575,stream,Unnamed Waterway,0,0
452148580,stream,Unnamed Waterway,0,0
452148587,stream,Unnamed Waterway,0,0
452148607,stream,Unnamed Waterway,0,0
452153394,stream,Unnamed Waterway,0,0
452153444,stream,Unnamed Waterway,0,0
452153454,stream,Unnamed Waterway,0,0
452153466,stream,Unnamed Waterway,0,0
452153482,stream,Unnamed Waterway,0,0
452153494,stream,Unnamed Waterway,0,0
452153510,river,Unnamed Waterway,0,0
452153524,stream,Unnamed Waterway,0,0
452153527,stream,Unnamed Waterway,0,0
452153530,stream,Unnamed Waterway,0,0
452153541,river,Unnamed Waterway,0,0
452153553,river,Unnamed Waterway,0,0
452155686,river,Unnamed Waterway,0,0
452155713,river,Unnamed Waterway,0,0
452157185,stream,Unnamed Waterway,0,0
452157186,river,Unnamed Waterway,0,0
452157187,stream,Unnamed Waterway,0,0
452157197,river,Unnamed Waterway,0,0
452157208,river,Unnamed Waterway,0,0
452157231,river,road and railway line,0,0
452159605,stream,Unnamed Waterway,0,0
452159606,stream,Unnamed Waterway,0,0
452159610,stream,Unnamed Waterway,0,0
452159615,river,Unnamed Waterway,0,0
452159616,stream,Unnamed Waterway,0,0
452159617,stream,Unnamed Waterway,0,0
452159627,stream,Unnamed Waterway,0,0
452165721,stream,Unnamed Waterway,0,0
452165723,stream,Unnamed Waterway,0,0
452165731,stream,Unnamed Waterway,0,0
452165732,stream,Unnamed Waterway,0,0
452165733,river,Unnamed Waterway,0,0
452165734,river,Unnamed Waterway,0,0
452165745,river,Unnamed Waterway,0,0
452165767,canal,Unnamed Waterway,0,0
452171970,stream,Unnamed Waterway,0,0
452185214,canal,Unnamed Waterway,0,0
452329380,stream,Unnamed Waterway,0,0
453137047,stream,Unnamed Waterway,0,0
454316053,river,Unnamed Waterway,0,0
454316058,river,Unnamed Waterway,0,0
454554013,river,Unnamed Waterway,0,0
454978799,stream,Unnamed Waterway,0,0
454979296,canal,Unnamed Waterway,0,0
454979297,canal,Unnamed Waterway,0,0
454979989,canal,Unnamed Waterway,0,0
454979990,canal,Unnamed Waterway,0,0
454979992,canal,Unnamed Waterway,0,0
455976864,river,آلگاڈ,0,0
455976867,river,آلگاڈ,0,0
455979915,stream,Unnamed Waterway,0,0
455979916,stream,Unnamed Waterway,0,0
455979918,stream,Unnamed Waterway,0,0
456394804,canal,Lagar Distributary,0,0
456397876,canal,Unnamed Waterway,0,0
456421754,stream,Unnamed Waterway,0,0
456421767,stream,Unnamed Waterway,0,0
456631093,canal,Unnamed Waterway,0,0
456631094,canal,Unnamed Waterway,0,0
456631270,stream,Unnamed Waterway,0,0
456631271,stream,Unnamed Waterway,0,0
456631272,stream,Unnamed Waterway,0,0
456631273,stream,Unnamed Waterway,0,0
456631274,stream,Unnamed Waterway,0,0
456631275,stream,Unnamed Waterway,0,0
456631283,river,Unnamed Waterway,0,0
456631284,stream,Unnamed Waterway,0,0
456631285,stream,Unnamed Waterway,0,0
456631286,stream,Unnamed Waterway,0,0
456631289,stream,Unnamed Waterway,0,0
456631290,stream,Unnamed Waterway,0,0
456631291,stream,Unnamed Waterway,0,0
456631292,stream,Unnamed Waterway,0,0
456631302,stream,Unnamed Waterway,0,0
456631306,stream,Unnamed Waterway,0,0
456631307,stream,Unnamed Waterway,0,0
456635804,stream,Unnamed Waterway,0,0
456635806,stream,Unnamed Waterway,0,0
456635807,stream,Unnamed Waterway,0,0
456635808,river,Unnamed Waterway,0,0
456635815,river,Unnamed Waterway,0,0
456635818,stream,Unnamed Waterway,0,0
456635831,stream,Unnamed Waterway,0,0
456644658,stream,Unnamed Waterway,0,0
456644662,stream,Unnamed Waterway,0,0
456644684,stream,Unnamed Waterway,0,0
456644703,stream,Unnamed Waterway,0,0
456644734,stream,Unnamed Waterway,0,0
456657114,stream,Unnamed Waterway,0,0
456657115,stream,Unnamed Waterway,0,0
456657116,stream,Unnamed Waterway,0,0
456657117,stream,Unnamed Waterway,0,0
456657130,river,Unnamed Waterway,0,0
456657135,stream,Unnamed Waterway,0,0
456657136,stream,Unnamed Waterway,0,0
456657140,stream,Unnamed Waterway,0,0
457343637,stream,Unnamed Waterway,0,0
457343638,stream,Unnamed Waterway,0,0
458466713,stream,Ramdan Lungpa,0,0
458466715,stream,Turtuk Lungpa,0,0
458466718,stream,Billargoo,0,0
458466719,stream,Unnamed Waterway,0,0
458466721,stream,Billargoo,0,0
458466724,river,Hanoo,0,0
458502666,stream,Unnamed Waterway,0,0
458556474,stream,Karchan Shaba Lungpa,0,0
458556478,stream,Chogo Nala,0,0
458556479,stream,Unnamed Waterway,0,0
458556481,stream,Junk Lungpa,0,0
458556484,river,Kustang Lungpa,0,0
458556486,river,Chorbat Lungpa,0,0
458655999,stream,Unnamed Waterway,0,0
458656000,stream,Unnamed Waterway,0,0
458656012,stream,Unnamed Waterway,0,0
458656013,stream,گنوخ نالہ,0,0
458656018,stream,گنوخ نالہ,0,0
458656020,stream,غویس,0,0
458656044,stream,Rumboka,0,0
458656045,stream,Unnamed Waterway,0,0
458656049,stream,Unnamed Waterway,0,0
459134041,stream,Unnamed Waterway,0,0
459134042,stream,Unnamed Waterway,0,0
459467744,river,Unnamed Waterway,0,0
459468258,stream,Unnamed Waterway,0,0
459468532,stream,Unnamed Waterway,0,0
459470639,river,Unnamed Waterway,0,0
459670592,river,Unnamed Waterway,0,0
460607484,stream,Unnamed Waterway,0,0
460783292,stream,Unnamed Waterway,0,0
461036656,river,Unnamed Waterway,0,0
461110963,canal,Unnamed Waterway,0,0
461110964,canal,Unnamed Waterway,0,0
461556227,stream,Unnamed Waterway,0,0
461556228,river,Rosh Gol,0,0
461556229,stream,Unnamed Waterway,0,0
461556230,stream,Unnamed Waterway,0,0
461556231,stream,Unnamed Waterway,0,0
461556232,stream,Unnamed Waterway,0,0
461758287,river,Unnamed Waterway,0,0
462050279,canal,Phuleli (Gooni) canal,0,0
462217167,river,Unnamed Waterway,0,0
462236471,river,Unnamed Waterway,0,0
462236494,river,Unnamed Waterway,0,0
462531883,river,Lawaghar,0,0
463413167,stream,Unnamed Waterway,0,0
463486433,stream,Unnamed Waterway,0,0
463486434,stream,Unnamed Waterway,0,0
463486435,stream,Unnamed Waterway,0,0
463486441,stream,Unnamed Waterway,0,0
463486445,river,Unnamed Waterway,0,0
463486468,stream,Unnamed Waterway,0,0
463486478,stream,Unnamed Waterway,0,0
463486481,stream,Unnamed Waterway,0,0
463486483,stream,Unnamed Waterway,0,0
463486497,stream,Unnamed Waterway,0,0
463486499,stream,Unnamed Waterway,0,0
463486500,stream,Unnamed Waterway,0,0
463486501,stream,Unnamed Waterway,0,0
463486502,stream,Unnamed Waterway,0,0
463486512,stream,Unnamed Waterway,0,0
463486513,stream,Unnamed Waterway,0,0
463486514,river,Unnamed Waterway,0,0
463486515,river,Sai Nala,0,0
465544048,stream,لیلا نالہ,0,0
465877026,river,Unnamed Waterway,0,0
466223401,river,Unnamed Waterway,0,0
466223404,river,Unnamed Waterway,0,0
466488469,river,Unnamed Waterway,0,0
466542871,river,Unnamed Waterway,0,0
466749074,river,Unnamed Waterway,0,0
467549449,stream,Unnamed Waterway,0,0
470232310,canal,Unnamed Waterway,0,0
472103860,canal,Unnamed Waterway,0,0
472104315,canal,Unnamed Waterway,0,0
472821240,stream,Unnamed Waterway,0,0
473442512,stream,Unnamed Waterway,0,0
474683338,river,Unnamed Waterway,0,0
475148009,stream,Unnamed Waterway,0,0
475148013,stream,Unnamed Waterway,0,0
475148018,river,Unnamed Waterway,0,0
475148030,river,Unnamed Waterway,0,0
475148032,stream,Unnamed Waterway,0,0
475148058,stream,Unnamed Waterway,0,0
475148074,river,Unnamed Waterway,0,0
476290247,canal,Unnamed Waterway,0,0
476290584,canal,Unnamed Waterway,0,0
477237307,canal,Unnamed Waterway,0,0
477237308,canal,Unnamed Waterway,0,0
477773361,stream,Unnamed Waterway,0,0
477798438,stream,Unnamed Waterway,0,0
478001097,canal,Unnamed Waterway,0,0
478001098,canal,Unnamed Waterway,0,0
478003467,canal,Sucha Singh Minor,0,0
478289371,canal,Unnamed Waterway,0,0
478648846,canal,Unnamed Waterway,0,0
478648848,canal,Unnamed Waterway,0,0
478683993,canal,Unnamed Waterway,0,0
478684000,canal,Unnamed Waterway,0,0
478731078,canal,Unnamed Waterway,0,0
480311855,river,Unnamed Waterway,0,0
481477584,river,Unnamed Waterway,0,0
482580499,canal,Outfall,0,0
483243480,canal,Unnamed Waterway,0,0
483243482,canal,Unnamed Waterway,0,0
483557808,river,پالس خوڑ,0,0
483565328,river,کیال خوڑ,0,0
484377632,canal,Unnamed Waterway,0,0
484383542,river,Unnamed Waterway,0,0
484420997,stream,Unnamed Waterway,0,0
484821379,canal,Unnamed Waterway,0,0
484822690,canal,Unnamed Waterway,0,0
484830472,stream,Unnamed Waterway,0,0
484835825,river,Unnamed Waterway,0,0
484837457,stream,Unnamed Waterway,0,0
485063543,river,Unnamed Waterway,0,0
485063544,stream,Unnamed Waterway,0,0
485128990,stream,Unnamed Waterway,0,0
485183411,stream,Unnamed Waterway,0,0
485183415,river,Unnamed Waterway,0,0
485183423,river,Unnamed Waterway,0,0
485183428,stream,Unnamed Waterway,0,0
485183429,river,Unnamed Waterway,0,0
485183430,stream,Unnamed Waterway,0,0
485183431,stream,Unnamed Waterway,0,0
485183435,stream,Unnamed Waterway,0,0
485183436,river,Unnamed Waterway,0,0
485183437,river,Unnamed Waterway,0,0
485183441,stream,Unnamed Waterway,0,0
485183442,stream,Unnamed Waterway,0,0
485223961,river,Unnamed Waterway,0,0
485690914,stream,Unnamed Waterway,0,0
485690921,stream,Unnamed Waterway,0,0
485690926,stream,Unnamed Waterway,0,0
485690928,stream,Unnamed Waterway,0,0
485690930,stream,Unnamed Waterway,0,0
485690937,stream,Unnamed Waterway,0,0
485690942,stream,Unnamed Waterway,0,0
485690952,stream,Unnamed Waterway,0,0
485690964,stream,Unnamed Waterway,0,0
485690967,stream,Unnamed Waterway,0,0
485690987,stream,Unnamed Waterway,0,0
485690990,stream,Unnamed Waterway,0,0
485690991,stream,Unnamed Waterway,0,0
486979047,canal,Unnamed Waterway,0,0
486979067,canal,Unnamed Waterway,0,0
486979070,canal,Unnamed Waterway,0,0
486979071,canal,Unnamed Waterway,0,0
486979072,canal,Unnamed Waterway,0,0
486979073,canal,Unnamed Waterway,0,0
486979074,canal,Unnamed Waterway,0,0
486979075,canal,Unnamed Waterway,0,0
486979076,canal,Unnamed Waterway,0,0
486979084,canal,Unnamed Waterway,0,0
486979088,canal,Unnamed Waterway,0,0
486979091,canal,Unnamed Waterway,0,0
486979092,canal,Unnamed Waterway,0,0
487437369,stream,Unnamed Waterway,0,0
487437370,stream,Unnamed Waterway,0,0
487437397,river,Unnamed Waterway,0,0
487437402,stream,Unnamed Waterway,0,0
487437403,stream,Unnamed Waterway,0,0
487437412,stream,Unnamed Waterway,0,0
487437413,stream,Unnamed Waterway,0,0
487504418,canal,Unnamed Waterway,0,0
487508267,canal,12L,0,0
488499235,canal,R-1,0,0
488500451,canal,Unnamed Waterway,0,0
488564149,stream,Unnamed Waterway,0,0
488564151,stream,Unnamed Waterway,0,0
488643317,stream,Unnamed Waterway,0,0
488643323,stream,Unnamed Waterway,0,0
488643333,stream,Unnamed Waterway,0,0
488643334,river,Unnamed Waterway,0,0
488643338,stream,Unnamed Waterway,0,0
488643340,stream,Unnamed Waterway,0,0
488643351,stream,Unnamed Waterway,0,0
488643354,river,Unnamed Waterway,0,0
488681972,stream,Unnamed Waterway,0,0
488681976,river,Shaitan Nala,0,0
488681992,river,Bunji Gah,0,0
489451762,river,نالہ بنہاں,0,0
489778865,canal,Unnamed Waterway,0,0
489778866,canal,Unnamed Waterway,0,0
489778867,canal,Unnamed Waterway,0,0
489829457,stream,Unnamed Waterway,0,0
489832098,stream,Unnamed Waterway,0,0
489833876,river,Unnamed Waterway,0,0
489836763,stream,Unnamed Waterway,0,0
489836769,stream,Unnamed Waterway,0,0
490450427,river,tochi ext,0,0
490450660,river,Tochi ext,0,0
490450661,stream,tochi ext stream,0,0
490451097,stream,Tochi Ext,0,0
490451098,stream,Tochi Ext,0,0
490451099,stream,Tochi Ext,0,0
490451100,stream,Tochi Ext,0,0
490451101,stream,Tochi Ext,0,0
490451102,river,Tochi Ext,0,0
490451333,stream,Tochi ext,0,0
490451472,river,tt,0,0
490451484,stream,tt,0,0
490451485,stream,tt,0,0
490451541,river,tt,0,0
490451562,stream,tt,0,0
491297272,stream,Unnamed Waterway,0,0
491297276,stream,Unnamed Waterway,0,0
491297277,stream,Unnamed Waterway,0,0
491297293,river,Unnamed Waterway,0,0
491297296,stream,Unnamed Waterway,0,0
491297313,river,Unnamed Waterway,0,0
491297314,stream,Unnamed Waterway,0,0
491297321,river,Unnamed Waterway,0,0
491297334,stream,Unnamed Waterway,0,0
491297350,stream,Unnamed Waterway,0,0
491297387,river,Unnamed Waterway,0,0
493174872,stream,Satnai Nar,0,0
493201081,stream,Sire Gah,0,0
493201084,stream,Badogam Nar,0,0
493223256,stream,Unnamed Waterway,0,0
493223258,stream,Unnamed Waterway,0,0
493223260,river,Unnamed Waterway,0,0
493223261,stream,Naruab Nala,0,0
493403960,stream,Unnamed Waterway,0,0
493547071,stream,Unnamed Waterway,0,0
493547072,stream,Unnamed Waterway,0,0
493547073,stream,Unnamed Waterway,0,0
493547074,stream,Unnamed Waterway,0,0
493547075,stream,Unnamed Waterway,0,0
493547076,stream,Unnamed Waterway,0,0
493547077,stream,Unnamed Waterway,0,0
493547078,stream,Unnamed Waterway,0,0
493547079,stream,Unnamed Waterway,0,0
493547080,river,Unnamed Waterway,0,0
493547081,stream,Unnamed Waterway,0,0
493547082,stream,Unnamed Waterway,0,0
493547086,stream,Unnamed Waterway,0,0
493547087,stream,Unnamed Waterway,0,0
493547092,stream,Unnamed Waterway,0,0
493547093,river,دریا خنجراب,0,0
494951998,canal,Unnamed Waterway,0,0
494952802,river,Unnamed Waterway,0,0
494957794,river,Unnamed Waterway,0,0
494957795,river,Zhob river,0,0
494957833,river,Unnamed Waterway,0,0
494957834,river,Unnamed Waterway,0,0
494962376,stream,Unnamed Waterway,0,0
494962377,stream,Unnamed Waterway,0,0
494962381,river,Unnamed Waterway,0,0
494982462,stream,Unnamed Waterway,0,0
495767571,river,Unnamed Waterway,0,0
495837419,canal,Unnamed Waterway,0,0
495837424,canal,Unnamed Waterway,0,0
495837428,canal,Unnamed Waterway,0,0
495837433,canal,Unnamed Waterway,0,0
495837437,canal,Unnamed Waterway,0,0
495837440,canal,Unnamed Waterway,0,0
495837444,canal,Unnamed Waterway,0,0
495837448,canal,Unnamed Waterway,0,0
495837463,canal,Unnamed Waterway,0,0
495837465,canal,Unnamed Waterway,0,0
495837471,canal,Unnamed Waterway,0,0
495837474,canal,Unnamed Waterway,0,0
495849319,canal,Unnamed Waterway,0,0
496531554,canal,Unnamed Waterway,0,0
497286584,river,Unnamed Waterway,0,0
498242590,river,Jalipur Gah River,0,0
498242595,river,Barchaloi Gah River,0,0
498242608,stream,Unnamed Waterway,0,0
498242637,river,Goharabad Gah,0,0
498242654,river,Gunar Gah River,0,0
498242665,stream,Unnamed Waterway,0,0
498242701,stream,Unnamed Waterway,0,0
498276854,river,Karambar,0,0
498276900,river,Karambar,0,0
498929139,stream,Nala Lai,0,0
498946700,river,Unnamed Waterway,0,0
498991788,river,سیل ندی,0,0
498991825,river,Unnamed Waterway,0,0
498991826,stream,Unnamed Waterway,0,0
498993352,river,Unnamed Waterway,0,0
499610695,stream,Qazideh,0,0
499610696,stream,Mandaras,0,0
499610700,stream,Unnamed Waterway,0,0
499636139,stream,Unnamed Waterway,0,0
499636140,stream,Unnamed Waterway,0,0
500254523,river,Unnamed Waterway,0,0
500715875,canal,Unnamed Waterway,0,0
500715876,canal,Unnamed Waterway,0,0
501465959,stream,Unnamed Waterway,0,0
501465963,stream,Unnamed Waterway,0,0
501465966,river,Dainport Nallah,0,0
501465982,stream,Unnamed Waterway,0,0
501465987,river,Unnamed Waterway,0,0
501465994,stream,Unnamed Waterway,0,0
501465998,stream,Unnamed Waterway,0,0
501465999,stream,Unnamed Waterway,0,0
501466000,stream,Unnamed Waterway,0,0
501466005,stream,Unnamed Waterway,0,0
501466006,stream,Unnamed Waterway,0,0
501466007,stream,Unnamed Waterway,0,0
501466014,river,Chapursān River,0,0
501848235,stream,Unnamed Waterway,0,0
501848236,canal,Unnamed Waterway,0,0
501848240,stream,Unnamed Waterway,0,0
501848317,canal,Unnamed Waterway,0,0
501848318,canal,Unnamed Waterway,0,0
501848321,canal,Unnamed Waterway,0,0
501848322,canal,Unnamed Waterway,0,0
502424422,stream,Unnamed Waterway,0,0
502497012,stream,Unnamed Waterway,0,0
502497017,stream,Unnamed Waterway,0,0
502504400,canal,Warsak Gravity Canal,0,0
502504401,canal,Warsak Gravity Canal,0,0
502504403,canal,Warsak Gravity Canal,0,0
502504404,canal,Warsak Gravity Canal,0,0
502561925,stream,Unnamed Waterway,0,0
502770308,canal,Warsak Gravity Canal,0,0
502770309,canal,Warsak Gravity Canal,0,0
502770321,canal,Warsak Gravity Canal,0,0
502770322,canal,Warsak Gravity Canal,0,0
502939030,river,Unnamed Waterway,0,0
502939039,stream,Unnamed Waterway,0,0
502939061,canal,Unnamed Waterway,0,0
502955466,stream,Unnamed Waterway,0,0
504482981,river,Jandol River,0,0
504482982,stream,Unnamed Waterway,0,0
504903048,river,شاہی خوڑ,0,0
504903049,river,Sunal Khwar,0,0
505357668,river,Unnamed Waterway,0,0
505357674,stream,Unnamed Waterway,0,0
505995403,stream,Unnamed Waterway,0,0
506007023,stream,Unnamed Waterway,0,0
506015823,stream,Unnamed Waterway,0,0
506451769,canal,Unnamed Waterway,0,0
506837959,stream,Unnamed Waterway,0,0
507506229,stream,Unnamed Waterway,0,0
507506232,stream,Unnamed Waterway,0,0
507506233,stream,Unnamed Waterway,0,0
507506234,stream,Unnamed Waterway,0,0
507863513,river,Unnamed Waterway,0,0
507863514,river,Unnamed Waterway,0,0
507863515,river,Unnamed Waterway,0,0
508276008,canal,Unnamed Waterway,0,0
508276009,canal,Unnamed Waterway,0,0
508276019,canal,Unnamed Waterway,0,0
508276020,canal,Unnamed Waterway,0,0
509754910,stream,Unnamed Waterway,0,0
509754913,river,Paney Khwar,0,0
509755380,stream,Kalail Khwar,0,0
509778226,stream,Unnamed Waterway,0,0
509783883,stream,Gogai Kalabat,0,0
509786846,river,Unnamed Waterway,0,0
509793283,river,Unnamed Waterway,0,0
509806251,river,Unnamed Waterway,0,0
509818505,river,Unnamed Waterway,0,0
510110534,stream,Spalam Tangey,0,0
510114676,stream,Unnamed Waterway,0,0
510114680,stream,Unnamed Waterway,0,0
510124664,stream,Unnamed Waterway,0,0
510124666,river,Unnamed Waterway,0,0
510124669,river,Unnamed Waterway,0,0
510124672,stream,Unnamed Waterway,0,0
510124675,stream,Unnamed Waterway,0,0
510124677,stream,Unnamed Waterway,0,0
510124682,stream,Unnamed Waterway,0,0
510124685,stream,Unnamed Waterway,0,0
510124688,stream,Unnamed Waterway,0,0
510126831,stream,Unnamed Waterway,0,0
510132776,stream,Unnamed Waterway,0,0
510132779,river,Unnamed Waterway,0,0
510146090,stream,Unnamed Waterway,0,0
510148631,river,Unnamed Waterway,0,0
510153729,stream,Unnamed Waterway,0,0
510168030,river,Unnamed Waterway,0,0
510168033,stream,Unnamed Waterway,0,0
510210736,river,Unnamed Waterway,0,0
510210737,river,Unnamed Waterway,0,0
510212820,stream,Unnamed Waterway,0,0
510212822,stream,Unnamed Waterway,0,0
510212823,stream,Unnamed Waterway,0,0
510218843,river,Unnamed Waterway,0,0
510218844,river,Unnamed Waterway,0,0
510221916,stream,Unnamed Waterway,0,0
511350930,stream,Unnamed Waterway,0,0
511350931,stream,Unnamed Waterway,0,0
511350933,stream,Unnamed Waterway,0,0
511517102,canal,Unnamed Waterway,0,0
513308399,river,Matsil,0,0
513660336,stream,Unnamed Waterway,0,0
514534042,canal,Unnamed Waterway,0,0
514534043,canal,Unnamed Waterway,0,0
514934472,stream,Unnamed Waterway,0,0
514934474,stream,Unnamed Waterway,0,0
515224007,stream,Kazinag Nar,0,0
515313475,stream,Garoo Khwar,0,0
515596390,stream,Unnamed Waterway,0,0
516053585,stream,Unnamed Waterway,0,0
516255366,river,Unnamed Waterway,0,0
517099826,canal,Bund Minor,0,0
526680832,river,دریائے چناب,0,0
526680835,river,دریائے چناب,0,0
526680838,river,دریائے چناب,0,0
526680844,river,Chenab River,0,0
526909364,canal,Unnamed Waterway,0,0
526909365,canal,Unnamed Waterway,0,0
527020873,river,Unnamed Waterway,0,0
528115616,stream,Unnamed Waterway,0,0
528121081,river,Unnamed Waterway,0,0
528121083,stream,Unnamed Waterway,0,0
528121084,stream,Unnamed Waterway,0,0
528121086,stream,Unnamed Waterway,0,0
528121087,stream,Unnamed Waterway,0,0
528121088,river,Chilim Nala,0,0
528121091,stream,Unnamed Waterway,0,0
528484613,stream,Unnamed Waterway,0,0
528811849,stream,Unnamed Waterway,0,0
535826192,stream,Unnamed Waterway,0,0
536011729,stream,Unnamed Waterway,0,0
536011735,river,Unnamed Waterway,0,0
536011764,river,Unnamed Waterway,0,0
537390476,river,Unnamed Waterway,0,0
537398766,stream,Unnamed Waterway,0,0
539327460,canal,Unnamed Waterway,0,0
539327461,canal,Unnamed Waterway,0,0
540292040,stream,Unnamed Waterway,0,0
541869710,stream,Unnamed Waterway,0,0
541869711,stream,Unnamed Waterway,0,0
541869712,stream,Unnamed Waterway,0,0
541869713,stream,Rain water Ditch,0,0
541869714,stream,Unnamed Waterway,0,0
541869715,stream,Unnamed Waterway,0,0
541869716,stream,Unnamed Waterway,0,0
541869717,river,Unnamed Waterway,0,0
541869718,river,Unnamed Waterway,0,0
541869787,river,Mashkel,0,0
543251223,canal,Unnamed Waterway,0,0
543578657,river,Unnamed Waterway,0,0
544818119,stream,Unnamed Waterway,0,0
544818120,stream,Unnamed Waterway,0,0
545282245,stream,Unnamed Waterway,0,0
545282250,stream,Unnamed Waterway,0,0
545282253,stream,Unnamed Waterway,0,0
545282257,stream,Unnamed Waterway,0,0
545282262,stream,Unnamed Waterway,0,0
545282266,stream,Unnamed Waterway,0,0
545313701,stream,Unnamed Waterway,0,0
545564968,stream,Nala Lai,0,0
545564969,river,Nala Lai,0,0
545564970,river,Nala Lai,0,0
545564971,stream,Nala Lai,0,0
545564972,stream,Nala Lai,0,0
545564973,stream,Nala Lai,0,0
545564974,river,Nala Lai,0,0
545564975,river,Nala Lai,0,0
545564976,river,Nala Lai,0,0
545564977,river,Nala Lai,0,0
545564978,river,Lai Nadi,0,0
545564979,river,Lai Nadi,0,0
545564981,river,Lai Nadi,0,0
547967276,canal,Unnamed Waterway,0,0
547967279,canal,Hansalawala Distributary,0,0
547967293,river,Unnamed Waterway,0,0
547967303,canal,Unnamed Waterway,0,0
547967347,canal,Unnamed Waterway,0,0
547967424,canal,Unnamed Waterway,0,0
547978498,river,لوئر جہلم کینال,0,0
547978502,river,Unnamed Waterway,0,0
547978513,river,Unnamed Waterway,0,0
547978522,river,Unnamed Waterway,0,0
547978523,stream,Unnamed Waterway,0,0
547978546,canal,Unnamed Waterway,0,0
547978567,canal,Unnamed Waterway,0,0
547978599,stream,Unnamed Waterway,0,0
547985616,river,Unnamed Waterway,0,0
547985617,stream,Unnamed Waterway,0,0
547985629,stream,Unnamed Waterway,0,0
547985669,stream,Unnamed Waterway,0,0
547985670,stream,Unnamed Waterway,0,0
547985710,river,Unnamed Waterway,0,0
548187586,stream,Unnamed Waterway,0,0
548187587,river,Unnamed Waterway,0,0
548187588,stream,Unnamed Waterway,0,0
548187589,stream,Unnamed Waterway,0,0
548187590,stream,Unnamed Waterway,0,0
548187591,stream,Jammargal Kas,0,0
548187592,stream,Unnamed Waterway,0,0
548187593,stream,Unnamed Waterway,0,0
548608011,river,Unnamed Waterway,0,0
548608018,river,رودخانه تفتان,0,0
548850832,stream,Rupal Gah,0,0
548850833,river,Rupal Gah,0,0
549659595,stream,Unnamed Waterway,0,0
552461169,canal,Unnamed Waterway,0,0
555859680,river,Unnamed Waterway,0,0
558310881,canal,Busal Distribuary,0,0
558316945,canal,Gunjah Minor,0,0
559585102,stream,Unnamed Waterway,0,0
559585117,stream,Unnamed Waterway,0,0
559585118,stream,Unnamed Waterway,0,0
559936235,river,Unnamed Waterway,0,0
559936240,stream,Unnamed Waterway,0,0
559936246,river,Unnamed Waterway,0,0
560260449,canal,Unnamed Waterway,0,0
560425171,stream,Unnamed Waterway,0,0
560435376,canal,Unnamed Waterway,0,0
560504450,canal,Unnamed Waterway,0,0
560548970,canal,شاہپور برانچ کینال,0,0
560548971,canal,Unnamed Waterway,0,0
560548972,canal,Unnamed Waterway,0,0
560548973,canal,Unnamed Waterway,0,0
560548974,canal,Unnamed Waterway,0,0
560557481,canal,Unnamed Waterway,0,0
560557482,canal,Unnamed Waterway,0,0
560590584,canal,Unnamed Waterway,0,0
560590623,canal,Unnamed Waterway,0,0
560603220,canal,Unnamed Waterway,0,0
560702104,canal,Unnamed Waterway,0,0
560748440,canal,Unnamed Waterway,0,0
560749291,canal,Unnamed Waterway,0,0
560749396,canal,Unnamed Waterway,0,0
560792873,canal,Unnamed Waterway,0,0
562190706,stream,Unnamed Waterway,0,0
562924401,river,Rodhkohi,0,0
564025671,stream,درياى شخور,0,0
565685911,stream,Unnamed Waterway,0,0
565685914,stream,Unnamed Waterway,0,0
568727065,river,Unnamed Waterway,0,0
568727066,river,Unnamed Waterway,0,0
568727070,river,Unnamed Waterway,0,0
568770415,canal,Bhallowal Distributary,0,0
568772780,canal,Sohawa Distributary,0,0
569053491,canal,Unnamed Waterway,0,0
570028993,canal,Unnamed Waterway,0,0
570469958,stream,Unnamed Waterway,0,0
570469959,stream,Unnamed Waterway,0,0
570469960,stream,Unnamed Waterway,0,0
570469961,stream,Unnamed Waterway,0,0
570469962,stream,Unnamed Waterway,0,0
570469963,stream,Unnamed Waterway,0,0
570469965,stream,Unnamed Waterway,0,0
570469966,stream,Unnamed Waterway,0,0
570469967,stream,Unnamed Waterway,0,0
570469968,stream,Unnamed Waterway,0,0
570469969,stream,Unnamed Waterway,0,0
570469970,stream,Unnamed Waterway,0,0
570469971,stream,Unnamed Waterway,0,0
570469972,stream,Unnamed Waterway,0,0
570469973,stream,Unnamed Waterway,0,0
570469974,stream,Unnamed Waterway,0,0
570469975,stream,Unnamed Waterway,0,0
570469976,stream,Unnamed Waterway,0,0
570469977,stream,Unnamed Waterway,0,0
570469978,stream,Unnamed Waterway,0,0
570469979,stream,Unnamed Waterway,0,0
570469980,stream,Unnamed Waterway,0,0
570469981,stream,Unnamed Waterway,0,0
570469982,stream,Unnamed Waterway,0,0
570469983,stream,Unnamed Waterway,0,0
570469984,stream,Unnamed Waterway,0,0
570476836,stream,Unnamed Waterway,0,0
570476839,stream,Unnamed Waterway,0,0
570476840,stream,Unnamed Waterway,0,0
570476841,stream,Unnamed Waterway,0,0
570476842,stream,Unnamed Waterway,0,0
570476846,stream,Unnamed Waterway,0,0
570476859,stream,Unnamed Waterway,0,0
570476860,stream,Unnamed Waterway,0,0
570476869,stream,Unnamed Waterway,0,0
570476870,stream,Unnamed Waterway,0,0
570476871,stream,Unnamed Waterway,0,0
570476872,stream,Unnamed Waterway,0,0
570476873,stream,Unnamed Waterway,0,0
570476874,stream,Unnamed Waterway,0,0
570476875,stream,Unnamed Waterway,0,0
570476876,stream,Unnamed Waterway,0,0
570476877,stream,Unnamed Waterway,0,0
570476895,stream,Unnamed Waterway,0,0
570476896,stream,Unnamed Waterway,0,0
570476897,stream,Unnamed Waterway,0,0
570476898,stream,Unnamed Waterway,0,0
570476899,stream,Unnamed Waterway,0,0
570624997,canal,Minor Canal,0,0
570765804,canal,Unnamed Waterway,0,0
572481879,canal,Unnamed Waterway,0,0
572510513,canal,Unnamed Waterway,0,0
572513600,canal,Unnamed Waterway,0,0
572513601,canal,Unnamed Waterway,0,0
572585144,canal,Unnamed Waterway,0,0
572636612,canal,Bar Musa Distributary,0,0
572636622,canal,Unnamed Waterway,0,0
572636625,canal,Unnamed Waterway,0,0
572662360,canal,Aki Minor,0,0
572662369,canal,Unnamed Waterway,0,0
572662384,canal,Unnamed Waterway,0,0
572693453,canal,Unnamed Waterway,0,0
572693460,canal,Unnamed Waterway,0,0
572693476,canal,Unnamed Waterway,0,0
572720949,river,Unnamed Waterway,0,0
572724848,canal,Unnamed Waterway,0,0
572724853,canal,Unnamed Waterway,0,0
572738790,canal,Unnamed Waterway,0,0
572738810,canal,Unnamed Waterway,0,0
572783195,canal,Unnamed Waterway,0,0
572783203,canal,Unnamed Waterway,0,0
572784970,canal,Unnamed Waterway,0,0
572790270,canal,Unnamed Waterway,0,0
572790271,canal,Unnamed Waterway,0,0
572790272,canal,Unnamed Waterway,0,0
572790273,canal,Unnamed Waterway,0,0
572790274,canal,Unnamed Waterway,0,0
572790275,canal,Unnamed Waterway,0,0
572791234,canal,Unnamed Waterway,0,0
572792414,canal,Unnamed Waterway,0,0
572833127,canal,Unnamed Waterway,0,0
572839387,canal,Unnamed Waterway,0,0
572846281,river,Chenab Escape,0,0
572885554,canal,Unnamed Waterway,0,0
573130084,canal,Unnamed Waterway,0,0
573130092,canal,Unnamed Waterway,0,0
573235704,canal,Unnamed Waterway,0,0
573235707,canal,Unnamed Waterway,0,0
573277314,canal,Unnamed Waterway,0,0
573509845,canal,sewerage water,0,0
573509846,canal,Unnamed Waterway,0,0
573509847,canal,Unnamed Waterway,0,0
573509848,canal,Unnamed Waterway,0,0
573509849,canal,Unnamed Waterway,0,0
573509850,canal,Unnamed Waterway,0,0
573592994,canal,Unnamed Waterway,0,0
573606341,canal,Unnamed Waterway,0,0
574175180,canal,Unnamed Waterway,0,0
574175188,canal,Aki Minor,0,0
574516855,canal,Unnamed Waterway,0,0
574727605,canal,Unnamed Waterway,0,0
574734257,stream,Unnamed Waterway,0,0
574734516,canal,Unnamed Waterway,0,0
574745714,stream,Unnamed Waterway,0,0
574851671,stream,Unnamed Waterway,0,0
575016946,canal,Unnamed Waterway,0,0
575016947,canal,Unnamed Waterway,0,0
575048298,canal,Unnamed Waterway,0,0
575187894,canal,Unnamed Waterway,0,0
575322851,canal,Unnamed Waterway,0,0
575322854,canal,Unnamed Waterway,0,0
576398003,canal,Unnamed Waterway,0,0
576398006,canal,Unnamed Waterway,0,0
576398019,canal,Unnamed Waterway,0,0
576825774,canal,Unnamed Waterway,0,0
577334098,river,Darkala Kas,0,0
577542618,river,Unnamed Waterway,0,0
580255972,river,Gandao Khwar,0,0
580255975,river,Unnamed Waterway,0,0
580298739,canal,Unnamed Waterway,0,0
582686461,stream,Khaira Distributory,0,0
583355960,river,Unnamed Waterway,0,0
591519942,canal,Unnamed Waterway,0,0
591519944,canal,Unnamed Waterway,0,0
591604173,stream,Kaleshan Wal,0,0
591604174,stream,Unnamed Waterway,0,0
591604175,stream,Unnamed Waterway,0,0
591604176,river,Laipani,0,0
591604177,river,Pialungwal Lung,0,0
591604178,stream,Bugiwai Lungma,0,0
591604180,stream,Unnamed Waterway,0,0
591604182,stream,Unnamed Waterway,0,0
593738628,stream,Unnamed Waterway,0,0
593738646,stream,Unnamed Waterway,0,0
593738677,stream,Unnamed Waterway,0,0
593738765,stream,Unnamed Waterway,0,0
593738766,stream,Unnamed Waterway,0,0
593814275,stream,Unnamed Waterway,0,0
593814276,stream,Unnamed Waterway,0,0
593891382,stream,Unnamed Waterway,0,0
593909112,stream,Unnamed Waterway,0,0
593909137,river,Unnamed Waterway,0,0
593909160,stream,Unnamed Waterway,0,0
593925229,canal,Unnamed Waterway,0,0
593925390,stream,Unnamed Waterway,0,0
593925391,stream,Unnamed Waterway,0,0
593925392,stream,Unnamed Waterway,0,0
593925393,river,Unnamed Waterway,0,0
593925399,stream,Unnamed Waterway,0,0
593925402,stream,Unnamed Waterway,0,0
593936803,river,Unnamed Waterway,0,0
593937008,stream,Unnamed Waterway,0,0
593937041,stream,Unnamed Waterway,0,0
593937065,stream,Unnamed Waterway,0,0
593951916,stream,Unnamed Waterway,0,0
593952073,stream,Unnamed Waterway,0,0
593952100,stream,Unnamed Waterway,0,0
593952190,stream,Unnamed Waterway,0,0
593952199,stream,Unnamed Waterway,0,0
593973463,stream,Unnamed Waterway,0,0
593973488,stream,Unnamed Waterway,0,0
593973689,stream,Unnamed Waterway,0,0
593973693,stream,Unnamed Waterway,0,0
593973695,stream,Unnamed Waterway,0,0
594207362,stream,Unnamed Waterway,0,0
594366583,river,کونکر ندی,0,0
594562113,canal,Unnamed Waterway,0,0
594572603,canal,Unnamed Waterway,0,0
594573321,canal,Unnamed Waterway,0,0
594681954,stream,Unnamed Waterway,0,0
594681955,river,Unnamed Waterway,0,0
594681957,river,Unnamed Waterway,0,0
594681959,river,Unnamed Waterway,0,0
594681960,stream,Unnamed Waterway,0,0
594681962,river,Unnamed Waterway,0,0
594681963,river,Unnamed Waterway,0,0
594681997,river,Unnamed Waterway,0,0
594681998,river,Unnamed Waterway,0,0
594682000,river,Unnamed Waterway,0,0
594682006,river,Unnamed Waterway,0,0
594682008,stream,Unnamed Waterway,0,0
594682012,river,Unnamed Waterway,0,0
594682013,stream,Unnamed Waterway,0,0
594682014,stream,Unnamed Waterway,0,0
594682017,stream,Unnamed Waterway,0,0
594682043,stream,Unnamed Waterway,0,0
594682044,stream,Unnamed Waterway,0,0
594682045,stream,Unnamed Waterway,0,0
594682046,stream,Unnamed Waterway,0,0
594682048,stream,Unnamed Waterway,0,0
594682050,stream,Unnamed Waterway,0,0
594682051,stream,Unnamed Waterway,0,0
594682053,canal,Unnamed Waterway,0,0
594682057,stream,Unnamed Waterway,0,0
594682058,stream,Unnamed Waterway,0,0
594682061,river,Unnamed Waterway,0,0
594694132,stream,Unnamed Waterway,0,0
594694135,stream,Unnamed Waterway,0,0
594694144,stream,Unnamed Waterway,0,0
594694154,river,Unnamed Waterway,0,0
594694155,river,Unnamed Waterway,0,0
594694160,stream,Unnamed Waterway,0,0
594694163,river,Unnamed Waterway,0,0
594694189,stream,Unnamed Waterway,0,0
594694191,river,Unnamed Waterway,0,0
594694193,river,Unnamed Waterway,0,0
594694202,river,Unnamed Waterway,0,0
594717904,river,Unnamed Waterway,0,0
594717939,stream,Unnamed Waterway,0,0
594717942,stream,Unnamed Waterway,0,0
594725099,river,Unnamed Waterway,0,0
594725102,river,Gaaj River,0,0
594725105,stream,Unnamed Waterway,0,0
594725107,river,Unnamed Waterway,0,0
594725117,river,Unnamed Waterway,0,0
594725118,river,Unnamed Waterway,0,0
594725120,river,Unnamed Waterway,0,0
594725121,stream,Unnamed Waterway,0,0
594725122,stream,Unnamed Waterway,0,0
594725148,river,Unnamed Waterway,0,0
594729633,river,Unnamed Waterway,0,0
594729634,stream,Unnamed Waterway,0,0
594729635,stream,Unnamed Waterway,0,0
594729640,river,Unnamed Waterway,0,0
594729648,stream,Unnamed Waterway,0,0
594729649,river,Unnamed Waterway,0,0
594729671,river,Unnamed Waterway,0,0
594729673,stream,Unnamed Waterway,0,0
594729675,stream,Unnamed Waterway,0,0
594729678,stream,Unnamed Waterway,0,0
594729679,stream,Unnamed Waterway,0,0
594729686,stream,Unnamed Waterway,0,0
594729692,stream,Unnamed Waterway,0,0
594740255,river,Unnamed Waterway,0,0
594740257,stream,Unnamed Waterway,0,0
594740258,stream,Unnamed Waterway,0,0
594740259,stream,Unnamed Waterway,0,0
594743465,canal,Unnamed Waterway,0,0
594743480,stream,Unnamed Waterway,0,0
594757614,canal,Unnamed Waterway,0,0
594757651,river,Unnamed Waterway,0,0
594757652,river,Unnamed Waterway,0,0
594757654,river,Unnamed Waterway,0,0
594763964,river,Unnamed Waterway,0,0
594763966,river,Unnamed Waterway,0,0
594763969,river,Unnamed Waterway,0,0
594763971,river,Unnamed Waterway,0,0
594763990,river,Unnamed Waterway,0,0
594763996,river,Unnamed Waterway,0,0
594764007,river,Unnamed Waterway,0,0
594768468,river,Unnamed Waterway,0,0
594768469,river,Unnamed Waterway,0,0
594768472,river,دریائے سندھ,0,0
595218408,river,Unnamed Waterway,0,0
595220753,river,Unnamed Waterway,0,0
595231110,stream,Unnamed Waterway,0,0
595236299,canal,Unnamed Waterway,0,0
595236314,canal,K-IV Canal,0,0
595236316,canal,Unnamed Waterway,0,0
595244099,stream,Unnamed Waterway,0,0
595589722,stream,Unnamed Waterway,0,0
595600888,river,Unnamed Waterway,0,0
595618302,canal,Unnamed Waterway,0,0
595618308,river,Wahar Nadi,0,0
595634742,river,Unnamed Waterway,0,0
595634746,river,Unnamed Waterway,0,0
595634760,river,Unnamed Waterway,0,0
595634774,river,Unnamed Waterway,0,0
595638315,river,Unnamed Waterway,0,0
595638326,stream,Unnamed Waterway,0,0
595658701,stream,Unnamed Waterway,0,0
595658743,river,Unnamed Waterway,0,0
595661221,stream,Unnamed Waterway,0,0
595938838,stream,Shahdara Nadi,0,0
596123657,canal,Unnamed Waterway,0,0
596149968,river,Unnamed Waterway,0,0
596149970,stream,Unnamed Waterway,0,0
596149971,river,Unnamed Waterway,0,0
596149972,stream,Unnamed Waterway,0,0
596149973,stream,Unnamed Waterway,0,0
596150049,stream,Unnamed Waterway,0,0
596177572,river,Unnamed Waterway,0,0
596177578,river,Unnamed Waterway,0,0
596177587,stream,Unnamed Waterway,0,0
596185405,river,Unnamed Waterway,0,0
596185522,stream,Unnamed Waterway,0,0
596194006,river,Unnamed Waterway,0,0
596214942,canal,Unnamed Waterway,0,0
596214980,stream,Unnamed Waterway,0,0
596214981,stream,Unnamed Waterway,0,0
596256535,canal,Unnamed Waterway,0,0
596256551,canal,Wadni Distributary,0,0
596256634,canal,Unnamed Waterway,0,0
596256687,stream,Unnamed Waterway,0,0
596256702,river,Unnamed Waterway,0,0
596256705,river,Unnamed Waterway,0,0
597857537,canal,Unnamed Waterway,0,0
597857538,canal,Unnamed Waterway,0,0
598200954,canal,Unnamed Waterway,0,0
598200965,canal,Unnamed Waterway,0,0
598273972,stream,Khaira Distributory,0,0
600445122,stream,Unnamed Waterway,0,0
600445123,stream,Unnamed Waterway,0,0
600445124,stream,Unnamed Waterway,0,0
600445125,stream,Unnamed Waterway,0,0
600445126,stream,Unnamed Waterway,0,0
600445127,stream,Unnamed Waterway,0,0
600447842,stream,Unnamed Waterway,0,0
600494431,river,Unnamed Waterway,0,0
600894919,river,Unnamed Waterway,0,0
601124916,river,Unnamed Waterway,0,0
601124917,river,Unnamed Waterway,0,0
601125587,stream,Unnamed Waterway,0,0
602267545,canal,Unnamed Waterway,0,0
604284630,stream,Unnamed Waterway,0,0
604284631,stream,Unnamed Waterway,0,0
604284639,stream,Unnamed Waterway,0,0
605071134,river,Unnamed Waterway,0,0
607901981,stream,Unnamed Waterway,0,0
609831049,canal,Unnamed Waterway,0,0
611783902,stream,Haiz Gah,0,0
611783903,river,Unnamed Waterway,0,0
615389462,canal,Unnamed Waterway,0,0
615389463,canal,Unnamed Waterway,0,0
615389465,canal,Unnamed Waterway,0,0
615389468,canal,Unnamed Waterway,0,0
616112447,river,Unnamed Waterway,0,0
616112448,river,Unnamed Waterway,0,0
616112449,river,Unnamed Waterway,0,0
616112451,stream,Unnamed Waterway,0,0
616112452,stream,Unnamed Waterway,0,0
616112453,river,Unnamed Waterway,0,0
616112454,river,Unnamed Waterway,0,0
616112455,river,Unnamed Waterway,0,0
616112456,river,Unnamed Waterway,0,0
616112457,river,Unnamed Waterway,0,0
617937252,river,دریائے سواں,0,0
620059387,canal,Unnamed Waterway,0,0
621736036,river,Unnamed Waterway,0,0
621736037,river,Unnamed Waterway,0,0
621736050,river,Unnamed Waterway,0,0
621737453,river,Unnamed Waterway,0,0
621737454,river,Unnamed Waterway,0,0
622687362,river,Unnamed Waterway,0,0
622845064,canal,Unnamed Waterway,0,0
622846275,canal,Unnamed Waterway,0,0
622846279,canal,Unnamed Waterway,0,0
622847497,canal,Sibi Main Canal,0,0
624815416,canal,Unnamed Waterway,0,0
624815418,canal,Unnamed Waterway,0,0
624815422,canal,Unnamed Waterway,0,0
624815426,canal,Unnamed Waterway,0,0
624815427,canal,Unnamed Waterway,0,0
624815430,canal,Unnamed Waterway,0,0
624815431,canal,Unnamed Waterway,0,0
624815434,canal,Unnamed Waterway,0,0
625360630,canal,Unnamed Waterway,0,0
625650682,river,Unnamed Waterway,0,0
626261829,canal,Unnamed Waterway,0,0
626298223,canal,Unnamed Waterway,0,0
626904864,stream,Unnamed Waterway,0,0
626904870,stream,Unnamed Waterway,0,0
626904872,stream,رینتھک نالہ,0,0
626904881,stream,Unnamed Waterway,0,0
626904907,stream,Dansam,0,0
626904908,river,گیانگ,0,0
626904958,stream,Unnamed Waterway,0,0
626905017,stream,Brakhor,0,0
626905025,stream,Paron,0,0
627524474,stream,Unnamed Waterway,0,0
627524486,stream,Unnamed Waterway,0,0
627877533,canal,Unnamed Waterway,0,0
635798809,river,Bara River,0,0
637397743,canal,Khoragol Bijlighar Zxhoi,0,0
637711876,canal,Sha Gologh,0,0
638681279,river,Ojhor Gol,0,0
639783357,stream,Unnamed Waterway,0,0
639783358,stream,Unnamed Waterway,0,0
639787061,canal,Unnamed Waterway,0,0
639990615,canal,Unnamed Waterway,0,0
639994317,stream,Unnamed Waterway,0,0
639994331,river,Unnamed Waterway,0,0
639994332,river,Unnamed Waterway,0,0
639998830,canal,Unnamed Waterway,0,0
640107398,canal,Unnamed Waterway,0,0
640108610,river,Unnamed Waterway,0,0
640219729,canal,Xhoig,0,0
644872389,stream,Sarango Ugh,0,0
645052134,stream,Unnamed Waterway,0,0
645052139,stream,Unnamed Waterway,0,0
645052159,stream,Unnamed Waterway,0,0
645052187,stream,Unnamed Waterway,0,0
645052191,stream,Unnamed Waterway,0,0
645052196,stream,Unnamed Waterway,0,0
645052199,stream,Unnamed Waterway,0,0
645052201,stream,Unnamed Waterway,0,0
645052220,stream,Unnamed Waterway,0,0
645052244,stream,Unnamed Waterway,0,0
645052267,stream,Unnamed Waterway,0,0
645052273,stream,Unnamed Waterway,0,0
645052312,stream,Unnamed Waterway,0,0
645052324,stream,Unnamed Waterway,0,0
645052330,stream,Unnamed Waterway,0,0
645052339,stream,Unnamed Waterway,0,0
645052345,stream,Unnamed Waterway,0,0
645052355,river,Pamir-i-Tang,0,0
645052370,river,Pamir-i-Tang,0,0
645052402,stream,Unnamed Waterway,0,0
645052412,stream,Unnamed Waterway,0,0
645052414,stream,Unnamed Waterway,0,0
645052417,stream,Unnamed Waterway,0,0
645052420,stream,Unnamed Waterway,0,0
645847835,canal,Unnamed Waterway,0,0
647169915,canal,sarango xhoi,0,0
647169920,canal,Unnamed Waterway,0,0
647169921,canal,Sarango Xhoi,0,0
647169922,canal,Sarango Xhoi,0,0
647169923,canal,Sarang o Xhoi,0,0
647169924,canal,Sarango Xhoi,0,0
647169926,canal,Sarango Xhoai,0,0
648363851,canal,Unnamed Waterway,0,0
648550672,canal,Unnamed Waterway,0,0
648550673,canal,Unnamed Waterway,0,0
648550675,river,Unnamed Waterway,0,0
649600390,canal,katan Canal,0,0
653543460,stream,Unnamed Waterway,0,0
655204356,stream,Unnamed Waterway,0,0
656948776,river,Unnamed Waterway,0,0
656948778,stream,Unnamed Waterway,0,0
656948780,river,Unnamed Waterway,0,0
656948781,river,Nawagai River,0,0
656948784,river,Unnamed Waterway,0,0
656948790,river,Unnamed Waterway,0,0
657352096,canal,Unnamed Waterway,0,0
659308535,river,Unnamed Waterway,0,0
659308536,river,Unnamed Waterway,0,0
660667872,canal,Unnamed Waterway,0,0
661241172,river,Chichi Gah,0,0
661241186,river,Patro Gah River,0,0
661266156,stream,Unnamed Waterway,0,0
661266161,stream,Unnamed Waterway,0,0
661266170,stream,Unnamed Waterway,0,0
661266178,stream,Unnamed Waterway,0,0
661266183,stream,Unnamed Waterway,0,0
661266185,stream,Unnamed Waterway,0,0
661266186,stream,Unnamed Waterway,0,0
661266187,stream,Unnamed Waterway,0,0
661266188,stream,Unnamed Waterway,0,0
661612093,stream,Bazen Gah,0,0
661953047,stream,Unnamed Waterway,0,0
661953058,river,Unnamed Waterway,0,0
662086168,canal,Chashma Right Bank Canal,0,0
662853803,river,Unnamed Waterway,0,0
662853811,stream,Unnamed Waterway,0,0
662853812,river,Unnamed Waterway,0,0
662853813,river,Unnamed Waterway,0,0
662853820,stream,Unnamed Waterway,0,0
662853822,river,Unnamed Waterway,0,0
662853827,river,Unnamed Waterway,0,0
663293860,stream,Unnamed Waterway,0,0
663293882,river,Unnamed Waterway,0,0
663293885,river,Unnamed Waterway,0,0
663293918,stream,Unnamed Waterway,0,0
663293964,river,Unnamed Waterway,0,0
663300980,river,Shakar Tangai,0,0
663301000,stream,Unnamed Waterway,0,0
663301006,river,Unnamed Waterway,0,0
663301013,stream,Unnamed Waterway,0,0
663304716,canal,TANDA Canal,0,0
664707821,canal,Fatehpur Distributary,0,0
664707822,canal,Fatehpur Distributary,0,0
664707823,canal,Fatehpur Distributary,0,0
664707824,canal,Fatehpur Distributary,0,0
664921304,river,Unnamed Waterway,0,0
664921310,river,Unnamed Waterway,0,0
664921311,stream,Unnamed Waterway,0,0
664921312,river,Unnamed Waterway,0,0
664921313,river,Unnamed Waterway,0,0
664921316,river,Unnamed Waterway,0,0
664925198,river,Baran River,0,0
664935987,river,Unnamed Waterway,0,0
664935988,river,Unnamed Waterway,0,0
664935992,river,Unnamed Waterway,0,0
665129509,river,Unnamed Waterway,0,0
665129520,stream,Unnamed Waterway,0,0
665946438,river,Unnamed Waterway,0,0
665962007,river,Unnamed Waterway,0,0
665962009,stream,Unnamed Waterway,0,0
668202075,canal,Unnamed Waterway,0,0
668202076,canal,Unnamed Waterway,0,0
668202077,canal,Unnamed Waterway,0,0
668202078,canal,Unnamed Waterway,0,0
668202079,canal,Unnamed Waterway,0,0
668202080,canal,Unnamed Waterway,0,0
668202081,canal,Unnamed Waterway,0,0
668202082,canal,Unnamed Waterway,0,0
668202083,canal,Unnamed Waterway,0,0
668202084,canal,Unnamed Waterway,0,0
671029522,canal,Unnamed Waterway,0,0
672580386,stream,Laonchon Lungpa,0,0
672580770,stream,Unnamed Waterway,0,0
673228904,canal,Unnamed Waterway,0,0
673228928,canal,Unnamed Waterway,0,0
673228939,canal,Unnamed Waterway,0,0
673228948,canal,Unnamed Waterway,0,0
673368505,canal,Unnamed Waterway,0,0
673368514,canal,Unnamed Waterway,0,0
673415041,canal,Unnamed Waterway,0,0
673415042,canal,Unnamed Waterway,0,0
673427959,canal,O Minor Canal,0,0
673431752,canal,FC Minor Canal,0,0
673431753,canal,FC Minor Canal,0,0
673433416,canal,Unnamed Waterway,0,0
673433431,canal,Unnamed Waterway,0,0
673433478,canal,Unnamed Waterway,0,0
673433491,canal,Unnamed Waterway,0,0
673932399,canal,Unnamed Waterway,0,0
673932400,canal,Unnamed Waterway,0,0
674012265,canal,FD Minor Canal,0,0
674012266,canal,FD Minor Canal,0,0
675777635,river,دریائے سندھ,0,0
676213753,stream,Unnamed Waterway,0,0
676404443,river,دریائے سندھ,0,0
676629705,river,دریائے سندھ,0,0
676629707,river,Unnamed Waterway,0,0
676629710,river,دریائے نیلم,0,0
676629712,river,Unnamed Waterway,0,0
677647654,stream,Unnamed Waterway,0,0
677648048,stream,Unnamed Waterway,0,0
679067296,canal,Unnamed Waterway,0,0
679594667,stream,Lwe Tangai,0,0
679595347,stream,Lwe Tangai,0,0
679595584,stream,Onai Eraw,0,0
679595906,stream,Ingaro Chene Tangai,0,0
679596252,stream,Ingaro Chene Tangai,0,0
679596328,stream,Ingaro Chene Tangai,0,0
679597441,stream,Rajmal Tangai,0,0
679599656,stream,Pokal Tangai,0,0
679601637,stream,Lwe Tangai,0,0
679856052,canal,Unnamed Waterway,0,0
680742142,stream,Unnamed Waterway,0,0
681002331,stream,Unnamed Waterway,0,0
681002332,river,شیرپی گانگ,0,0
681002335,river,گیانگ,0,0
681230357,river,دریائے برالدو,0,0
681230391,river,Unnamed Waterway,0,0
681482632,stream,Unnamed Waterway,0,0
681482634,river,Unnamed Waterway,0,0
681482635,stream,Unnamed Waterway,0,0
681482636,river,دریائے برالدو,0,0
681482637,river,دریائے برالدو,0,0
681482638,river,دریائے شگر,0,0
681482639,river,Indus دریائے سندھ,0,0
681482642,stream,Hushe,0,0
681482643,river,Hushe River,0,0
681482646,stream,Bikma Nala,0,0
681482647,river,تھلے,0,0
681482648,river,دریائے شیوک,0,0
681482649,stream,Unnamed Waterway,0,0
681738352,river,دریائے برالدو,0,0
681738362,river,Shimshal Braldu River,0,0
681739383,river,Unnamed Waterway,0,0
681739384,river,Unnamed Waterway,0,0
681739385,river,Unnamed Waterway,0,0
681739386,river,Unnamed Waterway,0,0
681739387,river,Unnamed Waterway,0,0
681739388,river,Unnamed Waterway,0,0
681739389,stream,Unnamed Waterway,0,0
681739390,river,Unnamed Waterway,0,0
681740269,river,Unnamed Waterway,0,0
681932323,river,دریائے سندھ,0,0
681932324,stream,Unnamed Waterway,0,0
681932325,river,Basha,0,0
681932326,river,دریائے شگر,0,0
681932328,river,دریائے برالدو,0,0
681932331,river,دریائے برالدو,0,0
681932332,river,Unnamed Waterway,0,0
681941462,river,Hunza River,0,0
681941475,river,دریائے گلگت,0,0
681941482,river,Bagrot Gah,0,0
681941496,river,Hispar River,0,0
681941499,stream,Unnamed Waterway,0,0
681941504,river,Hispar River,0,0
682021793,river,Shimshāl River,0,0
682021794,river,Shimshāl River,0,0
682024166,river,دریا خنجراب,0,0
682024169,river,塔敦巴什河,0,0
682024176,river,South Oprang River,0,0
682024177,river,Ghujerāb River,0,0
682024178,river,Unnamed Waterway,0,0
682024181,river,Unnamed Waterway,0,0
682024182,stream,Unnamed Waterway,0,0
682024183,river,Unnamed Waterway,0,0
682533624,canal,Unnamed Waterway,0,0
682791741,canal,Unnamed Waterway,0,0
682791742,canal,Unnamed Waterway,0,0
682791743,canal,Unnamed Waterway,0,0
682791744,canal,Unnamed Waterway,0,0
682791745,canal,Raiwind Distributary,0,0
682791746,canal,Raiwind Distributary,0,0
682791747,canal,Raiwind Distributary,0,0
682791748,canal,Raiwind Distributary,0,0
683611750,stream,Unnamed Waterway,0,0
683611753,river,Ishkoman River,0,0
683611763,river,Chapursan River,0,0
683611767,river,Chapursan River,0,0
683611774,river,Chapursan River,0,0
683611802,river,Tutu Uns,0,0
683611817,river,Hunza River,0,0
683611821,river,Unnamed Waterway,0,0
683611829,river,Hunza River,0,0
683611834,river,Choshi River,0,0
683611850,river,Hunza River,0,0
683642697,stream,Tangorai,0,0
683643031,stream,Unnamed Waterway,0,0
683643260,stream,Unnamed Waterway,0,0
683643300,stream,Unnamed Waterway,0,0
683643362,stream,Unnamed Waterway,0,0
683643481,stream,Unnamed Waterway,0,0
683643582,stream,Unnamed Waterway,0,0
683643635,stream,Unnamed Waterway,0,0
683643642,stream,Unnamed Waterway,0,0
683643804,stream,Unnamed Waterway,0,0
683644523,stream,Nala Khwar,0,0
683644716,stream,Kachal Khwr,0,0
683644755,stream,Unnamed Waterway,0,0
683644770,stream,Unnamed Waterway,0,0
683644854,stream,Unnamed Waterway,0,0
683644920,stream,Unnamed Waterway,0,0
683644976,stream,Unnamed Waterway,0,0
683645204,stream,Unnamed Waterway,0,0
683645394,stream,Unnamed Waterway,0,0
683648024,stream,Unnamed Waterway,0,0
683648106,stream,Unnamed Waterway,0,0
683648215,stream,Unnamed Waterway,0,0
683648252,stream,Unnamed Waterway,0,0
683648321,stream,Unnamed Waterway,0,0
683648360,stream,Unnamed Waterway,0,0
683648416,stream,Unnamed Waterway,0,0
683648543,stream,Unnamed Waterway,0,0
683648668,stream,Kala Dob Khwr,0,0
683648678,stream,Mankey Khwar,0,0
683659835,river,Gangwal Khwr,0,0
683689191,river,Jabbe Khwr,0,0
683691580,stream,Toorband,0,0
683691803,river,Toorband,0,0
683693535,stream,Jabbar,0,0
683693711,stream,Jabbar,0,0
683693805,stream,Jabbar,0,0
683693881,stream,Jabbar,0,0
683694090,stream,Jabbar,0,0
683694107,stream,Jabbar,0,0
683694190,river,Jabbar,0,0
683694281,river,Jabbar,0,0
683694691,stream,Jabbar,0,0
683694754,stream,Jabbar,0,0
683694801,stream,Jabbar,0,0
683694925,river,Jabbar Khwar,0,0
683889485,stream,Goor Tangay,0,0
683892053,river,Choor Bar Khwar,0,0
683892810,stream,Tarkana tangay,0,0
684026911,canal,Unnamed Waterway,0,0
684026914,canal,Unnamed Waterway,0,0
684462985,river,Allai Khwar,0,0
684464579,river,Mankai Khwr,0,0
684464580,river,Rashang Khwar,0,0
684465863,stream,Unnamed Waterway,0,0
684466035,stream,Unnamed Waterway,0,0
684466126,stream,Unnamed Waterway,0,0
684466184,stream,Unnamed Waterway,0,0
684466194,stream,Unnamed Waterway,0,0
684466264,stream,Unnamed Waterway,0,0
684466273,stream,Unnamed Waterway,0,0
684466333,stream,Unnamed Waterway,0,0
684466551,river,Darre Khwar,0,0
684466603,stream,Unnamed Waterway,0,0
684466661,stream,Unnamed Waterway,0,0
684466848,stream,Unnamed Waterway,0,0
684466935,stream,Unnamed Waterway,0,0
684467424,river,Ree Darre Khwar,0,0
684467576,stream,Unnamed Waterway,0,0
684467625,stream,Unnamed Waterway,0,0
684511172,river,Unnamed Waterway,0,0
684602660,stream,Unnamed Waterway,0,0
684932153,river,Chord koz khward Allai,0,0
684933375,stream,Pati Tangay,0,0
684934555,stream,Kegalai tangay,0,0
684940776,stream,Kanda tangay,0,0
684959379,river,Choor Bar Khwar,0,0
684970155,stream,Saarga Tangay,0,0
685678400,stream,Unnamed Waterway,0,0
685678403,stream,Unnamed Waterway,0,0
685678420,stream,Unnamed Waterway,0,0
685678421,stream,Unnamed Waterway,0,0
686041294,stream,Khaira Distributroy,0,0
686288903,stream,Kil Nala,0,0
686486420,stream,Unnamed Waterway,0,0
686666004,stream,Chala,0,0
687334523,canal,Unnamed Waterway,0,0
687597790,stream,Unnamed Waterway,0,0
687597808,stream,Unnamed Waterway,0,0
687863050,stream,Unnamed Waterway,0,0
687863051,stream,Jan Och Khwar,0,0
688205671,stream,Chovee Tangay,0,0
688211754,stream,Garai khwar,0,0
688214182,stream,Derd tangay,0,0
688214752,stream,Tsal tangay,0,0
688216415,stream,Mirza Khwar,0,0
688217124,stream,Mirza khward,0,0
688217398,stream,Mareerd tangay,0,0
688217854,stream,Bar Nard Tangay,0,0
688225610,stream,Chumber khwar,0,0
688254725,canal,Unnamed Waterway,0,0
688489120,stream,Unnamed Waterway,0,0
688489190,stream,Unnamed Waterway,0,0
688489358,stream,Unnamed Waterway,0,0
688489449,stream,Unnamed Waterway,0,0
688489501,stream,Unnamed Waterway,0,0
688489869,stream,Unnamed Waterway,0,0
688490012,stream,Unnamed Waterway,0,0
688490113,stream,Unnamed Waterway,0,0
688490182,stream,Unnamed Waterway,0,0
688490365,stream,Unnamed Waterway,0,0
688490407,stream,Unnamed Waterway,0,0
688490566,stream,Unnamed Waterway,0,0
688490612,stream,Unnamed Waterway,0,0
688490658,stream,Unnamed Waterway,0,0
688490694,stream,Unnamed Waterway,0,0
688491284,stream,Chail Khwar,0,0
688492147,stream,Unnamed Waterway,0,0
688602763,stream,Unnamed Waterway,0,0
688602851,stream,Unnamed Waterway,0,0
688603161,stream,Unnamed Waterway,0,0
688603399,stream,Unnamed Waterway,0,0
688604076,river,Unnamed Waterway,0,0
688605684,stream,Unnamed Waterway,0,0
688605739,stream,Unnamed Waterway,0,0
688606493,stream,Unnamed Waterway,0,0
688606719,stream,Unnamed Waterway,0,0
688607499,stream,Unnamed Waterway,0,0
688607615,stream,Unnamed Waterway,0,0
688608376,stream,Unnamed Waterway,0,0
688608605,stream,Unnamed Waterway,0,0
688609349,stream,Unnamed Waterway,0,0
688624482,stream,Unnamed Waterway,0,0
688701908,stream,Unnamed Waterway,0,0
688702123,stream,Unnamed Waterway,0,0
688702145,stream,Unnamed Waterway,0,0
688702207,stream,Unnamed Waterway,0,0
688702427,stream,Unnamed Waterway,0,0
688702613,stream,Unnamed Waterway,0,0
688703184,stream,Unnamed Waterway,0,0
688703416,stream,Unnamed Waterway,0,0
688703620,stream,Unnamed Waterway,0,0
688703974,stream,Unnamed Waterway,0,0
688704044,stream,Unnamed Waterway,0,0
688704826,stream,Unnamed Waterway,0,0
688708110,stream,Jumya Khwar,0,0
688708396,stream,Jumya Khwar,0,0
688708472,stream,Jumya Khwar,0,0
688709229,stream,Tikki Khwar,0,0
688714156,river,Gantar Khwar,0,0
688714499,river,Shamsheer Khwar,0,0
688718693,river,Gantar Khwar,0,0
688719116,river,Roopkanai Khwar,0,0
688731847,stream,Unnamed Waterway,0,0
688731849,stream,Unnamed Waterway,0,0
688901012,stream,Unnamed Waterway,0,0
690186627,river,Unnamed Waterway,0,0
690186628,river,Unnamed Waterway,0,0
690189569,river,Unnamed Waterway,0,0
690189570,river,Unnamed Waterway,0,0
690189571,river,Unnamed Waterway,0,0
690189572,river,Unnamed Waterway,0,0
690189573,stream,Unnamed Waterway,0,0
690189574,stream,Unnamed Waterway,0,0
690189575,river,Unnamed Waterway,0,0
690189576,stream,Unnamed Waterway,0,0
690189577,stream,Unnamed Waterway,0,0
690189578,stream,Unnamed Waterway,0,0
690189579,stream,Unnamed Waterway,0,0
690189580,stream,Unnamed Waterway,0,0
690191264,river,Kot Kalay Road,0,0
690437080,stream,Unnamed Waterway,0,0
690441285,river,Unnamed Waterway,0,0
690441448,river,Unnamed Waterway,0,0
690455380,stream,Unnamed Waterway,0,0
690700225,river,chord bar khwar,0,0
690700705,river,Chord bar khwar,0,0
690915548,river,Unnamed Waterway,0,0
690915552,river,Unnamed Waterway,0,0
690915553,river,Unnamed Waterway,0,0
690915554,river,Unnamed Waterway,0,0
690915555,river,Unnamed Waterway,0,0
690917563,river,Unnamed Waterway,0,0
690917564,river,Unnamed Waterway,0,0
690917565,river,Unnamed Waterway,0,0
690917566,river,Unnamed Waterway,0,0
690921472,stream,Unnamed Waterway,0,0
690921481,stream,Unnamed Waterway,0,0
690921482,stream,Unnamed Waterway,0,0
690921483,stream,Unnamed Waterway,0,0
690921500,river,Unnamed Waterway,0,0
690921501,stream,Unnamed Waterway,0,0
690921508,river,Unnamed Waterway,0,0
690921509,river,Unnamed Waterway,0,0
690921510,river,Unnamed Waterway,0,0
690921512,stream,Unnamed Waterway,0,0
690925502,stream,Unnamed Waterway,0,0
690925504,stream,Unnamed Waterway,0,0
690925507,river,Unnamed Waterway,0,0
690925512,river,Unnamed Waterway,0,0
690925513,river,Unnamed Waterway,0,0
690925514,river,Unnamed Waterway,0,0
690925519,river,Unnamed Waterway,0,0
690925520,river,Unnamed Waterway,0,0
690927983,river,Unnamed Waterway,0,0
690931558,stream,Unnamed Waterway,0,0
691026585,river,Unnamed Waterway,0,0
691026592,river,Unnamed Waterway,0,0
691026593,river,Unnamed Waterway,0,0
691026598,river,Unnamed Waterway,0,0
691027140,river,Unnamed Waterway,0,0
691027141,river,Unnamed Waterway,0,0
691027142,river,Unnamed Waterway,0,0
691027143,river,Unnamed Waterway,0,0
691027144,river,Unnamed Waterway,0,0
691027145,river,Unnamed Waterway,0,0
691027146,river,Unnamed Waterway,0,0
691027147,river,Unnamed Waterway,0,0
691027148,river,Unnamed Waterway,0,0
691027149,river,Unnamed Waterway,0,0
691027150,river,Unnamed Waterway,0,0
691027157,stream,Unnamed Waterway,0,0
691027160,stream,Unnamed Waterway,0,0
691028866,river,Unnamed Waterway,0,0
691028867,river,Unnamed Waterway,0,0
692205202,stream,Goor Tangay,0,0
692810046,canal,Unnamed Waterway,0,0
693486661,river,Unnamed Waterway,0,0
693486662,river,Unnamed Waterway,0,0
693491658,river,Unnamed Waterway,0,0
693491662,river,Unnamed Waterway,0,0
693491663,stream,Unnamed Waterway,0,0
693491664,stream,Unnamed Waterway,0,0
693491665,stream,Unnamed Waterway,0,0
693491666,stream,Unnamed Waterway,0,0
694020111,stream,Unnamed Waterway,0,0
694020519,stream,Unnamed Waterway,0,0
694021078,stream,Unnamed Waterway,0,0
694021079,stream,Unnamed Waterway,0,0
694021080,stream,Unnamed Waterway,0,0
694021081,stream,Unnamed Waterway,0,0
694021082,river,Unnamed Waterway,0,0
694021084,stream,Unnamed Waterway,0,0
694021085,river,Unnamed Waterway,0,0
694021949,stream,Unnamed Waterway,0,0
694021954,stream,Unnamed Waterway,0,0
694021967,river,Unnamed Waterway,0,0
694027190,river,Unnamed Waterway,0,0
694027191,stream,Unnamed Waterway,0,0
694027192,stream,Unnamed Waterway,0,0
694029354,stream,Unnamed Waterway,0,0
694029357,stream,Unnamed Waterway,0,0
694035441,stream,Unnamed Waterway,0,0
694041307,stream,Unnamed Waterway,0,0
694246524,river,Unnamed Waterway,0,0
694246525,river,Unnamed Waterway,0,0
694247223,river,Unnamed Waterway,0,0
694272091,river,Unnamed Waterway,0,0
694272092,river,Unnamed Waterway,0,0
694272093,river,Unnamed Waterway,0,0
694272094,river,Unnamed Waterway,0,0
694274603,river,Unnamed Waterway,0,0
694274604,river,Unnamed Waterway,0,0
694274605,river,Unnamed Waterway,0,0
694274606,river,Unnamed Waterway,0,0
694274607,river,Unnamed Waterway,0,0
694274608,river,Unnamed Waterway,0,0
694282820,river,Unnamed Waterway,0,0
694283936,river,Unnamed Waterway,0,0
694283938,river,Unnamed Waterway,0,0
694288648,river,Unnamed Waterway,0,0
694289953,river,Unnamed Waterway,0,0
696075128,river,Unnamed Waterway,0,0
696075129,river,Unnamed Waterway,0,0
696075426,river,Unnamed Waterway,0,0
696083125,river,Unnamed Waterway,0,0
696083126,river,Unnamed Waterway,0,0
696084178,river,Unnamed Waterway,0,0
696084179,river,Unnamed Waterway,0,0
696088376,river,Unnamed Waterway,0,0
696088377,river,Unnamed Waterway,0,0
696088380,river,Unnamed Waterway,0,0
696088381,river,Unnamed Waterway,0,0
696088384,river,Unnamed Waterway,0,0
696088385,river,Unnamed Waterway,0,0
696088386,river,Unnamed Waterway,0,0
696088387,river,Unnamed Waterway,0,0
696088388,river,Unnamed Waterway,0,0
696088389,river,Unnamed Waterway,0,0
696088390,river,Unnamed Waterway,0,0
696088391,river,Unnamed Waterway,0,0
696088392,river,Unnamed Waterway,0,0
696091067,river,Unnamed Waterway,0,0
696091793,river,Unnamed Waterway,0,0
696092303,stream,Unnamed Waterway,0,0
696092304,river,Unnamed Waterway,0,0
696094732,river,Unnamed Waterway,0,0
696110221,stream,Unnamed Waterway,0,0
696135340,stream,Unnamed Waterway,0,0
696135341,river,Unnamed Waterway,0,0
696135342,river,Unnamed Waterway,0,0
696138879,river,Naala,0,0
696170615,river,Unnamed Waterway,0,0
696170616,river,Unnamed Waterway,0,0
696386156,river,Unnamed Waterway,0,0
696386159,river,Unnamed Waterway,0,0
696386160,river,Unnamed Waterway,0,0
696389419,river,Unnamed Waterway,0,0
696389420,river,Unnamed Waterway,0,0
696389422,river,Unnamed Waterway,0,0
696389423,river,Unnamed Waterway,0,0
696389424,river,Unnamed Waterway,0,0
696389425,river,Unnamed Waterway,0,0
696389427,river,Unnamed Waterway,0,0
696585894,river,Unnamed Waterway,0,0
696585901,river,Unnamed Waterway,0,0
696585902,river,Unnamed Waterway,0,0
696585903,river,Unnamed Waterway,0,0
696591767,river,Unnamed Waterway,0,0
696597729,river,Unnamed Waterway,0,0
696597730,river,Unnamed Waterway,0,0
696597731,river,Unnamed Waterway,0,0
696597738,river,Unnamed Waterway,0,0
696597739,river,Unnamed Waterway,0,0
696599441,river,Unnamed Waterway,0,0
696599443,river,Unnamed Waterway,0,0
696599444,river,Unnamed Waterway,0,0
696599445,river,Unnamed Waterway,0,0
696599446,river,Unnamed Waterway,0,0
696600546,river,Unnamed Waterway,0,0
696602256,river,Unnamed Waterway,0,0
696602641,river,Unnamed Waterway,0,0
696604293,river,Unnamed Waterway,0,0
696604295,river,Unnamed Waterway,0,0
696604300,river,Unnamed Waterway,0,0
696605539,river,Unnamed Waterway,0,0
696605540,river,Unnamed Waterway,0,0
696605848,stream,Unnamed Waterway,0,0
696642498,river,Unnamed Waterway,0,0
696642499,river,Unnamed Waterway,0,0
696743796,stream,Unnamed Waterway,0,0
696743815,stream,Unnamed Waterway,0,0
696743816,stream,Unnamed Waterway,0,0
696828772,river,Unnamed Waterway,0,0
696828779,river,Unnamed Waterway,0,0
696829124,river,Unnamed Waterway,0,0
696829125,river,Unnamed Waterway,0,0
696835478,river,Unnamed Waterway,0,0
696835480,river,Unnamed Waterway,0,0
696835482,river,Unnamed Waterway,0,0
696835488,river,Unnamed Waterway,0,0
696835490,river,Unnamed Waterway,0,0
696836155,river,Unnamed Waterway,0,0
696836156,river,Unnamed Waterway,0,0
696836157,river,Unnamed Waterway,0,0
696836562,river,Unnamed Waterway,0,0
696836563,river,Unnamed Waterway,0,0
696836564,river,Unnamed Waterway,0,0
696935799,stream,Unnamed Waterway,0,0
697521875,river,Unnamed Waterway,0,0
697522621,river,Unnamed Waterway,0,0
697522622,river,Unnamed Waterway,0,0
697522623,river,Unnamed Waterway,0,0
697523421,river,Unnamed Waterway,0,0
697523422,river,Unnamed Waterway,0,0
697523429,stream,Unnamed Waterway,0,0
697523434,stream,Unnamed Waterway,0,0
697523435,stream,Unnamed Waterway,0,0
697523444,river,Unnamed Waterway,0,0
697523454,river,Unnamed Waterway,0,0
697524380,stream,Unnamed Waterway,0,0
697524385,stream,Unnamed Waterway,0,0
697524386,stream,Unnamed Waterway,0,0
697524392,stream,Unnamed Waterway,0,0
697524399,stream,Unnamed Waterway,0,0
697526246,stream,Unnamed Waterway,0,0
697526247,stream,Unnamed Waterway,0,0
697526250,stream,Unnamed Waterway,0,0
697526251,stream,Unnamed Waterway,0,0
697526252,river,Unnamed Waterway,0,0
697526253,stream,Unnamed Waterway,0,0
697526254,stream,Unnamed Waterway,0,0
697526255,stream,Unnamed Waterway,0,0
697526256,stream,Unnamed Waterway,0,0
697526257,stream,Unnamed Waterway,0,0
697526258,stream,Unnamed Waterway,0,0
697526259,stream,Unnamed Waterway,0,0
697526260,stream,Unnamed Waterway,0,0
697526261,stream,Unnamed Waterway,0,0
697526262,stream,Unnamed Waterway,0,0
697526263,stream,Unnamed Waterway,0,0
697526264,stream,Unnamed Waterway,0,0
697526265,stream,Unnamed Waterway,0,0
697526266,stream,Unnamed Waterway,0,0
697526267,stream,Unnamed Waterway,0,0
697527853,stream,Unnamed Waterway,0,0
697527854,stream,Unnamed Waterway,0,0
697527855,stream,Unnamed Waterway,0,0
697527856,stream,Unnamed Waterway,0,0
697527857,stream,Unnamed Waterway,0,0
697527858,stream,Unnamed Waterway,0,0
697527859,stream,Unnamed Waterway,0,0
697527860,stream,Unnamed Waterway,0,0
697528067,river,Unnamed Waterway,0,0
697531274,stream,Unnamed Waterway,0,0
697531276,stream,Unnamed Waterway,0,0
697531279,stream,Unnamed Waterway,0,0
697531280,stream,Unnamed Waterway,0,0
697531281,stream,Unnamed Waterway,0,0
697531282,stream,Unnamed Waterway,0,0
697533067,river,Unnamed Waterway,0,0
697539259,river,Unnamed Waterway,0,0
697539262,river,Unnamed Waterway,0,0
697539263,river,Unnamed Waterway,0,0
697541079,stream,Unnamed Waterway,0,0
698013790,river,Unnamed Waterway,0,0
698013791,river,Unnamed Waterway,0,0
698021640,river,Unnamed Waterway,0,0
698021644,stream,Unnamed Waterway,0,0
698029240,stream,Unnamed Waterway,0,0
698029245,stream,Unnamed Waterway,0,0
698037414,river,Unnamed Waterway,0,0
698037415,river,Unnamed Waterway,0,0
698037418,river,Unnamed Waterway,0,0
698163600,river,Unnamed Waterway,0,0
698163603,river,Unnamed Waterway,0,0
698163604,river,Unnamed Waterway,0,0
698167766,river,Unnamed Waterway,0,0
698167767,river,Unnamed Waterway,0,0
698167768,river,Unnamed Waterway,0,0
698169021,river,Unnamed Waterway,0,0
698170531,river,Unnamed Waterway,0,0
698216617,stream,Unnamed Waterway,0,0
698273586,river,Unnamed Waterway,0,0
698273593,river,Unnamed Waterway,0,0
698273594,river,Unnamed Waterway,0,0
698275189,river,Unnamed Waterway,0,0
698275190,river,Unnamed Waterway,0,0
698280497,stream,Unnamed Waterway,0,0
698283382,stream,Unnamed Waterway,0,0
698283383,stream,Unnamed Waterway,0,0
698283384,stream,Unnamed Waterway,0,0
698283387,stream,Unnamed Waterway,0,0
698283388,river,Unnamed Waterway,0,0
698283389,stream,Unnamed Waterway,0,0
698283391,stream,Unnamed Waterway,0,0
698284508,river,Unnamed Waterway,0,0
698284820,river,Unnamed Waterway,0,0
699004096,stream,Unnamed Waterway,0,0
699004289,stream,Jabbar,0,0
699004345,stream,Unnamed Waterway,0,0
699004430,stream,Unnamed Waterway,0,0
699004431,stream,Unnamed Waterway,0,0
699004470,stream,Unnamed Waterway,0,0
699004511,stream,Unnamed Waterway,0,0
699004575,stream,Unnamed Waterway,0,0
699004597,stream,Unnamed Waterway,0,0
699004986,stream,Unnamed Waterway,0,0
699005014,stream,Unnamed Waterway,0,0
699005100,stream,Unnamed Waterway,0,0
699005115,stream,Unnamed Waterway,0,0
699005238,stream,Unnamed Waterway,0,0
699005285,stream,Unnamed Waterway,0,0
699005298,stream,Jabbar,0,0
699005302,stream,Unnamed Waterway,0,0
699005380,stream,Unnamed Waterway,0,0
699005502,stream,Unnamed Waterway,0,0
699005657,stream,Unnamed Waterway,0,0
699005671,stream,Unnamed Waterway,0,0
699005715,stream,jabbar,0,0
699183265,canal,Unnamed Waterway,0,0
699869857,stream,Unnamed Waterway,0,0
699869858,stream,Unnamed Waterway,0,0
699869859,stream,Unnamed Waterway,0,0
699869860,stream,Unnamed Waterway,0,0
699869861,stream,Unnamed Waterway,0,0
699869862,stream,Unnamed Waterway,0,0
699869863,stream,Unnamed Waterway,0,0
699869864,stream,Chel Khwar,0,0
699869865,stream,Sorgai khwar,0,0
699869866,stream,Unnamed Waterway,0,0
699869867,stream,Unnamed Waterway,0,0
699869868,stream,Unnamed Waterway,0,0
700145079,stream,Unnamed Waterway,0,0
700716156,stream,Jaakh tangay,0,0
701301943,canal,Hudiara drain,0,0
702404379,canal,Sha Gologh,0,0
704287556,river,Unnamed Waterway,0,0
704287557,river,Unnamed Waterway,0,0
704287560,river,Unnamed Waterway,0,0
704768641,canal,Unnamed Waterway,0,0
704768646,canal,Unnamed Waterway,0,0
705837373,canal,Unnamed Waterway,0,0
705837374,canal,Unnamed Waterway,0,0
705837375,canal,Unnamed Waterway,0,0
705837376,canal,Unnamed Waterway,0,0
707359536,canal,Unnamed Waterway,0,0
707359537,canal,Unnamed Waterway,0,0
707402141,canal,Unnamed Waterway,0,0
707402142,canal,Unnamed Waterway,0,0
707402143,canal,Unnamed Waterway,0,0
707402144,canal,Unnamed Waterway,0,0
707417156,canal,Unnamed Waterway,0,0
707417157,canal,Unnamed Waterway,0,0
707417161,canal,Unnamed Waterway,0,0
707417162,canal,Unnamed Waterway,0,0
707529251,canal,Unnamed Waterway,0,0
707529252,canal,Unnamed Waterway,0,0
707547900,canal,Unnamed Waterway,0,0
707547901,canal,Unnamed Waterway,0,0
707873179,canal,Unnamed Waterway,0,0
707873180,canal,Unnamed Waterway,0,0
707873181,canal,Unnamed Waterway,0,0
707873182,canal,Unnamed Waterway,0,0
707873183,canal,Unnamed Waterway,0,0
707873184,canal,Unnamed Waterway,0,0
707873185,canal,Unnamed Waterway,0,0
707873186,canal,Unnamed Waterway,0,0
707873189,canal,Unnamed Waterway,0,0
707873190,canal,Unnamed Waterway,0,0
708273211,stream,Unnamed Waterway,0,0
708273212,stream,Unnamed Waterway,0,0
708273213,stream,Unnamed Waterway,0,0
708273214,stream,Unnamed Waterway,0,0
708273215,stream,Unnamed Waterway,0,0
708273216,stream,Unnamed Waterway,0,0
708273217,stream,Unnamed Waterway,0,0
708273218,stream,Unnamed Waterway,0,0
708273219,stream,Unnamed Waterway,0,0
708273220,stream,Unnamed Waterway,0,0
708273221,stream,Unnamed Waterway,0,0
708273222,stream,Unnamed Waterway,0,0
708297180,canal,Unnamed Waterway,0,0
708297181,canal,Unnamed Waterway,0,0
708297182,canal,Unnamed Waterway,0,0
708297183,canal,Unnamed Waterway,0,0
708297184,canal,Unnamed Waterway,0,0
711403824,river,Unnamed Waterway,0,0
711403828,river,Unnamed Waterway,0,0
711425437,stream,Unnamed Waterway,0,0
711425438,stream,Unnamed Waterway,0,0
711425440,river,Unnamed Waterway,0,0
711425441,river,Unnamed Waterway,0,0
711425442,river,Baan River,0,0
711425443,river,Baan River,0,0
711425444,stream,Unnamed Waterway,0,0
711425446,river,Unnamed Waterway,0,0
711425449,stream,Ding Nala,0,0
714789679,stream,Unnamed Waterway,0,0
715185777,canal,Canal Road,0,0
715318464,canal,Lahore Branch Canal,0,0
715330051,river,Unnamed Waterway,0,0
715520291,stream,Jabila Nala,0,0
717660278,river,Unnamed Waterway,0,0
717660279,stream,Hapathai Nala,0,0
718117421,river,Unnamed Waterway,0,0
719351596,river,Unnamed Waterway,0,0
721102866,stream,Unnamed Waterway,0,0
721102867,stream,Unnamed Waterway,0,0
721102881,stream,Unnamed Waterway,0,0
721102882,stream,Unnamed Waterway,0,0
721102883,stream,Unnamed Waterway,0,0
721102884,stream,Unnamed Waterway,0,0
721102885,stream,Unnamed Waterway,0,0
721102886,stream,Unnamed Waterway,0,0
721102889,stream,Unnamed Waterway,0,0
721102890,stream,Unnamed Waterway,0,0
721102891,stream,Unnamed Waterway,0,0
721102892,stream,Unnamed Waterway,0,0
721102893,stream,Unnamed Waterway,0,0
721102894,stream,Unnamed Waterway,0,0
721525477,canal,Dronil xhoi,0,0
721530524,canal,Dronil Xhoi,0,0
722128203,stream,Unnamed Waterway,0,0
722143143,canal,Unnamed Waterway,0,0
722146991,canal,Unnamed Waterway,0,0
723190175,canal,Unnamed Waterway,0,0
723190176,canal,Unnamed Waterway,0,0
723381369,stream,Unnamed Waterway,0,0
723381370,stream,Unnamed Waterway,0,0
723590059,canal,Unnamed Waterway,0,0
723590062,canal,Unnamed Waterway,0,0
723590063,canal,Unnamed Waterway,0,0
723590064,canal,Unnamed Waterway,0,0
723590065,canal,Unnamed Waterway,0,0
723590066,canal,Unnamed Waterway,0,0
723590067,canal,Unnamed Waterway,0,0
723590068,canal,Unnamed Waterway,0,0
723590069,canal,Unnamed Waterway,0,0
723590070,canal,Unnamed Waterway,0,0
723590071,canal,Unnamed Waterway,0,0
723590072,canal,Unnamed Waterway,0,0
723590073,canal,Unnamed Waterway,0,0
723590074,canal,Unnamed Waterway,0,0
723590075,canal,Unnamed Waterway,0,0
723590115,river,Unnamed Waterway,0,0
723590117,stream,Unnamed Waterway,0,0
723590125,canal,Unnamed Waterway,0,0
723738442,river,Unnamed Waterway,0,0
723738448,river,Unnamed Waterway,0,0
723738465,stream,Unnamed Waterway,0,0
723738466,river,Unnamed Waterway,0,0
723738467,stream,Unnamed Waterway,0,0
723738468,river,Unnamed Waterway,0,0
723738469,river,Suketra Nullah,0,0
723738486,stream,Unnamed Waterway,0,0
723738487,canal,Unnamed Waterway,0,0
723742149,stream,Unnamed Waterway,0,0
723742150,river,Unnamed Waterway,0,0
723742151,river,Unnamed Waterway,0,0
723742152,river,بھمبر نالہ,0,0
724003097,river,Unnamed Waterway,0,0
724003098,stream,Unnamed Waterway,0,0
724003099,river,Unnamed Waterway,0,0
724003106,stream,Unnamed Waterway,0,0
724003107,stream,Unnamed Waterway,0,0
724003108,stream,Unnamed Waterway,0,0
724003109,stream,Unnamed Waterway,0,0
724003110,river,Unnamed Waterway,0,0
724003111,river,Khad River,0,0
724003112,river,Khad River,0,0
724003118,river,Unnamed Waterway,0,0
724003119,river,Unnamed Waterway,0,0
724003120,river,Unnamed Waterway,0,0
724003124,stream,Unnamed Waterway,0,0
724003132,river,Unnamed Waterway,0,0
724003137,stream,Unnamed Waterway,0,0
724011745,river,Unnamed Waterway,0,0
724011747,river,Unnamed Waterway,0,0
724011750,stream,Unnamed Waterway,0,0
724011751,river,Unnamed Waterway,0,0
724011752,river,Unnamed Waterway,0,0
724011753,river,Unnamed Waterway,0,0
724011754,river,Unnamed Waterway,0,0
724011764,river,Unnamed Waterway,0,0
724011765,stream,Unnamed Waterway,0,0
724011766,river,Unnamed Waterway,0,0
724011767,river,Unnamed Waterway,0,0
724011768,river,Unnamed Waterway,0,0
724050953,river,Unnamed Waterway,0,0
724050954,river,Unnamed Waterway,0,0
724050955,river,Unnamed Waterway,0,0
724050956,river,Unnamed Waterway,0,0
724050958,river,Unnamed Waterway,0,0
724050960,stream,Unnamed Waterway,0,0
724050961,river,Unnamed Waterway,0,0
724050966,river,Unnamed Waterway,0,0
724050967,river,Unnamed Waterway,0,0
724050968,river,Unnamed Waterway,0,0
724050969,river,Unnamed Waterway,0,0
724050970,stream,Unnamed Waterway,0,0
724050971,stream,Unnamed Waterway,0,0
724665311,canal,Alamshah Minor,0,0
725168289,canal,Unnamed Waterway,0,0
725241222,stream,Unnamed Waterway,0,0
725241223,stream,Unnamed Waterway,0,0
725241224,stream,Unnamed Waterway,0,0
725371058,canal,Unnamed Waterway,0,0
727220939,canal,Unnamed Waterway,0,0
727378937,canal,Unnamed Waterway,0,0
727378938,canal,Unnamed Waterway,0,0
727881680,canal,Unnamed Waterway,0,0
727881684,canal,Unnamed Waterway,0,0
727881685,canal,Unnamed Waterway,0,0
727881689,canal,Unnamed Waterway,0,0
727881703,canal,Unnamed Waterway,0,0
727881704,canal,Unnamed Waterway,0,0
727881705,canal,Unnamed Waterway,0,0
727964480,river,دریائے جہلم,0,0
730336368,canal,Unnamed Waterway,0,0
730464127,stream,Unnamed Waterway,0,0
730464128,stream,Unnamed Waterway,0,0
730464129,stream,Unnamed Waterway,0,0
730464130,stream,Unnamed Waterway,0,0
730464131,stream,Unnamed Waterway,0,0
730464140,stream,Nala Lai,0,0
730464141,stream,Nala Lai,0,0
730825788,river,Kot Khwar,0,0
730985458,canal,Unnamed Waterway,0,0
730985459,canal,Unnamed Waterway,0,0
731112553,stream,Nala Lai,0,0
731112554,stream,Nala Lai,0,0
731112558,stream,Nala Lai,0,0
731112559,stream,Nala Lai,0,0
732107428,canal,Unnamed Waterway,0,0
733737845,river,Rainee Canal,0,0
734380830,river,Jaglot Gah,0,0
734380831,river,Jaglot Gah,0,0
738142701,stream,Unnamed Waterway,0,0
738806079,stream,Unnamed Waterway,0,0
738806080,stream,Unnamed Waterway,0,0
740740442,stream,Unnamed Waterway,0,0
740740714,stream,Unnamed Waterway,0,0
740741555,stream,Haraw Stream,0,0
741191297,canal,Unnamed Waterway,0,0
741501565,stream,Unnamed Waterway,0,0
742239094,river,Mashkel,0,0
742239096,river,Mashkel,0,0
742239098,river,رودخانه ماشکید,0,0
742630125,stream,Unnamed Waterway,0,0
742712300,stream,Unnamed Waterway,0,0
742715835,stream,Unnamed Waterway,0,0
743381866,canal,Unnamed Waterway,0,0
743381867,canal,Unnamed Waterway,0,0
743531764,stream,Unnamed Waterway,0,0
743668988,stream,Unnamed Waterway,0,0
743668989,stream,Unnamed Waterway,0,0
746578078,river,Unnamed Waterway,0,0
748954519,canal,Drainage Canal,0,0
751185196,stream,Barorow,0,0
752063774,stream,Yaldor Nala,0,0
753092911,stream,Dah River,0,0
754322924,canal,Unnamed Waterway,0,0
754586092,canal,Miran Distributary,0,0
754607927,canal,Unnamed Waterway,0,0
754607934,canal,Unnamed Waterway,0,0
754653149,canal,Unnamed Waterway,0,0
754653179,canal,Unnamed Waterway,0,0
754653183,canal,Unnamed Waterway,0,0
754653194,canal,Unnamed Waterway,0,0
755009552,canal,Unnamed Waterway,0,0
755009567,canal,Unnamed Waterway,0,0
755009568,canal,Unnamed Waterway,0,0
755110644,canal,Unnamed Waterway,0,0
758918429,stream,Unnamed Waterway,0,0
758918430,stream,Unnamed Waterway,0,0
758918431,stream,Unnamed Waterway,0,0
761340413,stream,Unnamed Waterway,0,0
761344159,stream,Unnamed Waterway,0,0
761344164,river,Baan River,0,0
761350184,stream,Unnamed Waterway,0,0
761350187,stream,Unnamed Waterway,0,0
761350191,river,Unnamed Waterway,0,0
761350192,river,Unnamed Waterway,0,0
761350201,stream,Unnamed Waterway,0,0
761350203,stream,Unnamed Waterway,0,0
761354267,stream,Unnamed Waterway,0,0
761354269,river,Suketar Nala,0,0
761354272,stream,Unnamed Waterway,0,0
761523470,stream,Unnamed Waterway,0,0
762077496,canal,Unnamed Waterway,0,0
762321050,stream,Unnamed Waterway,0,0
762321051,stream,Unnamed Waterway,0,0
762321054,stream,Unnamed Waterway,0,0
762321062,stream,Unnamed Waterway,0,0
762321065,canal,Unnamed Waterway,0,0
762321070,stream,Unnamed Waterway,0,0
762321075,stream,Unnamed Waterway,0,0
762321082,canal,Unnamed Waterway,0,0
762667637,stream,Unnamed Waterway,0,0
762689198,canal,Unnamed Waterway,0,0
762742627,river,Unnamed Waterway,0,0
763046823,river,Unnamed Waterway,0,0
763048616,stream,Unnamed Waterway,0,0
763048618,river,Unnamed Waterway,0,0
763054843,river,Unnamed Waterway,0,0
763059416,river,Unnamed Waterway,0,0
763077646,river,Unnamed Waterway,0,0
763082607,river,Unnamed Waterway,0,0
765200941,canal,Unnamed Waterway,0,0
765200942,canal,Unnamed Waterway,0,0
765200943,canal,Unnamed Waterway,0,0
765200944,canal,Unnamed Waterway,0,0
770277132,stream,Unnamed Waterway,0,0
770277135,stream,Unnamed Waterway,0,0
770649751,canal,Unnamed Waterway,0,0
770940997,river,دریائے سواں,0,0
773079352,river,Unnamed Waterway,0,0
773087014,river,Unnamed Waterway,0,0
773095378,river,Unnamed Waterway,0,0
773095379,river,Unnamed Waterway,0,0
773095380,river,Unnamed Waterway,0,0
773095390,river,Unnamed Waterway,0,0
773095392,river,Unnamed Waterway,0,0
773099746,river,Unnamed Waterway,0,0
773101249,river,Unnamed Waterway,0,0
773101250,river,Unnamed Waterway,0,0
773108922,stream,Unnamed Waterway,0,0
773108924,river,Unnamed Waterway,0,0
777823383,canal,Unnamed Waterway,0,0
777826739,canal,Unnamed Waterway,0,0
779570045,canal,Hakra canal,0,0
779570046,canal,Hakra canal,0,0
780135374,canal,Unnamed Waterway,0,0
780135375,canal,Unnamed Waterway,0,0
780135377,canal,Unnamed Waterway,0,0
780135378,canal,Unnamed Waterway,0,0
780193590,river,Unnamed Waterway,0,0
780530717,canal,Upper Doab Canal,0,0
780530718,canal,Upper Doab Canal,0,0
780530724,canal,Upper Doab Canal,0,0
780530725,canal,Upper Doab Canal,0,0
782074980,canal,Upper Doab Canal,0,0
782074981,canal,Upper Doab Canal,0,0
782095649,stream,Unnamed Waterway,0,0
782156703,canal,Unnamed Waterway,0,0
782156704,canal,Unnamed Waterway,0,0
784074828,stream,Unnamed Waterway,0,0
784083951,river,Unnamed Waterway,0,0
784083952,stream,Unnamed Waterway,0,0
784212591,canal,Unnamed Waterway,0,0
784263308,stream,Unnamed Waterway,0,0
784263309,stream,Unnamed Waterway,0,0
784284210,stream,Unnamed Waterway,0,0
784284211,stream,Unnamed Waterway,0,0
784284212,stream,Unnamed Waterway,0,0
785020697,canal,Lahore Branch Canal,0,0
785020701,canal,Lahore Branch Canal,0,0
785020702,canal,Lahore Branch Canal,0,0
785020703,canal,Lahore Branch Canal,0,0
786233270,canal,Unnamed Waterway,0,0
786233288,canal,Unnamed Waterway,0,0
786233289,canal,Unnamed Waterway,0,0
787071105,river,Unnamed Waterway,0,0
787091536,stream,Unnamed Waterway,0,0
787091539,stream,Unnamed Waterway,0,0
787091540,stream,Unnamed Waterway,0,0
787091541,stream,Unnamed Waterway,0,0
787091542,stream,Unnamed Waterway,0,0
787091543,stream,Unnamed Waterway,0,0
787091544,stream,Unnamed Waterway,0,0
787091546,stream,Unnamed Waterway,0,0
787091547,stream,Unnamed Waterway,0,0
787091548,stream,Unnamed Waterway,0,0
787634166,river,Unnamed Waterway,0,0
791839645,canal,Unnamed Waterway,0,0
791839646,canal,Unnamed Waterway,0,0
792345849,stream,Unnamed Waterway,0,0
792345850,stream,Unnamed Waterway,0,0
792345852,stream,Unnamed Waterway,0,0
792345853,stream,Unnamed Waterway,0,0
792350298,river,قادرآباد بلوکی لنک نہر,0,0
792354923,stream,Unnamed Waterway,0,0
792354924,stream,Unnamed Waterway,0,0
792354925,stream,Unnamed Waterway,0,0
792354926,stream,Unnamed Waterway,0,0
792354927,stream,Unnamed Waterway,0,0
792354928,stream,Unnamed Waterway,0,0
792354929,stream,Chhoro Gah,0,0
792636750,stream,Unnamed Waterway,0,0
792636751,stream,Unnamed Waterway,0,0
792636752,stream,Unnamed Waterway,0,0
792636753,stream,Unnamed Waterway,0,0
792636754,stream,Niru Nar,0,0
792636775,stream,Unnamed Waterway,0,0
792636776,stream,Unnamed Waterway,0,0
792636777,stream,Unnamed Waterway,0,0
792636778,stream,Unnamed Waterway,0,0
792636779,stream,Unnamed Waterway,0,0
792636780,stream,Unnamed Waterway,0,0
792636781,stream,Unnamed Waterway,0,0
792636782,stream,Unnamed Waterway,0,0
792636783,stream,Unnamed Waterway,0,0
792636784,stream,Unnamed Waterway,0,0
792725020,stream,Unnamed Waterway,0,0
792725040,stream,Unnamed Waterway,0,0
792725041,stream,Unnamed Waterway,0,0
792725042,stream,Unnamed Waterway,0,0
792725043,stream,Unnamed Waterway,0,0
792725044,stream,Unnamed Waterway,0,0
793139722,canal,Unnamed Waterway,0,0
795828096,stream,Unnamed Waterway,0,0
795828097,stream,Unnamed Waterway,0,0
795828098,river,Unnamed Waterway,0,0
796166970,stream,Unnamed Waterway,0,0
796166971,stream,Unnamed Waterway,0,0
796166976,stream,Unnamed Waterway,0,0
796166977,stream,Unnamed Waterway,0,0
796166978,stream,Unnamed Waterway,0,0
796166979,stream,Unnamed Waterway,0,0
796166980,river,Darchan Gah,0,0
796166991,river,Unnamed Waterway,0,0
803382013,canal,Unnamed Waterway,0,0
803382014,canal,Unnamed Waterway,0,0
803382015,canal,Unnamed Waterway,0,0
803382016,canal,Unnamed Waterway,0,0
803454643,canal,Unnamed Waterway,0,0
803454644,canal,کالا شاہ کاکو برانچ,0,0
803654769,river,Unnamed Waterway,0,0
803654770,stream,Unnamed Waterway,0,0
804091811,river,Luni,0,0
805568296,canal,Unnamed Waterway,0,0
806142663,river,Unnamed Waterway,0,0
806142667,stream,Unnamed Waterway,0,0
806142668,stream,Unnamed Waterway,0,0
806153716,river,Unnamed Waterway,0,0
806153717,stream,Unnamed Waterway,0,0
806167977,stream,Unnamed Waterway,0,0
807161843,stream,Unnamed Waterway,0,0
807306980,stream,Unnamed Waterway,0,0
807383027,stream,Unnamed Waterway,0,0
807383028,stream,Unnamed Waterway,0,0
807383035,stream,Unnamed Waterway,0,0
807387959,river,Unnamed Waterway,0,0
807387960,stream,Unnamed Waterway,0,0
807665695,river,Shaktu Algad,0,0
807672855,river,Unnamed Waterway,0,0
807715005,river,Unnamed Waterway,0,0
807715006,river,Lashdal,0,0
807715007,river,Unnamed Waterway,0,0
807715012,stream,Unnamed Waterway,0,0
807715016,river,Rangawar Nala,0,0
807715017,stream,Unnamed Waterway,0,0
807715018,stream,Unnamed Waterway,0,0
807827459,stream,Mastuj,0,0
807827460,stream,Mastuj,0,0
807840462,stream,Unnamed Waterway,0,0
807918033,river,Unnamed Waterway,0,0
808129781,stream,Unnamed Waterway,0,0
808135677,stream,Unnamed Waterway,0,0
808135680,stream,Unnamed Waterway,0,0
808204315,river,Unnamed Waterway,0,0
808215173,river,Unnamed Waterway,0,0
808216305,stream,Unnamed Waterway,0,0
808224766,stream,Unnamed Waterway,0,0
808224767,stream,Unnamed Waterway,0,0
808576597,river,Unnamed Waterway,0,0
808578895,stream,Unnamed Waterway,0,0
809952485,stream,Unnamed Waterway,0,0
810313550,stream,Unnamed Waterway,0,0
810509297,river,Mithawan Nala,0,0
810572518,stream,Unnamed Waterway,0,0
810618613,river,Unnamed Waterway,0,0
810618616,stream,Unnamed Waterway,0,0
810766387,canal,Unnamed Waterway,0,0
810766388,canal,Unnamed Waterway,0,0
810766393,canal,Unnamed Waterway,0,0
810846327,canal,Unnamed Waterway,0,0
810846328,canal,Unnamed Waterway,0,0
810846329,canal,Unnamed Waterway,0,0
810846330,canal,Unnamed Waterway,0,0
810846331,canal,Unnamed Waterway,0,0
810846332,canal,Unnamed Waterway,0,0
810846333,canal,Unnamed Waterway,0,0
810846334,canal,Unnamed Waterway,0,0
810846335,canal,Unnamed Waterway,0,0
810846336,canal,Unnamed Waterway,0,0
810860342,canal,Unnamed Waterway,0,0
810860343,canal,Unnamed Waterway,0,0
813957379,river,Unnamed Waterway,0,0
816232464,river,Unnamed Waterway,0,0
817917364,stream,Jora Nadi,0,0
817917365,stream,Unnamed Waterway,0,0
818226909,stream,Unnamed Waterway,0,0
820402802,canal,Manhala Defence Canal,0,0
822523664,stream,Bhimbat Nala,0,0
824538226,stream,Unnamed Waterway,0,0
824538227,stream,Unnamed Waterway,0,0
824538228,stream,Unnamed Waterway,0,0
824538229,stream,Unnamed Waterway,0,0
826471897,river,دریائے حب,0,0
827326022,stream,Unnamed Waterway,0,0
827326023,stream,Unnamed Waterway,0,0
827326024,stream,Unnamed Waterway,0,0
827326025,stream,Unnamed Waterway,0,0
827385274,stream,Unnamed Waterway,0,0
827385275,stream,Unnamed Waterway,0,0
828174960,stream,Unnamed Waterway,0,0
828174961,stream,Unnamed Waterway,0,0
828355375,canal,Unnamed Waterway,0,0
828355376,canal,Unnamed Waterway,0,0
828445113,canal,Unnamed Waterway,0,0
828769706,stream,Unnamed Waterway,0,0
828769707,stream,Unnamed Waterway,0,0
829141313,canal,Water Flow,0,0
829169872,canal,Irrigation Water Canal,0,0
829550451,stream,Unnamed Waterway,0,0
829550452,stream,Unnamed Waterway,0,0
829559173,stream,Unnamed Waterway,0,0
829559174,stream,Unnamed Waterway,0,0
829574163,stream,Unnamed Waterway,0,0
829574164,stream,Unnamed Waterway,0,0
829574176,stream,Unnamed Waterway,0,0
829574177,stream,Unnamed Waterway,0,0
829579908,stream,Unnamed Waterway,0,0
829579909,stream,Unnamed Waterway,0,0
829589211,stream,Unnamed Waterway,0,0
829589212,stream,Unnamed Waterway,0,0
829589213,stream,Unnamed Waterway,0,0
829589214,stream,Unnamed Waterway,0,0
829619695,stream,Unnamed Waterway,0,0
829619696,stream,Unnamed Waterway,0,0
829619697,stream,Unnamed Waterway,0,0
829619698,stream,Unnamed Waterway,0,0
829619699,stream,Unnamed Waterway,0,0
829619700,stream,Unnamed Waterway,0,0
829619701,stream,Unnamed Waterway,0,0
829619702,stream,Unnamed Waterway,0,0
829619703,stream,Unnamed Waterway,0,0
829619704,stream,Unnamed Waterway,0,0
829619705,stream,Unnamed Waterway,0,0
829619706,stream,Unnamed Waterway,0,0
829621372,stream,Unnamed Waterway,0,0
829621373,stream,Unnamed Waterway,0,0
829637846,stream,Unnamed Waterway,0,0
829637847,stream,Unnamed Waterway,0,0
829637871,stream,Unnamed Waterway,0,0
829637872,stream,Unnamed Waterway,0,0
829637899,stream,Unnamed Waterway,0,0
829637900,stream,Unnamed Waterway,0,0
830619803,stream,Unnamed Waterway,0,0
830649918,river,Unnamed Waterway,0,0
830649919,river,Unnamed Waterway,0,0
830649920,stream,Unnamed Waterway,0,0
830649923,stream,Unnamed Waterway,0,0
830649924,stream,Unnamed Waterway,0,0
830649925,stream,Unnamed Waterway,0,0
830649926,stream,Unnamed Waterway,0,0
830649927,stream,Unnamed Waterway,0,0
830649928,stream,Unnamed Waterway,0,0
830649929,river,Unnamed Waterway,0,0
830649930,river,Unnamed Waterway,0,0
830649931,river,Unnamed Waterway,0,0
830649932,river,Unnamed Waterway,0,0
830649987,stream,Unnamed Waterway,0,0
830649988,stream,Unnamed Waterway,0,0
830650013,stream,Unnamed Waterway,0,0
830650014,stream,Unnamed Waterway,0,0
831108122,river,Unnamed Waterway,0,0
831250221,stream,ملیر ندی,0,0
831631024,canal,Unnamed Waterway,0,0
831664690,stream,Unnamed Waterway,0,0
831664691,stream,Unnamed Waterway,0,0
831755571,stream,Unnamed Waterway,0,0
831755572,stream,Unnamed Waterway,0,0
831755577,stream,Unnamed Waterway,0,0
831755579,stream,Unnamed Waterway,0,0
831755580,stream,Unnamed Waterway,0,0
831755581,stream,Unnamed Waterway,0,0
831755582,stream,Unnamed Waterway,0,0
831755583,stream,Unnamed Waterway,0,0
831755584,stream,Unnamed Waterway,0,0
831755586,stream,Unnamed Waterway,0,0
831755587,stream,Unnamed Waterway,0,0
831755588,stream,Unnamed Waterway,0,0
831755589,stream,Unnamed Waterway,0,0
831755590,stream,Unnamed Waterway,0,0
831755591,stream,Unnamed Waterway,0,0
831755593,stream,Unnamed Waterway,0,0
831755594,stream,Unnamed Waterway,0,0
831755595,stream,Unnamed Waterway,0,0
831755596,stream,Unnamed Waterway,0,0
831755597,stream,Unnamed Waterway,0,0
831755598,stream,Unnamed Waterway,0,0
831755599,stream,Unnamed Waterway,0,0
831755600,stream,Unnamed Waterway,0,0
831755611,stream,Unnamed Waterway,0,0
831755612,stream,Unnamed Waterway,0,0
831755614,canal,Unnamed Waterway,0,0
831755615,canal,Unnamed Waterway,0,0
831755616,canal,Unnamed Waterway,0,0
831755618,canal,Unnamed Waterway,0,0
831865117,canal,Unnamed Waterway,0,0
831865118,canal,Unnamed Waterway,0,0
831865119,canal,Unnamed Waterway,0,0
831865121,stream,Unnamed Waterway,0,0
831865122,canal,Unnamed Waterway,0,0
832069714,river,Dawara,0,0
832112955,river,Unnamed Waterway,0,0
832112956,river,Unnamed Waterway,0,0
832112958,river,Unnamed Waterway,0,0
832112959,river,Unnamed Waterway,0,0
832125624,river,Unnamed Waterway,0,0
832125625,river,Unnamed Waterway,0,0
832209168,stream,Unnamed Waterway,0,0
832209169,stream,Unnamed Waterway,0,0
832209170,stream,Unnamed Waterway,0,0
832209171,stream,Unnamed Waterway,0,0
832209172,stream,Unnamed Waterway,0,0
832209173,stream,Unnamed Waterway,0,0
832209174,stream,Unnamed Waterway,0,0
832209175,stream,Unnamed Waterway,0,0
832209176,stream,Unnamed Waterway,0,0
832209177,stream,Unnamed Waterway,0,0
832209178,stream,Unnamed Waterway,0,0
832209179,stream,Unnamed Waterway,0,0
832209180,stream,Unnamed Waterway,0,0
832209181,stream,Unnamed Waterway,0,0
833778355,stream,Unnamed Waterway,0,0
833778356,stream,Unnamed Waterway,0,0
833791129,stream,Unnamed Waterway,0,0
833791130,stream,Unnamed Waterway,0,0
833791133,stream,Unnamed Waterway,0,0
833791134,stream,Unnamed Waterway,0,0
833791135,stream,Unnamed Waterway,0,0
833861854,stream,Unnamed Waterway,0,0
834641570,river,Unnamed Waterway,0,0
834641571,river,Unnamed Waterway,0,0
834641580,stream,Unnamed Waterway,0,0
834641581,stream,Unnamed Waterway,0,0
834641582,stream,Unnamed Waterway,0,0
834641583,stream,Unnamed Waterway,0,0
834641584,stream,Unnamed Waterway,0,0
834641585,stream,Unnamed Waterway,0,0
834641586,stream,Unnamed Waterway,0,0
834641587,stream,Unnamed Waterway,0,0
834877339,stream,Unnamed Waterway,0,0
834877340,stream,Unnamed Waterway,0,0
834877341,stream,Unnamed Waterway,0,0
834877342,stream,Unnamed Waterway,0,0
834877343,stream,Unnamed Waterway,0,0
834877344,stream,Unnamed Waterway,0,0
834877345,stream,Unnamed Waterway,0,0
834877346,stream,Unnamed Waterway,0,0
834877347,stream,Unnamed Waterway,0,0
834877348,stream,Unnamed Waterway,0,0
834877349,stream,Unnamed Waterway,0,0
834877350,stream,Unnamed Waterway,0,0
834877351,stream,Unnamed Waterway,0,0
834877352,stream,Unnamed Waterway,0,0
834883592,stream,Unnamed Waterway,0,0
834883593,stream,Unnamed Waterway,0,0
834883594,stream,Unnamed Waterway,0,0
834883596,river,دریائے حب,0,0
834883597,river,دریائے حب,0,0
834883598,stream,Unnamed Waterway,0,0
834883599,stream,Unnamed Waterway,0,0
834883600,stream,Unnamed Waterway,0,0
834883601,stream,Unnamed Waterway,0,0
834883602,stream,Unnamed Waterway,0,0
834883603,stream,Unnamed Waterway,0,0
834883604,stream,Unnamed Waterway,0,0
834883605,stream,Unnamed Waterway,0,0
834883606,stream,Unnamed Waterway,0,0
834883607,stream,Unnamed Waterway,0,0
834883608,stream,Unnamed Waterway,0,0
834883609,stream,Unnamed Waterway,0,0
834883610,stream,Unnamed Waterway,0,0
834883611,stream,Unnamed Waterway,0,0
834883613,river,دریائے حب,0,0
834883614,river,دریائے حب,0,0
834883615,river,دریائے حب,0,0
834883616,river,دریائے حب,0,0
834883617,stream,Unnamed Waterway,0,0
834883618,stream,Unnamed Waterway,0,0
834883619,stream,Unnamed Waterway,0,0
834883620,stream,Unnamed Waterway,0,0
834892006,stream,Unnamed Waterway,0,0
834892007,stream,Unnamed Waterway,0,0
834892008,stream,Unnamed Waterway,0,0
834892009,stream,Unnamed Waterway,0,0
834898741,stream,Unnamed Waterway,0,0
834914056,stream,Unnamed Waterway,0,0
834914057,stream,Unnamed Waterway,0,0
834914058,stream,Unnamed Waterway,0,0
834914059,stream,Unnamed Waterway,0,0
834914060,stream,Unnamed Waterway,0,0
834914061,stream,Unnamed Waterway,0,0
834914062,stream,Unnamed Waterway,0,0
834914063,stream,Unnamed Waterway,0,0
836068046,canal,Unnamed Waterway,0,0
836068047,canal,Unnamed Waterway,0,0
836068052,river,Orangi Stream,0,0
836068053,river,Orangi Stream,0,0
836068058,river,Unnamed Waterway,0,0
836068059,river,Unnamed Waterway,0,0
836068060,canal,Unnamed Waterway,0,0
836068061,canal,Unnamed Waterway,0,0
836068062,canal,Unnamed Waterway,0,0
836068063,river,Unnamed Waterway,0,0
836068064,river,Unnamed Waterway,0,0
836068065,river,Unnamed Waterway,0,0
836068066,river,Unnamed Waterway,0,0
836068067,river,Unnamed Waterway,0,0
836068068,river,Unnamed Waterway,0,0
836068069,river,Unnamed Waterway,0,0
836068070,river,Unnamed Waterway,0,0
836068071,canal,Unnamed Waterway,0,0
836068072,canal,Unnamed Waterway,0,0
836068073,canal,Unnamed Waterway,0,0
836068074,canal,Unnamed Waterway,0,0
836068075,canal,Unnamed Waterway,0,0
836068076,canal,Unnamed Waterway,0,0
836287663,river,Ujh River,0,0
836617169,canal,Unnamed Waterway,0,0
836812002,canal,Unnamed Waterway,0,0
836812003,canal,Unnamed Waterway,0,0
836812004,stream,Unnamed Waterway,0,0
836812005,stream,Unnamed Waterway,0,0
836821148,river,Orangi Stream,0,0
836821149,river,اورنگی ندی,0,0
836983692,stream,Unnamed Waterway,0,0
836983693,stream,Unnamed Waterway,0,0
837021228,stream,Unnamed Waterway,0,0
837021229,stream,Unnamed Waterway,0,0
837618188,river,Chalunka Lungpa,0,0
837817326,stream,Unnamed Waterway,0,0
837817327,stream,Unnamed Waterway,0,0
837817328,stream,Unnamed Waterway,0,0
837817329,stream,Unnamed Waterway,0,0
837817330,stream,Unnamed Waterway,0,0
837817331,stream,Unnamed Waterway,0,0
837817332,stream,Unnamed Waterway,0,0
837817333,stream,Unnamed Waterway,0,0
837817334,stream,Unnamed Waterway,0,0
837817335,stream,Unnamed Waterway,0,0
837817338,stream,Unnamed Waterway,0,0
837817339,stream,Unnamed Waterway,0,0
837896505,river,دریائے حب,0,0
837896513,canal,Unnamed Waterway,0,0
837896514,canal,Unnamed Waterway,0,0
837922900,river,دریائے حب,0,0
837922901,river,دریائے حب,0,0
837935091,river,Unnamed Waterway,0,0
837935092,river,Unnamed Waterway,0,0
837935098,stream,Unnamed Waterway,0,0
837935099,stream,Unnamed Waterway,0,0
837935100,river,Unnamed Waterway,0,0
837935101,river,Unnamed Waterway,0,0
839906907,river,Unnamed Waterway,0,0
839946979,stream,Unnamed Waterway,0,0
839946980,stream,Unnamed Waterway,0,0
840711118,river,Unnamed Waterway,0,0
840711120,stream,Unnamed Waterway,0,0
840711121,stream,Unnamed Waterway,0,0
840711122,stream,Unnamed Waterway,0,0
840711123,stream,Unnamed Waterway,0,0
840711124,stream,Unnamed Waterway,0,0
840711125,stream,Unnamed Waterway,0,0
840711126,stream,Unnamed Waterway,0,0
840711127,stream,Unnamed Waterway,0,0
840711128,stream,Unnamed Waterway,0,0
840711129,stream,Unnamed Waterway,0,0
840711130,stream,Unnamed Waterway,0,0
840711131,stream,Unnamed Waterway,0,0
840711132,stream,Unnamed Waterway,0,0
840711133,stream,Unnamed Waterway,0,0
840711137,stream,Unnamed Waterway,0,0
840711138,stream,Unnamed Waterway,0,0
840711139,stream,Unnamed Waterway,0,0
840711140,stream,Unnamed Waterway,0,0
840711141,river,Unnamed Waterway,0,0
840711142,stream,Unnamed Waterway,0,0
840774370,stream,Unnamed Waterway,0,0
842366809,stream,Unnamed Waterway,0,0
842377594,canal,Unnamed Waterway,0,0
842377595,canal,Unnamed Waterway,0,0
842377596,canal,Unnamed Waterway,0,0
842377597,canal,Unnamed Waterway,0,0
842377598,canal,Unnamed Waterway,0,0
842377601,canal,Unnamed Waterway,0,0
842377602,canal,Unnamed Waterway,0,0
842377603,canal,Unnamed Waterway,0,0
842377604,stream,Unnamed Waterway,0,0
842377605,canal,Unnamed Waterway,0,0
842377606,river,Unnamed Waterway,0,0
842377607,stream,Unnamed Waterway,0,0
842377608,canal,Unnamed Waterway,0,0
842377609,canal,Unnamed Waterway,0,0
842377610,canal,Unnamed Waterway,0,0
842377611,canal,Unnamed Waterway,0,0
842377612,canal,Unnamed Waterway,0,0
842377613,canal,Unnamed Waterway,0,0
842377614,canal,Unnamed Waterway,0,0
842377615,canal,Unnamed Waterway,0,0
842377616,canal,Unnamed Waterway,0,0
842377617,canal,Unnamed Waterway,0,0
842377618,canal,Unnamed Waterway,0,0
842377619,canal,Unnamed Waterway,0,0
842377620,canal,Unnamed Waterway,0,0
842377621,canal,Unnamed Waterway,0,0
842377622,canal,Unnamed Waterway,0,0
842377623,canal,Unnamed Waterway,0,0
842377624,canal,Unnamed Waterway,0,0
842377625,canal,Unnamed Waterway,0,0
842377628,canal,Unnamed Waterway,0,0
842377629,canal,Unnamed Waterway,0,0
842377630,canal,Unnamed Waterway,0,0
842377631,canal,Unnamed Waterway,0,0
842377632,canal,Unnamed Waterway,0,0
842377633,canal,Unnamed Waterway,0,0
842377634,canal,Unnamed Waterway,0,0
842377635,canal,Unnamed Waterway,0,0
842377636,canal,Unnamed Waterway,0,0
842377637,canal,Unnamed Waterway,0,0
842377638,canal,Unnamed Waterway,0,0
842377639,canal,Unnamed Waterway,0,0
842377640,canal,Unnamed Waterway,0,0
842377641,canal,Unnamed Waterway,0,0
842480013,river,Unnamed Waterway,0,0
842480016,river,Unnamed Waterway,0,0
842480017,river,Unnamed Waterway,0,0
842480563,river,Unnamed Waterway,0,0
842480564,river,Unnamed Waterway,0,0
842480565,river,Unnamed Waterway,0,0
842480566,river,Unnamed Waterway,0,0
842483976,river,Unnamed Waterway,0,0
843242740,river,Unnamed Waterway,0,0
843243363,river,Unnamed Waterway,0,0
843327888,stream,Unnamed Waterway,0,0
843364014,river,Unnamed Waterway,0,0
843364015,river,Unnamed Waterway,0,0
844083145,river,Unnamed Waterway,0,0
844083146,river,Unnamed Waterway,0,0
844083147,river,Unnamed Waterway,0,0
844087699,river,Unnamed Waterway,0,0
844087700,river,Unnamed Waterway,0,0
844087701,river,Unnamed Waterway,0,0
844093544,stream,Unnamed Waterway,0,0
844297901,river,Unnamed Waterway,0,0
844385581,river,Unnamed Waterway,0,0
844405903,river,Unnamed Waterway,0,0
844405905,river,Unnamed Waterway,0,0
844405907,river,Unnamed Waterway,0,0
844405909,river,Unnamed Waterway,0,0
844405911,river,Unnamed Waterway,0,0
844410978,river,Unnamed Waterway,0,0
844410979,river,Unnamed Waterway,0,0
844410980,river,Unnamed Waterway,0,0
844418973,river,Unnamed Waterway,0,0
844418975,river,Unnamed Waterway,0,0
844418976,river,Unnamed Waterway,0,0
844418977,river,Unnamed Waterway,0,0
844418978,river,Unnamed Waterway,0,0
844418979,river,Unnamed Waterway,0,0
844418980,river,Unnamed Waterway,0,0
844418981,river,Unnamed Waterway,0,0
844450532,river,Unnamed Waterway,0,0
844451106,river,گون گوجی,0,0
844451107,river,Unnamed Waterway,0,0
844451108,river,Unnamed Waterway,0,0
844451109,river,Unnamed Waterway,0,0
844451110,river,Unnamed Waterway,0,0
844465265,river,Unnamed Waterway,0,0
844788540,river,Unnamed Waterway,0,0
844788542,river,Unnamed Waterway,0,0
845556152,stream,Unnamed Waterway,0,0
845556157,stream,Unnamed Waterway,0,0
845556158,stream,Unnamed Waterway,0,0
845556159,stream,Unnamed Waterway,0,0
845561341,river,جمیزکور,0,0
845705279,stream,Unnamed Waterway,0,0
845705282,stream,Unnamed Waterway,0,0
845805617,river,Unnamed Waterway,0,0
845805618,river,Unnamed Waterway,0,0
845805619,river,Unnamed Waterway,0,0
845857138,river,Unnamed Waterway,0,0
845857140,river,Unnamed Waterway,0,0
845857141,river,Unnamed Waterway,0,0
845857142,river,Unnamed Waterway,0,0
845857143,river,Unnamed Waterway,0,0
845857145,river,Unnamed Waterway,0,0
845857149,river,Unnamed Waterway,0,0
845857150,river,Unnamed Waterway,0,0
845879802,river,Unnamed Waterway,0,0
845879803,river,Unnamed Waterway,0,0
845879805,river,Unnamed Waterway,0,0
845879806,river,Unnamed Waterway,0,0
845879816,river,Unnamed Waterway,0,0
845892658,stream,Unnamed Waterway,0,0
845892659,stream,Unnamed Waterway,0,0
845892660,stream,Unnamed Waterway,0,0
845899765,stream,Unnamed Waterway,0,0
845912429,river,Unnamed Waterway,0,0
845912434,river,Unnamed Waterway,0,0
845912435,river,Unnamed Waterway,0,0
845912436,river,Unnamed Waterway,0,0
845912437,river,Unnamed Waterway,0,0
845912438,river,Unnamed Waterway,0,0
845912439,river,Unnamed Waterway,0,0
845913820,river,Unnamed Waterway,0,0
845913821,river,Unnamed Waterway,0,0
845913822,river,Unnamed Waterway,0,0
845944437,river,Unnamed Waterway,0,0
845945080,river,Unnamed Waterway,0,0
845954017,river,Unnamed Waterway,0,0
845970538,stream,Unnamed Waterway,0,0
845970543,stream,Unnamed Waterway,0,0
845970546,stream,Unnamed Waterway,0,0
845996247,stream,Unnamed Waterway,0,0
845996458,river,Unnamed Waterway,0,0
845996459,river,Unnamed Waterway,0,0
846000880,stream,Unnamed Waterway,0,0
846616232,river,Unnamed Waterway,0,0
846616233,river,Unnamed Waterway,0,0
846753894,river,سگارگری,0,0
846769132,river,Unnamed Waterway,0,0
846769133,river,Unnamed Waterway,0,0
846771703,river,Unnamed Waterway,0,0
846844935,stream,Unnamed Waterway,0,0
846976777,canal,Unnamed Waterway,0,0
847627799,canal,Unnamed Waterway,0,0
847647450,canal,Kalla Kalan Canal,0,0
847670561,canal,Unnamed Waterway,0,0
847670562,canal,Unnamed Waterway,0,0
847693893,canal,Unnamed Waterway,0,0
847786269,river,درآب,0,0
847786270,stream,Unnamed Waterway,0,0
847790690,river,Unnamed Waterway,0,0
847895257,stream,Unnamed Waterway,0,0
848065511,river,Unnamed Waterway,0,0
848065512,river,Unnamed Waterway,0,0
848065513,river,Unnamed Waterway,0,0
848065514,river,Unnamed Waterway,0,0
848065515,stream,Unnamed Waterway,0,0
848065516,stream,Unnamed Waterway,0,0
848065517,stream,Unnamed Waterway,0,0
848081928,river,Unnamed Waterway,0,0
848081929,river,Unnamed Waterway,0,0
848081930,river,Unnamed Waterway,0,0
848162302,stream,Unnamed Waterway,0,0
848185184,canal,Unnamed Waterway,0,0
848188865,stream,Unnamed Waterway,0,0
848188866,stream,Unnamed Waterway,0,0
848188867,stream,Unnamed Waterway,0,0
848188868,stream,Unnamed Waterway,0,0
848188869,stream,Unnamed Waterway,0,0
848188870,stream,Unnamed Waterway,0,0
848188871,stream,Unnamed Waterway,0,0
848188872,stream,Unnamed Waterway,0,0
848202061,river,Unnamed Waterway,0,0
848202062,river,Unnamed Waterway,0,0
848202063,river,Unnamed Waterway,0,0
848202064,river,Unnamed Waterway,0,0
848202065,river,Unnamed Waterway,0,0
848202066,river,Unnamed Waterway,0,0
848202069,river,Unnamed Waterway,0,0
848233978,river,Unnamed Waterway,0,0
848629816,river,Unnamed Waterway,0,0
848634605,river,Unnamed Waterway,0,0
848634606,river,Unnamed Waterway,0,0
848634611,river,Unnamed Waterway,0,0
848664002,river,Unnamed Waterway,0,0
848664003,river,Unnamed Waterway,0,0
848664004,river,Unnamed Waterway,0,0
848725421,river,Unnamed Waterway,0,0
848725423,river,Unnamed Waterway,0,0
849876615,canal,Unnamed Waterway,0,0
849876616,canal,Unnamed Waterway,0,0
849916042,river,Gadar River,0,0
849916043,river,Gadar River,0,0
849916044,river,Gadar River,0,0
849916045,river,Gadar River,0,0
849916053,stream,Garoo Khwar,0,0
849916054,stream,Garoo Khwar,0,0
849920538,stream,Unnamed Waterway,0,0
849920539,stream,Unnamed Waterway,0,0
849920540,stream,Unnamed Waterway,0,0
849920541,stream,Unnamed Waterway,0,0
849920554,river,Gadar River,0,0
849920555,stream,Gadar River,0,0
849923229,river,Pehur Main Canal,0,0
849923230,river,Unnamed Waterway,0,0
849930181,canal,Unnamed Waterway,0,0
849930182,canal,Unnamed Waterway,0,0
849933358,river,Battal River,0,0
849933359,river,Battal River,0,0
849933360,river,Battal River,0,0
849933361,river,Battal River,0,0
849933362,river,Battal River,0,0
849933363,river,Battal River,0,0
849933368,river,Battal River,0,0
849933369,river,Battal River,0,0
849933370,river,Battal River,0,0
849933371,river,Battal River,0,0
850270782,canal,Unnamed Waterway,0,0
850270783,canal,Unnamed Waterway,0,0
850270784,canal,Unnamed Waterway,0,0
850270785,canal,Unnamed Waterway,0,0
850270786,canal,Unnamed Waterway,0,0
850270787,canal,Unnamed Waterway,0,0
850270788,canal,Unnamed Waterway,0,0
850270789,canal,Unnamed Waterway,0,0
850270791,canal,Unnamed Waterway,0,0
850270792,canal,Unnamed Waterway,0,0
850275422,canal,Unnamed Waterway,0,0
850276156,canal,Unnamed Waterway,0,0
850286169,stream,Unnamed Waterway,0,0
850286170,stream,Unnamed Waterway,0,0
850286171,stream,Unnamed Waterway,0,0
850286172,stream,Unnamed Waterway,0,0
850286173,stream,Unnamed Waterway,0,0
850286176,stream,Unnamed Waterway,0,0
850286177,stream,Unnamed Waterway,0,0
850291772,canal,Unnamed Waterway,0,0
850291773,canal,Unnamed Waterway,0,0
850291776,canal,Unnamed Waterway,0,0
850291777,canal,Unnamed Waterway,0,0
850294132,canal,Unnamed Waterway,0,0
850294133,canal,Unnamed Waterway,0,0
850294137,stream,Unnamed Waterway,0,0
850294138,stream,Unnamed Waterway,0,0
850294144,stream,Unnamed Waterway,0,0
850297737,river,Unnamed Waterway,0,0
850297739,river,Unnamed Waterway,0,0
850297740,river,Unnamed Waterway,0,0
850297741,river,Unnamed Waterway,0,0
850313787,stream,Unnamed Waterway,0,0
851201396,river,Jari River,0,0
851201397,river,Jari River,0,0
851201398,river,Jari River,0,0
851211392,river,Jari River,0,0
851211393,river,Jari River,0,0
851272700,canal,Unnamed Waterway,0,0
851296801,canal,Unnamed Waterway,0,0
851296802,canal,Unnamed Waterway,0,0
851296803,canal,Unnamed Waterway,0,0
851296804,canal,Unnamed Waterway,0,0
851296809,canal,Unnamed Waterway,0,0
851296810,canal,Unnamed Waterway,0,0
851296811,canal,Unnamed Waterway,0,0
851296812,canal,Unnamed Waterway,0,0
851296813,canal,Unnamed Waterway,0,0
851296814,canal,Unnamed Waterway,0,0
851296821,stream,Unnamed Waterway,0,0
851296822,stream,Unnamed Waterway,0,0
851296824,stream,Unnamed Waterway,0,0
851296825,stream,Unnamed Waterway,0,0
851296826,stream,Unnamed Waterway,0,0
851296827,stream,Unnamed Waterway,0,0
851296828,stream,Unnamed Waterway,0,0
851296829,stream,Unnamed Waterway,0,0
851296830,stream,Unnamed Waterway,0,0
851296831,stream,Unnamed Waterway,0,0
851296832,stream,Unnamed Waterway,0,0
851304254,stream,Unnamed Waterway,0,0
851304255,stream,Unnamed Waterway,0,0
851329694,stream,Unnamed Waterway,0,0
851680688,river,دھراب,0,0
851682295,river,سوج کاس,0,0
851684563,canal,Unnamed Waterway,0,0
851722550,canal,Ranwali Distributary,0,0
851895224,canal,Unnamed Waterway,0,0
851907671,stream,Unnamed Waterway,0,0
851907672,stream,Unnamed Waterway,0,0
851908644,stream,Unnamed Waterway,0,0
851908645,stream,Unnamed Waterway,0,0
851908646,stream,Unnamed Waterway,0,0
851909744,stream,Unnamed Waterway,0,0
851914029,stream,Unnamed Waterway,0,0
851914030,stream,Unnamed Waterway,0,0
851914267,stream,Unnamed Waterway,0,0
851914318,stream,Unnamed Waterway,0,0
851916125,stream,Unnamed Waterway,0,0
851916126,stream,Unnamed Waterway,0,0
851916127,stream,Unnamed Waterway,0,0
851918220,stream,Unnamed Waterway,0,0
851922811,stream,Unnamed Waterway,0,0
851922814,stream,Unnamed Waterway,0,0
851922815,stream,Unnamed Waterway,0,0
851922818,stream,Unnamed Waterway,0,0
851922821,stream,Unnamed Waterway,0,0
851931435,canal,Unnamed Waterway,0,0
852196921,river,Unnamed Waterway,0,0
852196922,river,Unnamed Waterway,0,0
852196924,river,Unnamed Waterway,0,0
852196925,river,Unnamed Waterway,0,0
853500403,stream,Unnamed Waterway,0,0
853508804,stream,Unnamed Waterway,0,0
853508805,stream,Unnamed Waterway,0,0
856112706,river,کرپاسی کور,0,0
856263884,stream,Unnamed Waterway,0,0
856263885,stream,Unnamed Waterway,0,0
856263886,river,Unnamed Waterway,0,0
856263887,stream,Unnamed Waterway,0,0
856263888,river,Unnamed Waterway,0,0
856263889,river,Unnamed Waterway,0,0
856359637,river,Unnamed Waterway,0,0
856513705,stream,Unnamed Waterway,0,0
856953603,river,Unnamed Waterway,0,0
856985715,river,Unnamed Waterway,0,0
856985721,river,Unnamed Waterway,0,0
856991320,stream,Unnamed Waterway,0,0
857618284,canal,Spaira Rogha Canal,0,0
857618285,canal,Unnamed Waterway,0,0
857618286,canal,Unnamed Waterway,0,0
857629786,canal,Right Bank Canal,0,0
857629787,canal,Unnamed Waterway,0,0
857630247,canal,Unnamed Waterway,0,0
857630248,canal,Unnamed Waterway,0,0
857631403,canal,Unnamed Waterway,0,0
857631404,canal,Unnamed Waterway,0,0
857632087,canal,Unnamed Waterway,0,0
857632088,canal,Unnamed Waterway,0,0
857633463,canal,Unnamed Waterway,0,0
857633464,canal,Unnamed Waterway,0,0
857642937,canal,Unnamed Waterway,0,0
857643167,stream,Unnamed Waterway,0,0
857647057,river,Unnamed Waterway,0,0
857647062,canal,Unnamed Waterway,0,0
857647063,canal,Unnamed Waterway,0,0
857647064,canal,Unnamed Waterway,0,0
857647066,canal,Unnamed Waterway,0,0
857647067,canal,Unnamed Waterway,0,0
857651839,river,Malana Tangai,0,0
857651840,stream,Unnamed Waterway,0,0
857652808,river,Unnamed Waterway,0,0
857655104,canal,Unnamed Waterway,0,0
857655635,canal,Unnamed Waterway,0,0
857655636,canal,Unnamed Waterway,0,0
857655637,canal,Unnamed Waterway,0,0
857655638,canal,Unnamed Waterway,0,0
857655645,canal,Spera Canal,0,0
857656104,canal,Unnamed Waterway,0,0
857656105,canal,Unnamed Waterway,0,0
857659644,canal,Spera Canal,0,0
857659645,canal,Spera Canal,0,0
857670430,canal,Unnamed Waterway,0,0
857671291,canal,Unnamed Waterway,0,0
858696844,canal,Unnamed Waterway,0,0
858696845,canal,Unnamed Waterway,0,0
858696846,canal,Unnamed Waterway,0,0
858696847,canal,Unnamed Waterway,0,0
858696848,canal,Unnamed Waterway,0,0
858696849,canal,Unnamed Waterway,0,0
858696850,canal,Unnamed Waterway,0,0
858696851,canal,Unnamed Waterway,0,0
858696852,canal,Unnamed Waterway,0,0
858696853,canal,Unnamed Waterway,0,0
858696854,canal,Unnamed Waterway,0,0
858698498,canal,Unnamed Waterway,0,0
858698499,canal,Unnamed Waterway,0,0
858701475,canal,Unnamed Waterway,0,0
858701476,canal,Unnamed Waterway,0,0
858701477,canal,Unnamed Waterway,0,0
858701478,canal,Unnamed Waterway,0,0
858701479,canal,Unnamed Waterway,0,0
858701480,canal,Unnamed Waterway,0,0
859398859,canal,Unnamed Waterway,0,0
859398860,canal,Unnamed Waterway,0,0
859398861,canal,Unnamed Waterway,0,0
859398862,canal,Unnamed Waterway,0,0
859398863,canal,Unnamed Waterway,0,0
859398864,canal,Unnamed Waterway,0,0
859398869,canal,Ganaish Wah Canal,0,0
859398870,canal,Ganaish Wah Canal,0,0
859398871,canal,Ganaish Wah Canal,0,0
859398872,canal,Ganaish Wah Canal,0,0
859398873,canal,Ganaish Wah Canal,0,0
859398874,canal,Ganaish Wah Canal,0,0
859398875,canal,Ganaish Wah Canal,0,0
859398876,canal,Ganaish Wah Canal,0,0
859398885,canal,Ganaish Wah Canal,0,0
859398886,canal,Ganaish Wah Canal,0,0
859399787,canal,Ganaish Wah Canal,0,0
859399788,canal,Ganaish Wah Canal,0,0
859847914,river,باری دوآب,0,0
859847915,river,Bari Doab Canal,0,0
859875077,canal,Unnamed Waterway,0,0
859875078,canal,Unnamed Waterway,0,0
859875081,canal,Unnamed Waterway,0,0
859875082,canal,Unnamed Waterway,0,0
859875083,canal,Unnamed Waterway,0,0
859875084,canal,Unnamed Waterway,0,0
859875085,canal,Nau Bahar Canal,0,0
859875086,canal,Unnamed Waterway,0,0
859875087,canal,nau bahara canal,0,0
859875088,canal,Unnamed Waterway,0,0
859875089,canal,Unnamed Waterway,0,0
859875090,canal,Unnamed Waterway,0,0
859885763,canal,Unnamed Waterway,0,0
859885764,canal,Unnamed Waterway,0,0
859885765,canal,Unnamed Waterway,0,0
859885766,canal,Unnamed Waterway,0,0
859885767,canal,Unnamed Waterway,0,0
859885768,canal,Unnamed Waterway,0,0
859922080,canal,Unnamed Waterway,0,0
859922081,canal,Unnamed Waterway,0,0
859922082,canal,Unnamed Waterway,0,0
859922083,canal,Unnamed Waterway,0,0
859922084,canal,Unnamed Waterway,0,0
859922085,canal,Unnamed Waterway,0,0
859922086,canal,Unnamed Waterway,0,0
859922087,canal,Unnamed Waterway,0,0
859922088,canal,Unnamed Waterway,0,0
859922089,canal,Unnamed Waterway,0,0
859922090,canal,Unnamed Waterway,0,0
859922885,canal,Unnamed Waterway,0,0
859922886,canal,Unnamed Waterway,0,0
859922887,canal,Unnamed Waterway,0,0
859922888,canal,Unnamed Waterway,0,0
859922889,canal,Unnamed Waterway,0,0
859922890,canal,Unnamed Waterway,0,0
859922891,canal,Unnamed Waterway,0,0
859922892,canal,Unnamed Waterway,0,0
860160702,stream,Unnamed Waterway,0,0
860162096,stream,Unnamed Waterway,0,0
860226500,stream,Unnamed Waterway,0,0
860229029,stream,Unnamed Waterway,0,0
860253336,stream,Unnamed Waterway,0,0
860489282,stream,Unnamed Waterway,0,0
860489283,stream,Unnamed Waterway,0,0
860489284,stream,Unnamed Waterway,0,0
860499248,stream,Unnamed Waterway,0,0
860499249,stream,Unnamed Waterway,0,0
861193760,stream,Unnamed Waterway,0,0
861199700,canal,Unnamed Waterway,0,0
861199701,canal,Unnamed Waterway,0,0
861199702,canal,Unnamed Waterway,0,0
861199703,canal,Unnamed Waterway,0,0
861199704,canal,Unnamed Waterway,0,0
861199705,canal,Unnamed Waterway,0,0
861199706,canal,Unnamed Waterway,0,0
861200484,canal,Unnamed Waterway,0,0
861200485,canal,Unnamed Waterway,0,0
862222954,canal,Unnamed Waterway,0,0
862222955,canal,Unnamed Waterway,0,0
862222956,canal,Unnamed Waterway,0,0
862222957,canal,Unnamed Waterway,0,0
862222958,canal,Unnamed Waterway,0,0
862222959,canal,Unnamed Waterway,0,0
862827786,river,Unnamed Waterway,0,0
862827787,canal,Unnamed Waterway,0,0
862835150,canal,Unnamed Waterway,0,0
863102603,stream,Unnamed Waterway,0,0
863102604,stream,Unnamed Waterway,0,0
863144483,canal,لنک لوئر تریموں سدھنائی نہر,0,0
863146940,canal,Unnamed Waterway,0,0
863146941,canal,Unnamed Waterway,0,0
863146942,canal,Unnamed Waterway,0,0
863146943,canal,Unnamed Waterway,0,0
863146944,canal,Unnamed Waterway,0,0
863297535,canal,Unnamed Waterway,0,0
863297536,canal,Unnamed Waterway,0,0
863399516,canal,Unnamed Waterway,0,0
863608937,stream,Unnamed Waterway,0,0
863651757,river,دریائے سواں,0,0
864570505,canal,Unnamed Waterway,0,0
864570506,canal,Unnamed Waterway,0,0
864570510,canal,Unnamed Waterway,0,0
864570511,canal,Unnamed Waterway,0,0
864570513,canal,Unnamed Waterway,0,0
864570514,canal,Unnamed Waterway,0,0
864570520,canal,Unnamed Waterway,0,0
864570521,canal,Unnamed Waterway,0,0
864570522,canal,Unnamed Waterway,0,0
864570523,canal,Unnamed Waterway,0,0
864570526,canal,Unnamed Waterway,0,0
864570527,canal,Unnamed Waterway,0,0
864570528,canal,Unnamed Waterway,0,0
864570531,canal,Unnamed Waterway,0,0
864570532,canal,Unnamed Waterway,0,0
864570537,canal,Unnamed Waterway,0,0
864570538,canal,Unnamed Waterway,0,0
864570539,canal,Unnamed Waterway,0,0
864570540,canal,Unnamed Waterway,0,0
864570541,canal,Unnamed Waterway,0,0
864570542,canal,Unnamed Waterway,0,0
864570547,canal,Unnamed Waterway,0,0
864570548,canal,Unnamed Waterway,0,0
864570551,stream,Unnamed Waterway,0,0
864570552,stream,Unnamed Waterway,0,0
864570553,stream,Unnamed Waterway,0,0
864570554,stream,Unnamed Waterway,0,0
864570555,stream,Unnamed Waterway,0,0
864570556,stream,Unnamed Waterway,0,0
864570557,stream,Unnamed Waterway,0,0
864570558,stream,Unnamed Waterway,0,0
864570563,canal,Unnamed Waterway,0,0
864570564,canal,Unnamed Waterway,0,0
864570565,canal,Unnamed Waterway,0,0
864570566,canal,Unnamed Waterway,0,0
864576362,stream,Unnamed Waterway,0,0
864576363,stream,Unnamed Waterway,0,0
864624250,canal,Upper Bari Doab Canal - Main branch,0,0
864624251,canal,Upper Bari Doab Canal - Main branch,0,0
864624252,canal,Upper Bari Doab Canal - Main branch,0,0
864624253,canal,Upper Bari Doab Canal - Main branch,0,0
864624263,canal,Unnamed Waterway,0,0
864624264,canal,Unnamed Waterway,0,0
864624265,canal,Unnamed Waterway,0,0
864624272,canal,Unnamed Waterway,0,0
864624273,canal,Unnamed Waterway,0,0
864626925,canal,Unnamed Waterway,0,0
864626926,canal,Unnamed Waterway,0,0
864626927,canal,Unnamed Waterway,0,0
864626928,canal,Unnamed Waterway,0,0
864626929,canal,Unnamed Waterway,0,0
864629522,canal,Unnamed Waterway,0,0
864652050,stream,Unnamed Waterway,0,0
864652051,stream,Unnamed Waterway,0,0
864652052,stream,Unnamed Waterway,0,0
864652053,stream,Unnamed Waterway,0,0
864733626,canal,Unnamed Waterway,0,0
864733627,canal,Unnamed Waterway,0,0
864733628,canal,Unnamed Waterway,0,0
864739910,canal,Unnamed Waterway,0,0
864739911,canal,Unnamed Waterway,0,0
864739912,canal,Unnamed Waterway,0,0
864739913,canal,Unnamed Waterway,0,0
864755248,canal,Unnamed Waterway,0,0
864755249,canal,Unnamed Waterway,0,0
864755252,canal,Unnamed Waterway,0,0
864755253,canal,Unnamed Waterway,0,0
864755254,canal,Unnamed Waterway,0,0
864755255,canal,Unnamed Waterway,0,0
864755256,river,Unnamed Waterway,0,0
864755257,river,Unnamed Waterway,0,0
864939600,stream,Unnamed Waterway,0,0
865111187,canal,Unnamed Waterway,0,0
865111188,canal,Unnamed Waterway,0,0
865111189,canal,Unnamed Waterway,0,0
865111190,canal,Unnamed Waterway,0,0
865111191,canal,Unnamed Waterway,0,0
865111192,canal,Unnamed Waterway,0,0
865111193,canal,Unnamed Waterway,0,0
865132297,canal,Unnamed Waterway,0,0
865132298,canal,Unnamed Waterway,0,0
865132299,canal,Unnamed Waterway,0,0
865132300,canal,Unnamed Waterway,0,0
865132301,canal,Unnamed Waterway,0,0
865132302,canal,Unnamed Waterway,0,0
865143991,stream,Unnamed Waterway,0,0
865144410,stream,Unnamed Waterway,0,0
865144411,stream,Unnamed Waterway,0,0
865144563,stream,Unnamed Waterway,0,0
865144564,stream,Unnamed Waterway,0,0
865144565,stream,Unnamed Waterway,0,0
865459028,canal,Unnamed Waterway,0,0
865459029,canal,Unnamed Waterway,0,0
865459030,canal,Unnamed Waterway,0,0
865459031,canal,Unnamed Waterway,0,0
865459032,canal,Unnamed Waterway,0,0
865461603,canal,Unnamed Waterway,0,0
865461604,canal,Unnamed Waterway,0,0
865461605,canal,Unnamed Waterway,0,0
865461606,canal,Unnamed Waterway,0,0
865461607,canal,Unnamed Waterway,0,0
865462461,canal,Unnamed Waterway,0,0
865463576,canal,Unnamed Waterway,0,0
865463577,canal,Unnamed Waterway,0,0
865463578,canal,Unnamed Waterway,0,0
865463579,canal,Unnamed Waterway,0,0
865463866,canal,Unnamed Waterway,0,0
865464384,canal,Unnamed Waterway,0,0
865464669,canal,Unnamed Waterway,0,0
865464943,canal,Unnamed Waterway,0,0
865465362,canal,Unnamed Waterway,0,0
865465650,canal,Unnamed Waterway,0,0
865465746,canal,Unnamed Waterway,0,0
865465899,canal,Unnamed Waterway,0,0
865465900,canal,Unnamed Waterway,0,0
865465901,canal,Unnamed Waterway,0,0
865465902,canal,Unnamed Waterway,0,0
865466149,canal,Unnamed Waterway,0,0
865466908,canal,Unnamed Waterway,0,0
865466909,canal,Unnamed Waterway,0,0
865466910,canal,Unnamed Waterway,0,0
865466911,canal,Unnamed Waterway,0,0
865466912,canal,Unnamed Waterway,0,0
865466913,canal,Unnamed Waterway,0,0
865467372,canal,Unnamed Waterway,0,0
865467373,canal,Unnamed Waterway,0,0
865468495,canal,Unnamed Waterway,0,0
865468496,canal,Unnamed Waterway,0,0
865471958,canal,Unnamed Waterway,0,0
865726253,canal,Unnamed Waterway,0,0
865726778,canal,Unnamed Waterway,0,0
865726779,canal,Unnamed Waterway,0,0
865726780,canal,Unnamed Waterway,0,0
865726781,canal,Unnamed Waterway,0,0
865727657,canal,Unnamed Waterway,0,0
865727658,canal,Unnamed Waterway,0,0
865757620,stream,Unnamed Waterway,0,0
865758930,stream,Unnamed Waterway,0,0
865758931,stream,Unnamed Waterway,0,0
865758932,stream,Unnamed Waterway,0,0
865758933,stream,Unnamed Waterway,0,0
865758934,stream,Unnamed Waterway,0,0
865765781,canal,Shahdara Distributary Canal,0,0
865765782,canal,Unnamed Waterway,0,0
865775208,canal,نہر اپر چناب,0,0
865778639,canal,Sikhanwala Distributary,0,0
865778640,canal,Unnamed Waterway,0,0
865780663,canal,Upper Chenab Canal Link,0,0
865780664,canal,Upper Chenab Canal Link,0,0
865790372,canal,Unnamed Waterway,0,0
865790373,canal,Unnamed Waterway,0,0
866483544,river,Unnamed Waterway,0,0
866736339,stream,Unnamed Waterway,0,0
866736342,stream,Unnamed Waterway,0,0
866736343,stream,Unnamed Waterway,0,0
866749198,stream,Unnamed Waterway,0,0
867588995,river,Unnamed Waterway,0,0
867596704,river,Unnamed Waterway,0,0
868109295,canal,Sheikhupura Distributary,0,0
868109296,canal,Sheikhupura Distributary,0,0
868109299,canal,Sheikhupura Distributary,0,0
868109300,canal,Sheikhupura Distributary,0,0
868465610,canal,Unnamed Waterway,0,0
868465611,canal,Unnamed Waterway,0,0
868465612,river,Unnamed Waterway,0,0
868465613,river,Unnamed Waterway,0,0
869764590,stream,Nikka Nadi,0,0
869764591,stream,Nikka Nadi,0,0
871654530,canal,Unnamed Waterway,0,0
871654531,canal,Unnamed Waterway,0,0
871737595,stream,Unnamed Waterway,0,0
871899089,canal,Manka Canal,0,0
871899090,canal,Manka Canal,0,0
872048394,river,Unnamed Waterway,0,0
872366463,river,Unnamed Waterway,0,0
872366897,river,Unnamed Waterway,0,0
875353119,river,Unnamed Waterway,0,0
875353120,river,Unnamed Waterway,0,0
876032431,river,Unnamed Waterway,0,0
876032432,river,Unnamed Waterway,0,0
876032433,river,Unnamed Waterway,0,0
876335405,river,Unnamed Waterway,0,0
876335407,river,Unnamed Waterway,0,0
877670350,river,Unnamed Waterway,0,0
878004368,river,Unnamed Waterway,0,0
878004369,river,Unnamed Waterway,0,0
878004370,river,Unnamed Waterway,0,0
878004371,river,Unnamed Waterway,0,0
878004474,river,Unnamed Waterway,0,0
878004475,river,Unnamed Waterway,0,0
878004476,river,Unnamed Waterway,0,0
878016624,river,Unnamed Waterway,0,0
878017490,river,Unnamed Waterway,0,0
878017491,stream,Unnamed Waterway,0,0
878017492,river,Unnamed Waterway,0,0
878017890,river,Unnamed Waterway,0,0
878020539,river,Unnamed Waterway,0,0
878020540,river,Unnamed Waterway,0,0
878023024,river,Unnamed Waterway,0,0
878023025,river,Unnamed Waterway,0,0
878023026,river,Unnamed Waterway,0,0
878026661,stream,Unnamed Waterway,0,0
878036592,river,Unnamed Waterway,0,0
878036593,river,Unnamed Waterway,0,0
878050680,river,Unnamed Waterway,0,0
878050694,river,Unnamed Waterway,0,0
878050695,river,Unnamed Waterway,0,0
878203528,river,Unnamed Waterway,0,0
878203529,river,Unnamed Waterway,0,0
878203530,river,Unnamed Waterway,0,0
878203531,river,Unnamed Waterway,0,0
878205031,river,Unnamed Waterway,0,0
878205032,river,Unnamed Waterway,0,0
878205033,river,Unnamed Waterway,0,0
878206446,river,Unnamed Waterway,0,0
878206448,river,Unnamed Waterway,0,0
878206449,river,Unnamed Waterway,0,0
878208727,river,Unnamed Waterway,0,0
878208728,river,Unnamed Waterway,0,0
878210713,river,Unnamed Waterway,0,0
878210714,river,Unnamed Waterway,0,0
878210715,river,Unnamed Waterway,0,0
878210716,river,Unnamed Waterway,0,0
878211395,river,Unnamed Waterway,0,0
878211396,river,Unnamed Waterway,0,0
878211676,river,Unnamed Waterway,0,0
878211677,river,Unnamed Waterway,0,0
878487615,river,Unnamed Waterway,0,0
878939799,river,Unnamed Waterway,0,0
878939800,river,Unnamed Waterway,0,0
878939801,stream,Unnamed Waterway,0,0
878939802,stream,Unnamed Waterway,0,0
878939803,river,Unnamed Waterway,0,0
878939804,stream,Unnamed Waterway,0,0
878939805,stream,Unnamed Waterway,0,0
878939806,river,Unnamed Waterway,0,0
878939807,river,Unnamed Waterway,0,0
878939808,river,Unnamed Waterway,0,0
878941758,stream,Unnamed Waterway,0,0
878941759,stream,Unnamed Waterway,0,0
878941760,stream,Unnamed Waterway,0,0
878941761,stream,Unnamed Waterway,0,0
878941762,stream,Unnamed Waterway,0,0
878981596,stream,Unnamed Waterway,0,0
878981597,river,Unnamed Waterway,0,0
878981598,river,Unnamed Waterway,0,0
878981599,stream,Unnamed Waterway,0,0
878981600,stream,Unnamed Waterway,0,0
878981601,stream,Unnamed Waterway,0,0
878997704,stream,Unnamed Waterway,0,0
878997707,stream,Unnamed Waterway,0,0
880771429,canal,Unnamed Waterway,0,0
880771430,canal,Unnamed Waterway,0,0
881672256,river,Unnamed Waterway,0,0
881672262,canal,Unnamed Waterway,0,0
881672263,canal,Unnamed Waterway,0,0
881672264,canal,Unnamed Waterway,0,0
881672265,canal,Unnamed Waterway,0,0
881672266,canal,Unnamed Waterway,0,0
881677303,stream,Unnamed Waterway,0,0
881677304,stream,Unnamed Waterway,0,0
881678248,stream,Nai Baran River,0,0
881692639,canal,Unnamed Waterway,0,0
881692640,canal,Unnamed Waterway,0,0
881692641,canal,Unnamed Waterway,0,0
881693898,canal,Unnamed Waterway,0,0
881693899,canal,Unnamed Waterway,0,0
881693900,canal,Unnamed Waterway,0,0
881696669,canal,Unnamed Waterway,0,0
881696670,canal,Unnamed Waterway,0,0
881696671,canal,Unnamed Waterway,0,0
881696672,canal,Unnamed Waterway,0,0
881696673,canal,Unnamed Waterway,0,0
881696674,canal,Unnamed Waterway,0,0
881719950,canal,Unnamed Waterway,0,0
881719951,canal,Unnamed Waterway,0,0
881719952,canal,Unnamed Waterway,0,0
881719953,canal,Unnamed Waterway,0,0
881719954,canal,Unnamed Waterway,0,0
881719955,canal,Unnamed Waterway,0,0
881719956,canal,Unnamed Waterway,0,0
881721908,canal,Unnamed Waterway,0,0
881741911,canal,Unnamed Waterway,0,0
881741912,canal,Unnamed Waterway,0,0
881741913,canal,Unnamed Waterway,0,0
881741916,canal,Unnamed Waterway,0,0
881741917,canal,Unnamed Waterway,0,0
881741918,canal,Unnamed Waterway,0,0
881741919,canal,Unnamed Waterway,0,0
883456745,river,Unnamed Waterway,0,0
883501489,canal,Unnamed Waterway,0,0
883515070,stream,Unnamed Waterway,0,0
883564370,stream,Unnamed Waterway,0,0
883601236,canal,Unnamed Waterway,0,0
883602982,canal,Unnamed Waterway,0,0
883789848,canal,Unnamed Waterway,0,0
883789850,canal,Unnamed Waterway,0,0
883907164,canal,Unnamed Waterway,0,0
883907165,canal,Unnamed Waterway,0,0
883907166,canal,Unnamed Waterway,0,0
883907167,canal,Unnamed Waterway,0,0
883907168,canal,Unnamed Waterway,0,0
883907425,canal,Unnamed Waterway,0,0
883907426,canal,Unnamed Waterway,0,0
883924139,river,Nari River,0,0
883925894,canal,Unnamed Waterway,0,0
883925895,canal,Unnamed Waterway,0,0
883938447,canal,Kurak Branch Canal,0,0
883938448,canal,Kurak Branch Canal,0,0
883938449,canal,Unnamed Waterway,0,0
883938452,canal,Unnamed Waterway,0,0
884870184,river,Unnamed Waterway,0,0
885276655,river,Siri Nala,0,0
885307166,canal,Unnamed Waterway,0,0
885307167,canal,Unnamed Waterway,0,0
885308281,canal,Unnamed Waterway,0,0
886335699,canal,Unnamed Waterway,0,0
886335700,canal,Unnamed Waterway,0,0
886335703,canal,Unnamed Waterway,0,0
886338678,canal,Unnamed Waterway,0,0
886338679,canal,Unnamed Waterway,0,0
886338680,canal,Unnamed Waterway,0,0
886338681,canal,Unnamed Waterway,0,0
886338682,canal,Unnamed Waterway,0,0
886338683,canal,Unnamed Waterway,0,0
886338684,canal,Unnamed Waterway,0,0
886338685,canal,Unnamed Waterway,0,0
886338686,canal,Unnamed Waterway,0,0
886338688,canal,Unnamed Waterway,0,0
886338689,canal,Unnamed Waterway,0,0
886338692,canal,Unnamed Waterway,0,0
886338693,canal,Unnamed Waterway,0,0
886679290,canal,Unnamed Waterway,0,0
886682195,canal,Unnamed Waterway,0,0
886682197,canal,Unnamed Waterway,0,0
886682198,canal,Unnamed Waterway,0,0
886682200,canal,Unnamed Waterway,0,0
886686664,canal,Unnamed Waterway,0,0
886686666,canal,Unnamed Waterway,0,0
886691913,canal,Unnamed Waterway,0,0
886691915,canal,Unnamed Waterway,0,0
886694603,canal,Unnamed Waterway,0,0
886694605,canal,Unnamed Waterway,0,0
886696925,canal,Unnamed Waterway,0,0
886696927,canal,Unnamed Waterway,0,0
886697550,canal,Unnamed Waterway,0,0
886697552,canal,Unnamed Waterway,0,0
886701379,canal,Unnamed Waterway,0,0
886701381,canal,Unnamed Waterway,0,0
886737106,canal,Unnamed Waterway,0,0
886744991,canal,Unnamed Waterway,0,0
887922462,river,Ghazi Canal,0,0
887922463,river,Unnamed Waterway,0,0
889245371,canal,Unnamed Waterway,0,0
889245372,canal,Ranwali Distributary,0,0
889245373,canal,Ranwali Distributary,0,0
889245374,canal,Ranwali Distributary,0,0
889245375,canal,Ranwali Distributary,0,0
889246720,canal,Ranwali Distributary,0,0
889261617,canal,Unnamed Waterway,0,0
889261618,canal,Unnamed Waterway,0,0
889261619,canal,Unnamed Waterway,0,0
889329499,stream,Unnamed Waterway,0,0
889910519,river,ملیر ندی,0,0
890038390,river,Unnamed Waterway,0,0
891695140,canal,Unnamed Waterway,0,0
891695142,canal,Unnamed Waterway,0,0
891695143,canal,Unnamed Waterway,0,0
891803821,stream,Unnamed Waterway,0,0
892234922,canal,Unnamed Waterway,0,0
892234923,canal,Unnamed Waterway,0,0
892234930,canal,Unnamed Waterway,0,0
892234931,canal,Unnamed Waterway,0,0
892352731,stream,Unnamed Waterway,0,0
892352732,stream,Unnamed Waterway,0,0
892352733,stream,Unnamed Waterway,0,0
892388377,stream,Unnamed Waterway,0,0
892388378,stream,Unnamed Waterway,0,0
892388379,stream,Unnamed Waterway,0,0
892388380,stream,Unnamed Waterway,0,0
892388381,stream,Unnamed Waterway,0,0
892388386,stream,Unnamed Waterway,0,0
892388387,stream,Unnamed Waterway,0,0
892388388,stream,Unnamed Waterway,0,0
892388493,stream,Unnamed Waterway,0,0
892388494,stream,Unnamed Waterway,0,0
892388495,stream,Unnamed Waterway,0,0
892388496,stream,Unnamed Waterway,0,0
892468142,canal,Unnamed Waterway,0,0
892468143,canal,Unnamed Waterway,0,0
893416878,canal,Unnamed Waterway,0,0
893416880,canal,Lower Swat Canal,0,0
893416881,canal,swat river canal,0,0
893416884,canal,Unnamed Waterway,0,0
893416885,canal,Unnamed Waterway,0,0
893419343,canal,Unnamed Waterway,0,0
893419348,canal,Unnamed Waterway,0,0
893419349,canal,Unnamed Waterway,0,0
893419350,canal,Unnamed Waterway,0,0
893419574,stream,Unnamed Waterway,0,0
893432094,canal,Unnamed Waterway,0,0
893433657,river,کابل سيند,0,0
893433658,river,کابل سيند,0,0
893442208,canal,Unnamed Waterway,0,0
893442213,canal,Unnamed Waterway,0,0
893444559,canal,Warsak Gravity Canal,0,0
893447612,canal,Unnamed Waterway,0,0
893447903,canal,Unnamed Waterway,0,0
893452168,canal,Unnamed Waterway,0,0
893454468,canal,Unnamed Waterway,0,0
893454469,canal,Unnamed Waterway,0,0
893454470,canal,Unnamed Waterway,0,0
893454471,stream,Unnamed Waterway,0,0
893454472,stream,Unnamed Waterway,0,0
894205461,canal,Unnamed Waterway,0,0
894270194,river,Unnamed Waterway,0,0
894270195,river,Unnamed Waterway,0,0
895029547,stream,Unnamed Waterway,0,0
895029548,stream,Unnamed Waterway,0,0
895029549,stream,Unnamed Waterway,0,0
895135119,stream,Unnamed Waterway,0,0
895135120,stream,Unnamed Waterway,0,0
895195601,stream,Unnamed Waterway,0,0
895195602,stream,Unnamed Waterway,0,0
895195604,stream,Unnamed Waterway,0,0
895195608,stream,Unnamed Waterway,0,0
895195609,stream,Unnamed Waterway,0,0
895195610,stream,Unnamed Waterway,0,0
895195611,stream,Unnamed Waterway,0,0
895195612,stream,Unnamed Waterway,0,0
895195613,stream,Unnamed Waterway,0,0
895195614,stream,Unnamed Waterway,0,0
895195615,stream,Unnamed Waterway,0,0
895637603,canal,Unnamed Waterway,0,0
895869736,canal,Unnamed Waterway,0,0
895869737,canal,Unnamed Waterway,0,0
896339713,canal,Unnamed Waterway,0,0
896339714,canal,Unnamed Waterway,0,0
897699572,stream,Unnamed Waterway,0,0
898213899,stream,Unnamed Waterway,0,0
898300068,river,Unnamed Waterway,0,0
898550063,river,Unnamed Waterway,0,0
898550065,river,Unnamed Waterway,0,0
899042846,river,Siran River,0,0
899042847,river,Siran River,0,0
899042848,river,Siran River,0,0
899042849,stream,Unnamed Waterway,0,0
899042850,stream,Unnamed Waterway,0,0
899513045,canal,Unnamed Waterway,0,0
900312119,river,Unnamed Waterway,0,0
900312933,river,Unnamed Waterway,0,0
900342569,river,Unnamed Waterway,0,0
900979728,canal,Khaipur Distributary,0,0
901296657,canal,Unnamed Waterway,0,0
901296658,canal,Unnamed Waterway,0,0
901296659,canal,Unnamed Waterway,0,0
901296660,canal,Unnamed Waterway,0,0
901296661,canal,Unnamed Waterway,0,0
901296662,canal,Unnamed Waterway,0,0
901296663,canal,Unnamed Waterway,0,0
901296664,canal,Unnamed Waterway,0,0
901641442,canal,Unnamed Waterway,0,0
901641463,river,Unnamed Waterway,0,0
901641466,stream,Unnamed Waterway,0,0
901731573,canal,Unnamed Waterway,0,0
901731612,river,Unnamed Waterway,0,0
902688166,river,Unnamed Waterway,0,0
903113150,river,Indus River دریائے سندھ,0,0
903162049,stream,Unnamed Waterway,0,0
903582733,stream,Unnamed Waterway,0,0
904379364,river,Unnamed Waterway,0,0
904379365,stream,Unnamed Waterway,0,0
904379366,stream,Unnamed Waterway,0,0
904450608,stream,Unnamed Waterway,0,0
905128328,canal,Unnamed Waterway,0,0
905128340,canal,Unnamed Waterway,0,0
905292743,river,Unnamed Waterway,0,0
906375400,stream,Unnamed Waterway,0,0
909273066,river,Unnamed Waterway,0,0
910873067,stream,Unnamed Waterway,0,0
911050514,river,Unnamed Waterway,0,0
911077191,river,Unnamed Waterway,0,0
911077193,stream,Unnamed Waterway,0,0
911077199,stream,Unnamed Waterway,0,0
911523841,stream,Unnamed Waterway,0,0
911534796,river,Unnamed Waterway,0,0
911534797,river,Unnamed Waterway,0,0
911534798,river,Unnamed Waterway,0,0
912041770,river,Unnamed Waterway,0,0
912041776,river,Unnamed Waterway,0,0
913669001,river,Unnamed Waterway,0,0
913669002,river,Unnamed Waterway,0,0
915755014,river,Jabba Khwar,0,0
915755015,stream,Unnamed Waterway,0,0
915755016,stream,Unnamed Waterway,0,0
915759758,stream,Unnamed Waterway,0,0
915810874,stream,Unnamed Waterway,0,0
915810875,river,گودر خوڑ,0,0
915810876,river,گودر خوڑ,0,0
915810877,stream,Unnamed Waterway,0,0
915815909,stream,اسرت خوڑ,0,0
915815910,stream,Unnamed Waterway,0,0
915815911,stream,Unnamed Waterway,0,0
915815912,stream,Unnamed Waterway,0,0
915815925,stream,Unnamed Waterway,0,0
915815931,stream,Unnamed Waterway,0,0
915815932,stream,Balakot Khwar,0,0
915815939,stream,Unnamed Waterway,0,0
915815940,stream,Unnamed Waterway,0,0
915815941,stream,Unnamed Waterway,0,0
915815942,stream,Unnamed Waterway,0,0
915815943,stream,Unnamed Waterway,0,0
915815945,stream,آریانئ خوڑ,0,0
915815946,stream,Unnamed Waterway,0,0
916440139,river,Unnamed Waterway,0,0
916440140,stream,Unnamed Waterway,0,0
916440141,stream,Unnamed Waterway,0,0
916440157,stream,Unnamed Waterway,0,0
916440158,stream,Unnamed Waterway,0,0
916440165,stream,Unnamed Waterway,0,0
916440178,stream,Unnamed Waterway,0,0
916440797,river,Unnamed Waterway,0,0
916461269,stream,Unnamed Waterway,0,0
916461271,river,Unnamed Waterway,0,0
916461274,stream,Unnamed Waterway,0,0
916461275,stream,Unnamed Waterway,0,0
916461279,stream,Unnamed Waterway,0,0
916461280,stream,Unnamed Waterway,0,0
916461284,stream,Unnamed Waterway,0,0
917263653,stream,Unnamed Waterway,0,0
919685801,river,غوربند خوڑ,0,0
919738704,river,Unnamed Waterway,0,0
919738705,stream,Unnamed Waterway,0,0
921110413,stream,Musa Jabbar,0,0
921111249,stream,Jibran Jabbar,0,0
921887418,stream,Unnamed Waterway,0,0
921887419,stream,Unnamed Waterway,0,0
921887420,stream,Unnamed Waterway,0,0
921887421,stream,Unnamed Waterway,0,0
921887422,stream,Unnamed Waterway,0,0
921889144,stream,Unnamed Waterway,0,0
921889145,stream,Unnamed Waterway,0,0
921889153,stream,Unnamed Waterway,0,0
921889154,stream,Unnamed Waterway,0,0
921974464,stream,Unnamed Waterway,0,0
922816760,stream,Unnamed Waterway,0,0
923107869,river,Unnamed Waterway,0,0
923107870,river,Unnamed Waterway,0,0
923107871,river,Unnamed Waterway,0,0
923107872,river,Unnamed Waterway,0,0
923107883,river,Unnamed Waterway,0,0
923107884,river,Unnamed Waterway,0,0
923107885,river,Unnamed Waterway,0,0
923107886,river,Unnamed Waterway,0,0
923107887,river,Unnamed Waterway,0,0
923107888,river,دریائے جہلم,0,0
923107889,river,Unnamed Waterway,0,0
923107890,river,Unnamed Waterway,0,0
923107891,river,Unnamed Waterway,0,0
923107892,river,Unnamed Waterway,0,0
923107893,river,Unnamed Waterway,0,0
923585922,stream,Unnamed Waterway,0,0
923585923,stream,Unnamed Waterway,0,0
923585947,stream,Unnamed Waterway,0,0
927135999,stream,Unnamed Waterway,0,0
927137764,stream,Unnamed Waterway,0,0
927137765,stream,Gree Gologh,0,0
927394084,stream,Unnamed Waterway,0,0
927395676,stream,Unnamed Waterway,0,0
927396400,stream,Unnamed Waterway,0,0
930785319,stream,Unnamed Waterway,0,0
930802872,canal,Unnamed Waterway,0,0
930802875,canal,اڪرم واھ,0,0
930802876,river,دریائے سندھ,0,0
930802881,canal,Unnamed Waterway,0,0
930802882,canal,Karachi Canal Road,0,0
930802883,canal,کینال روڈ,0,0
930802884,canal,کینال روڈ,0,0
930802885,canal,کینال روڈ,0,0
930802886,canal,Unnamed Waterway,0,0
931928472,stream,Unnamed Waterway,0,0
931928473,stream,Unnamed Waterway,0,0
931928474,stream,Unnamed Waterway,0,0
931928475,stream,Unnamed Waterway,0,0
931928476,stream,Unnamed Waterway,0,0
931928477,stream,Unnamed Waterway,0,0
931928478,stream,Unnamed Waterway,0,0
931928483,stream,Unnamed Waterway,0,0
932722617,canal,Unnamed Waterway,0,0
932722618,canal,Unnamed Waterway,0,0
932722619,canal,Unnamed Waterway,0,0
933763174,river,دریائے سندھ,0,0
934416421,canal,Unnamed Waterway,0,0
934416422,canal,Unnamed Waterway,0,0
934416423,canal,Unnamed Waterway,0,0
934416424,canal,Unnamed Waterway,0,0
934497861,canal,Athilpur Sub Minor,0,0
934497871,canal,Athilpur Sub Minor,0,0
934500798,canal,Athilpur Sub Minor,0,0
934556600,stream,Unnamed Waterway,0,0
935220654,canal,Unnamed Waterway,0,0
935220655,canal,Unnamed Waterway,0,0
935326726,canal,Unnamed Waterway,0,0
935326727,canal,Unnamed Waterway,0,0
935326728,canal,Unnamed Waterway,0,0
935326729,canal,Unnamed Waterway,0,0
935326730,canal,Unnamed Waterway,0,0
935326731,canal,Unnamed Waterway,0,0
935326732,canal,Unnamed Waterway,0,0
935326733,canal,Unnamed Waterway,0,0
935326734,canal,Unnamed Waterway,0,0
935326735,canal,Unnamed Waterway,0,0
935326736,canal,Unnamed Waterway,0,0
935326737,canal,Unnamed Waterway,0,0
935326738,canal,Unnamed Waterway,0,0
935326739,canal,Unnamed Waterway,0,0
935326740,canal,Unnamed Waterway,0,0
935326741,canal,Unnamed Waterway,0,0
935326744,canal,Unnamed Waterway,0,0
935326745,canal,Unnamed Waterway,0,0
935326746,canal,Unnamed Waterway,0,0
935326747,canal,Unnamed Waterway,0,0
935326748,canal,Unnamed Waterway,0,0
935326749,canal,Unnamed Waterway,0,0
935331083,canal,Unnamed Waterway,0,0
935331084,canal,Unnamed Waterway,0,0
935331354,canal,Unnamed Waterway,0,0
935331355,canal,Unnamed Waterway,0,0
935331356,canal,Unnamed Waterway,0,0
935331357,canal,Unnamed Waterway,0,0
935724026,canal,Unnamed Waterway,0,0
935724028,canal,Unnamed Waterway,0,0
935724029,canal,Unnamed Waterway,0,0
935724030,canal,Unnamed Waterway,0,0
935724031,canal,Unnamed Waterway,0,0
935724032,canal,Unnamed Waterway,0,0
935724033,canal,Unnamed Waterway,0,0
935724034,canal,Unnamed Waterway,0,0
935724035,canal,Unnamed Waterway,0,0
935724036,canal,Unnamed Waterway,0,0
935724049,canal,Unnamed Waterway,0,0
935744135,stream,Unnamed Waterway,0,0
935744136,stream,Unnamed Waterway,0,0
936166558,canal,Unnamed Waterway,0,0
936166559,canal,Unnamed Waterway,0,0
936166560,canal,Unnamed Waterway,0,0
936166561,canal,Unnamed Waterway,0,0
936166562,canal,Unnamed Waterway,0,0
936166563,canal,Unnamed Waterway,0,0
936166564,canal,Unnamed Waterway,0,0
936166565,canal,Unnamed Waterway,0,0
936166566,canal,Unnamed Waterway,0,0
936166567,canal,Unnamed Waterway,0,0
936166568,canal,Unnamed Waterway,0,0
936166569,canal,Unnamed Waterway,0,0
936166570,canal,Unnamed Waterway,0,0
936166571,canal,Unnamed Waterway,0,0
936593979,stream,Unnamed Waterway,0,0
936593980,stream,Unnamed Waterway,0,0
937020609,canal,Unnamed Waterway,0,0
937020610,canal,Unnamed Waterway,0,0
937059300,canal,Unnamed Waterway,0,0
937059306,canal,Unnamed Waterway,0,0
938207009,stream,Unnamed Waterway,0,0
938288494,canal,Unnamed Waterway,0,0
938288495,canal,Unnamed Waterway,0,0
938288677,canal,Unnamed Waterway,0,0
938321328,canal,Unnamed Waterway,0,0
938337282,river,Dawara Naalah,0,0
938337283,river,Dawara,0,0
938735252,canal,قنات,0,0
938735253,canal,قنات,0,0
938735254,canal,قنات,0,0
938735255,canal,قنات,0,0
938735256,canal,قنات,0,0
938735257,canal,قنات,0,0
938735258,canal,قنات,0,0
939114900,canal,Handal Distributary,0,0
939114923,canal,Unnamed Waterway,0,0
939114924,canal,Unnamed Waterway,0,0
939119822,canal,Turkwind Distributary,0,0
939119823,canal,Unnamed Waterway,0,0
939119824,canal,Turkwind Distributary,0,0
939540691,canal,Unnamed Waterway,0,0
939816071,stream,Unnamed Waterway,0,0
939816072,stream,Unnamed Waterway,0,0
940387839,canal,Unnamed Waterway,0,0
941122475,canal,Unnamed Waterway,0,0
941420355,canal,Unnamed Waterway,0,0
941420356,canal,Unnamed Waterway,0,0
941700698,river,Unnamed Waterway,0,0
941700699,river,Unnamed Waterway,0,0
942030138,canal,Unnamed Waterway,0,0
942043664,canal,کینال روڈ,0,0
942043665,canal,کینال روڈ,0,0
942043668,canal,Unnamed Waterway,0,0
942043669,canal,Unnamed Waterway,0,0
942051037,river,Unnamed Waterway,0,0
942051536,canal,Unnamed Waterway,0,0
942455592,river,Unnamed Waterway,0,0
942466625,canal,Dandian Distributary,0,0
942729235,canal,Argan Minor,0,0
942730397,canal,Kilaske Distributary,0,0
942730399,canal,Unnamed Waterway,0,0
942730401,canal,Unnamed Waterway,0,0
942738192,canal,Unnamed Waterway,0,0
942738193,canal,Unnamed Waterway,0,0
942738194,canal,Vanike Distributary,0,0
942738195,canal,Unnamed Waterway,0,0
942738199,canal,Unnamed Waterway,0,0
942738200,canal,Unnamed Waterway,0,0
942738201,canal,Unnamed Waterway,0,0
942738202,canal,Unnamed Waterway,0,0
942738203,canal,Unnamed Waterway,0,0
942738204,canal,Unnamed Waterway,0,0
942738205,canal,Unnamed Waterway,0,0
942738206,canal,Unnamed Waterway,0,0
942738207,canal,Unnamed Waterway,0,0
942738208,canal,Unnamed Waterway,0,0
942738209,canal,Unnamed Waterway,0,0
942738210,canal,Unnamed Waterway,0,0
942738211,canal,Unnamed Waterway,0,0
942738212,canal,Unnamed Waterway,0,0
942738213,canal,Unnamed Waterway,0,0
942738214,canal,Unnamed Waterway,0,0
942738215,canal,Unnamed Waterway,0,0
942738216,canal,Unnamed Waterway,0,0
942738217,canal,Unnamed Waterway,0,0
942738218,canal,Unnamed Waterway,0,0
942738219,canal,Unnamed Waterway,0,0
942738222,canal,Unnamed Waterway,0,0
942738223,canal,Unnamed Waterway,0,0
942738225,canal,Unnamed Waterway,0,0
942738226,canal,Unnamed Waterway,0,0
942738227,canal,Unnamed Waterway,0,0
942738228,canal,Unnamed Waterway,0,0
942738229,canal,Unnamed Waterway,0,0
942738230,canal,Gajar Gola Distributary,0,0
942738231,canal,Unnamed Waterway,0,0
942738232,canal,Unnamed Waterway,0,0
942738233,canal,Unnamed Waterway,0,0
942738234,canal,Unnamed Waterway,0,0
942738235,canal,Kot Said Muhammad Minory Distributary,0,0
942738236,canal,Unnamed Waterway,0,0
942738237,canal,Kot Said Muhammad Minory Distributary,0,0
942738238,canal,Unnamed Waterway,0,0
942738239,canal,Unnamed Waterway,0,0
942738240,canal,Unnamed Waterway,0,0
942738252,canal,Unnamed Waterway,0,0
942738253,canal,Unnamed Waterway,0,0
942738254,canal,Unnamed Waterway,0,0
942738255,canal,Unnamed Waterway,0,0
942738256,canal,Unnamed Waterway,0,0
942738257,canal,Unnamed Waterway,0,0
942754471,canal,Unnamed Waterway,0,0
942761331,canal,Unnamed Waterway,0,0
942908342,stream,Unnamed Waterway,0,0
943531421,river,نہر اپر چناب,0,0
943531425,river,نہر اپر چناب,0,0
943670878,canal,مُرادیاں نہر,0,0
943670879,canal,جگانوالہ ڈسٹری بیوٹری,0,0
943670880,canal,شاہ جمال ڈسٹری بیوٹری,0,0
943670881,canal,شاہ جمال ڈسٹری بیوٹری,0,0
943670882,canal,شاہ جمال ڈسٹری بیوٹری,0,0
943670886,canal,جگانوالہ ڈسٹری بیوٹری,0,0
943670887,canal,Maradian Distributary,0,0
943670888,canal,جگانوالہ ڈسٹری بیوٹری,0,0
943670889,canal,جگانوالہ ڈسٹری بیوٹری,0,0
943670890,canal,جگانوالہ ڈسٹری بیوٹری,0,0
943670891,canal,جگانوالہ ڈسٹری بیوٹری,0,0
943670892,canal,جگانوالہ ڈسٹری بیوٹری,0,0
943670893,canal,جگانوالہ ڈسٹری بیوٹری,0,0
943670894,canal,جگانوالہ ڈسٹری بیوٹری,0,0
943670895,canal,جگانوالہ ڈسٹری بیوٹری,0,0
943670896,canal,جگانوالہ ڈسٹری بیوٹری,0,0
943670897,canal,شاہ جمال ڈسٹری بیوٹری,0,0
943671109,canal,لوئر چناب نہر,0,0
943671110,canal,Lower Chenab Canal,0,0
943671111,river,لوئر چناب نہر,0,0
943671112,river,Lower Chenab Canal,0,0
943671113,river,قادرآباد بلوکی لنک نہر,0,0
943671114,river,قادرآباد بلوکی لنک,0,0
943671115,river,Lower Chenab Canal,0,0
943671116,canal,Lower Chenab Canal,0,0
943671120,canal,اپر گوگيره برانچ ﻧﻬﺮ,0,0
943671121,river,لوئر چناب نہر,0,0
943671123,canal,قادرآباد بلوکی لنک,0,0
943671124,canal,قادرآباد بلوکی لنک,0,0
943671125,canal,Palangpur Drain,0,0
943671126,canal,Unnamed Waterway,0,0
943675128,canal,Sem Canal,0,0
943675129,canal,Sem Canal,0,0
943675130,canal,Sem Canal,0,0
943675131,canal,Sem Canal,0,0
943675132,canal,Sem Canal,0,0
943675133,canal,Sem Canal,0,0
943675135,canal,Sem Canal,0,0
943675136,canal,Sem Canal,0,0
943675137,canal,Sem Canal,0,0
943675138,canal,Sem Canal,0,0
943675139,canal,Sem Canal,0,0
943675140,canal,Sem Canal,0,0
943712498,river,Unnamed Waterway,0,0
943712499,river,Unnamed Waterway,0,0
943850010,canal,Unnamed Waterway,0,0
943850011,canal,Unnamed Waterway,0,0
943850012,canal,Unnamed Waterway,0,0
943850013,canal,Unnamed Waterway,0,0
944067044,canal,Unnamed Waterway,0,0
944067045,canal,Unnamed Waterway,0,0
944087822,canal,Khokhar Distributary,0,0
944102109,canal,Unnamed Waterway,0,0
944102111,canal,Unnamed Waterway,0,0
944102112,canal,Unnamed Waterway,0,0
944102114,canal,Unnamed Waterway,0,0
944102115,canal,Unnamed Waterway,0,0
944102117,canal,Unnamed Waterway,0,0
944102118,canal,Unnamed Waterway,0,0
944102119,canal,Unnamed Waterway,0,0
944102120,canal,Unnamed Waterway,0,0
944102122,canal,Unnamed Waterway,0,0
944102123,canal,Unnamed Waterway,0,0
944106958,canal,Unnamed Waterway,0,0
944106959,canal,Unnamed Waterway,0,0
944106966,canal,Unnamed Waterway,0,0
944106967,canal,Unnamed Waterway,0,0
944106968,canal,Unnamed Waterway,0,0
944106969,canal,Unnamed Waterway,0,0
944106970,canal,Unnamed Waterway,0,0
944106971,canal,Unnamed Waterway,0,0
944106972,canal,Unnamed Waterway,0,0
944106973,canal,Unnamed Waterway,0,0
944106974,canal,Unnamed Waterway,0,0
944106975,canal,Unnamed Waterway,0,0
944106976,canal,Unnamed Waterway,0,0
944106977,canal,Unnamed Waterway,0,0
944106978,canal,Unnamed Waterway,0,0
944106979,canal,Unnamed Waterway,0,0
944106980,canal,Unnamed Waterway,0,0
944106981,canal,Unnamed Waterway,0,0
944106982,canal,Unnamed Waterway,0,0
944106984,canal,Unnamed Waterway,0,0
944106985,canal,Unnamed Waterway,0,0
944106986,canal,Unnamed Waterway,0,0
944106987,canal,Unnamed Waterway,0,0
944106988,canal,Unnamed Waterway,0,0
944106989,canal,Unnamed Waterway,0,0
944106990,canal,Unnamed Waterway,0,0
944106991,canal,Unnamed Waterway,0,0
944106992,canal,Unnamed Waterway,0,0
944106993,canal,Unnamed Waterway,0,0
944106994,canal,Unnamed Waterway,0,0
944106995,canal,Unnamed Waterway,0,0
944106997,canal,Unnamed Waterway,0,0
944109681,canal,Unnamed Waterway,0,0
944109683,canal,Unnamed Waterway,0,0
944109684,canal,Unnamed Waterway,0,0
944109685,canal,Unnamed Waterway,0,0
944114320,canal,Phuleli Canal,0,0
944114321,canal,Phuleli Canal,0,0
944114322,canal,Unnamed Waterway,0,0
944114325,canal,Unnamed Waterway,0,0
944114326,canal,Unnamed Waterway,0,0
944114327,canal,Unnamed Waterway,0,0
944114328,canal,Unnamed Waterway,0,0
944114332,canal,Unnamed Waterway,0,0
944126688,canal,Unnamed Waterway,0,0
944129548,canal,Unnamed Waterway,0,0
944129549,canal,Unnamed Waterway,0,0
944175711,canal,Unnamed Waterway,0,0
944175714,canal,Unnamed Waterway,0,0
944175715,canal,Unnamed Waterway,0,0
944175724,canal,Unnamed Waterway,0,0
944194525,canal,Unnamed Waterway,0,0
944194540,canal,Unnamed Waterway,0,0
944194551,canal,Unnamed Waterway,0,0
944194581,canal,Unnamed Waterway,0,0
944194582,canal,Unnamed Waterway,0,0
944467254,canal,اپر پاکپتن نہر,0,0
944467255,river,Upper Pakpattan Canal,0,0
944467256,canal,اپر پاکپتن نہر,0,0
944467257,river,Upper Pakpattan Canal,0,0
944467258,canal,Unnamed Waterway,0,0
944467259,canal,Unnamed Waterway,0,0
944467260,canal,Unnamed Waterway,0,0
944467261,canal,Unnamed Waterway,0,0
944467262,canal,Unnamed Waterway,0,0
944467263,canal,Unnamed Waterway,0,0
944467264,canal,Unnamed Waterway,0,0
944467265,canal,Unnamed Waterway,0,0
944467266,canal,Unnamed Waterway,0,0
944467468,canal,لوئر پاکپتن نہر,0,0
944467469,canal,Unnamed Waterway,0,0
944733079,canal,Unnamed Waterway,0,0
944733179,canal,Unnamed Waterway,0,0
944771834,canal,Unnamed Waterway,0,0
944844475,stream,Bagrot Gah,0,0
944844476,stream,Bagrot Gah,0,0
944894278,canal,Unnamed Waterway,0,0
944894279,canal,Unnamed Waterway,0,0
944909498,canal,Unnamed Waterway,0,0
944909501,canal,Unnamed Waterway,0,0
944909502,canal,Unnamed Waterway,0,0
944909503,canal,Unnamed Waterway,0,0
944967858,canal,Unnamed Waterway,0,0
945198718,canal,Unnamed Waterway,0,0
945198749,canal,Unnamed Waterway,0,0
945766871,stream,Unnamed Waterway,0,0
945766872,stream,Unnamed Waterway,0,0
945766873,stream,Unnamed Waterway,0,0
945766874,stream,Unnamed Waterway,0,0
945766875,stream,Unnamed Waterway,0,0
945766876,stream,Unnamed Waterway,0,0
945766877,stream,Unnamed Waterway,0,0
945766878,stream,Unnamed Waterway,0,0
945766879,stream,Unnamed Waterway,0,0
945766880,stream,Unnamed Waterway,0,0
945780085,river,Unnamed Waterway,0,0
945780086,river,Unnamed Waterway,0,0
945809828,river,Unnamed Waterway,0,0
945809862,river,Unnamed Waterway,0,0
945809864,river,Unnamed Waterway,0,0
945809866,river,Unnamed Waterway,0,0
945809868,river,Unnamed Waterway,0,0
945809869,river,Unnamed Waterway,0,0
945809870,river,Unnamed Waterway,0,0
945835872,canal,Unnamed Waterway,0,0
945835876,river,Unnamed Waterway,0,0
945881139,river,Unnamed Waterway,0,0
945881141,river,Unnamed Waterway,0,0
945881144,river,Unnamed Waterway,0,0
945881145,river,Unnamed Waterway,0,0
945881146,river,Unnamed Waterway,0,0
945881147,river,Unnamed Waterway,0,0
945881156,river,Unnamed Waterway,0,0
945881157,river,Unnamed Waterway,0,0
945881159,canal,Unnamed Waterway,0,0
945902573,canal,Unnamed Waterway,0,0
946631998,canal,Unnamed Waterway,0,0
947741000,canal,Unnamed Waterway,0,0
947741001,canal,Unnamed Waterway,0,0
947743365,river,Unnamed Waterway,0,0
947868054,canal,Unnamed Waterway,0,0
948217314,river,Unnamed Waterway,0,0
948217315,river,Unnamed Waterway,0,0
948217316,river,Unnamed Waterway,0,0
948217318,canal,Unnamed Waterway,0,0
948217319,river,Unnamed Waterway,0,0
948217321,canal,Unnamed Waterway,0,0
948217322,canal,Unnamed Waterway,0,0
948227408,canal,Unnamed Waterway,0,0
948227409,canal,Unnamed Waterway,0,0
948266376,canal,Unnamed Waterway,0,0
948270265,river,Unnamed Waterway,0,0
948270278,river,Unnamed Waterway,0,0
948338640,canal,Unnamed Waterway,0,0
948338641,canal,Unnamed Waterway,0,0
948338642,canal,Unnamed Waterway,0,0
948338643,canal,Unnamed Waterway,0,0
948465618,canal,Unnamed Waterway,0,0
948465619,canal,Unnamed Waterway,0,0
948465620,canal,Unnamed Waterway,0,0
948554746,river,Unnamed Waterway,0,0
948871591,canal,Unnamed Waterway,0,0
948871592,canal,Unnamed Waterway,0,0
948871593,canal,Unnamed Waterway,0,0
948871594,canal,Unnamed Waterway,0,0
948871595,canal,Unnamed Waterway,0,0
948871596,canal,Unnamed Waterway,0,0
948871597,canal,Unnamed Waterway,0,0
949919231,canal,Unnamed Waterway,0,0
949919232,canal,Unnamed Waterway,0,0
950268273,canal,Unnamed Waterway,0,0
951044595,river,Unnamed Waterway,0,0
952093785,canal,Rajbah,0,0
952093786,canal,Rajbah,0,0
952288449,river,دریائے ستلج,0,0
952300001,canal,Unnamed Waterway,0,0
953405337,river,Unnamed Waterway,0,0
953864666,canal,Unnamed Waterway,0,0
953864667,canal,Unnamed Waterway,0,0
954091264,canal,Unnamed Waterway,0,0
954091269,canal,Unnamed Waterway,0,0
954091270,canal,Unnamed Waterway,0,0
954091292,canal,Unnamed Waterway,0,0
954091293,canal,Unnamed Waterway,0,0
954091294,canal,Unnamed Waterway,0,0
954091295,canal,Unnamed Waterway,0,0
954093161,canal,اپر پاکپتن نہر,0,0
954093162,river,Upper Pakpattan Canal,0,0
955759153,river,Unnamed Waterway,0,0
955759154,river,Unnamed Waterway,0,0
956403179,canal,Shahdara Distributary Canal,0,0
956403182,canal,Shahdara Distributary Canal,0,0
956403183,canal,Shahdara Distributary Canal,0,0
956403188,canal,Shahdara Distributary Canal,0,0
956403189,canal,Shahdara Distributary Canal,0,0
956403192,canal,Shahdara Distributary Canal,0,0
956403193,canal,Shahdara Distributary Canal,0,0
956403194,canal,Shahdara Distributary Canal,0,0
956403196,canal,Shahdara Distributary Canal,0,0
957073701,stream,Unnamed Waterway,0,0
957073705,stream,Unnamed Waterway,0,0
958355217,stream,Unnamed Waterway,0,0
958355218,stream,Unnamed Waterway,0,0
958695241,stream,Unnamed Waterway,0,0
958695242,stream,Unnamed Waterway,0,0
958695245,stream,Unnamed Waterway,0,0
958695246,stream,Unnamed Waterway,0,0
958741337,stream,Unnamed Waterway,0,0
958741339,stream,Unnamed Waterway,0,0
958741340,stream,Unnamed Waterway,0,0
958741351,river,Unnamed Waterway,0,0
958741352,river,Unnamed Waterway,0,0
958745105,stream,Unnamed Waterway,0,0
958944644,canal,Unnamed Waterway,0,0
958944645,canal,Unnamed Waterway,0,0
958944646,canal,Unnamed Waterway,0,0
958944647,canal,Unnamed Waterway,0,0
958953406,canal,Mianwal Distributary,0,0
958953424,canal,Mianwal Distributary,0,0
959120818,river,Unnamed Waterway,0,0
959128256,river,Kalail,0,0
959128257,river,Kalail,0,0
959157511,stream,Unnamed Waterway,0,0
959724625,river,Unnamed Waterway,0,0
959724626,river,Unnamed Waterway,0,0
959724629,river,Unnamed Waterway,0,0
959732763,river,Unnamed Waterway,0,0
959781253,stream,Unnamed Waterway,0,0
959789031,stream,Unnamed Waterway,0,0
959789032,stream,Unnamed Waterway,0,0
959789033,stream,Unnamed Waterway,0,0
959791549,river,Unnamed Waterway,0,0
959797181,river,Unnamed Waterway,0,0
959797182,river,Unnamed Waterway,0,0
960073456,stream,Lyari Nadi,0,0
960136692,stream,Unnamed Waterway,0,0
960152986,canal,Ghazi Canal,0,0
960627660,stream,Unnamed Waterway,0,0
960917788,canal,Unnamed Waterway,0,0
960917789,canal,Unnamed Waterway,0,0
961014513,river,ملیر ندی,0,0
961014514,river,ملیر ندی,0,0
961216045,stream,بھیڈ نالہ,0,0
961216046,river,دیگ نالہ,0,0
961216053,river,دیگ نالہ,0,0
961227601,stream,Unnamed Waterway,0,0
961254250,river,Unnamed Waterway,0,0
961260222,stream,Unnamed Waterway,0,0
961378863,canal,Unnamed Waterway,0,0
961885470,stream,Unnamed Waterway,0,0
961904918,river,Unnamed Waterway,0,0
961910508,river,Unnamed Waterway,0,0
961968119,stream,Unnamed Waterway,0,0
962142072,river,Unnamed Waterway,0,0
962204790,stream,Unnamed Waterway,0,0
962204791,stream,Unnamed Waterway,0,0
962208378,stream,Nazro Khwar,0,0
962208379,stream,Nazro Khwar,0,0
962223203,river,Unnamed Waterway,0,0
962289015,stream,Nazro Khwar,0,0
962289016,stream,Nazro Khwar,0,0
962303446,stream,Unnamed Waterway,0,0
962486223,stream,Unnamed Waterway,0,0
962486224,stream,Unnamed Waterway,0,0
962499601,stream,Unnamed Waterway,0,0
962868954,stream,Unnamed Waterway,0,0
962868958,stream,Unnamed Waterway,0,0
962868959,stream,Unnamed Waterway,0,0
963130915,stream,Unnamed Waterway,0,0
963130918,stream,Unnamed Waterway,0,0
963155430,stream,Unnamed Waterway,0,0
963157535,stream,Unnamed Waterway,0,0
963441048,stream,Unnamed Waterway,0,0
963441059,stream,Unnamed Waterway,0,0
963441060,stream,Unnamed Waterway,0,0
963447962,stream,Unnamed Waterway,0,0
963620473,stream,Kolai Khwar,0,0
963639411,river,دریائے جہلم,0,0
964018348,stream,Unnamed Waterway,0,0
964018349,stream,Unnamed Waterway,0,0
964318343,stream,Unnamed Waterway,0,0
964318344,river,Unnamed Waterway,0,0
964480096,river,Unnamed Waterway,0,0
964559530,canal,Unnamed Waterway,0,0
964559531,canal,Unnamed Waterway,0,0
964627249,stream,Unnamed Waterway,0,0
964627250,stream,Unnamed Waterway,0,0
964658152,canal,Unnamed Waterway,0,0
964658153,canal,Unnamed Waterway,0,0
964959391,river,Unnamed Waterway,0,0
965240743,canal,Unnamed Waterway,0,0
965240744,canal,Unnamed Waterway,0,0
965300947,stream,Unnamed Waterway,0,0
965309681,stream,Unnamed Waterway,0,0
965365682,river,Unnamed Waterway,0,0
965375299,river,Unnamed Waterway,0,0
965375300,river,Unnamed Waterway,0,0
965375301,river,Unnamed Waterway,0,0
965376826,river,Unnamed Waterway,0,0
965377511,river,Unnamed Waterway,0,0
965378063,river,Unnamed Waterway,0,0
965378221,river,Unnamed Waterway,0,0
965379529,river,Unnamed Waterway,0,0
965560505,river,Unnamed Waterway,0,0
965605179,river,Unnamed Waterway,0,0
965651841,river,Ramak Nala,0,0
965651842,river,Unnamed Waterway,0,0
965717206,river,Unnamed Waterway,0,0
965911858,river,Unnamed Waterway,0,0
966069142,river,Unnamed Waterway,0,0
966086686,river,Unnamed Waterway,0,0
966348264,river,Beas River,0,0
966399452,canal,Unnamed Waterway,0,0
966399453,canal,Unnamed Waterway,0,0
966401953,canal,Unnamed Waterway,0,0
966401954,canal,Unnamed Waterway,0,0
966401956,canal,لوئر چناب نہر,0,0
966424880,stream,Unnamed Waterway,0,0
966450898,stream,Unnamed Waterway,0,0
966450899,stream,Unnamed Waterway,0,0
966545252,stream,Unnamed Waterway,0,0
966647960,canal,Unnamed Waterway,0,0
966722183,stream,Unnamed Waterway,0,0
966736287,river,دریائے جہلم,0,0
966736288,river,دریائے جہلم,0,0
967005687,river,دریائے جہلم,0,0
967005688,river,دریائے جہلم,0,0
967162698,stream,Unnamed Waterway,0,0
967197252,river,Unnamed Waterway,0,0
967197335,river,Unnamed Waterway,0,0
967197736,river,Unnamed Waterway,0,0
967202865,river,Unnamed Waterway,0,0
967202866,river,Unnamed Waterway,0,0
967202871,river,Unnamed Waterway,0,0
967202874,river,Unnamed Waterway,0,0
967202877,river,Unnamed Waterway,0,0
967213145,river,Unnamed Waterway,0,0
967213148,river,Unnamed Waterway,0,0
967213151,river,Unnamed Waterway,0,0
967213154,river,Unnamed Waterway,0,0
967213877,river,Unnamed Waterway,0,0
967214715,river,Unnamed Waterway,0,0
967218277,river,Unnamed Waterway,0,0
967218280,river,Unnamed Waterway,0,0
967218284,river,Unnamed Waterway,0,0
967218285,river,Unnamed Waterway,0,0
967218288,river,Unnamed Waterway,0,0
967218291,river,Unnamed Waterway,0,0
967218294,river,Unnamed Waterway,0,0
967220015,river,Unnamed Waterway,0,0
967220016,river,Unnamed Waterway,0,0
967220017,river,Unnamed Waterway,0,0
967220018,river,Unnamed Waterway,0,0
967220021,river,Unnamed Waterway,0,0
967220022,river,Unnamed Waterway,0,0
967220023,river,Unnamed Waterway,0,0
967220024,river,Unnamed Waterway,0,0
967220027,river,Unnamed Waterway,0,0
967220030,river,Unnamed Waterway,0,0
967220161,river,Unnamed Waterway,0,0
967220162,river,Unnamed Waterway,0,0
967220163,river,Unnamed Waterway,0,0
967223140,river,Unnamed Waterway,0,0
967223143,river,Unnamed Waterway,0,0
967224502,river,Unnamed Waterway,0,0
967224503,river,Unnamed Waterway,0,0
967224504,river,Unnamed Waterway,0,0
967224505,river,Unnamed Waterway,0,0
967224513,river,Unnamed Waterway,0,0
967224514,river,Unnamed Waterway,0,0
967224515,river,Unnamed Waterway,0,0
967224518,river,Unnamed Waterway,0,0
967227220,river,Unnamed Waterway,0,0
967227221,river,Unnamed Waterway,0,0
967227222,river,Unnamed Waterway,0,0
967227223,river,Unnamed Waterway,0,0
967227224,river,Unnamed Waterway,0,0
967227225,river,Unnamed Waterway,0,0
967227226,river,Unnamed Waterway,0,0
967227227,river,Unnamed Waterway,0,0
967227228,river,Unnamed Waterway,0,0
967227229,river,Unnamed Waterway,0,0
967228089,river,Unnamed Waterway,0,0
967231106,stream,Unnamed Waterway,0,0
967263729,river,Unnamed Waterway,0,0
967271798,river,Unnamed Waterway,0,0
967271799,river,Unnamed Waterway,0,0
967271800,river,Unnamed Waterway,0,0
967271802,river,Unnamed Waterway,0,0
967271805,river,Unnamed Waterway,0,0
967271814,river,Unnamed Waterway,0,0
967521212,canal,Unnamed Waterway,0,0
967521213,canal,Unnamed Waterway,0,0
967521214,canal,Unnamed Waterway,0,0
967521215,canal,Unnamed Waterway,0,0
967521216,canal,Unnamed Waterway,0,0
967521217,canal,Unnamed Waterway,0,0
967601266,river,Unnamed Waterway,0,0
967622703,stream,Unnamed Waterway,0,0
967623037,stream,Unnamed Waterway,0,0
967735697,stream,Unnamed Waterway,0,0
967736734,river,Unnamed Waterway,0,0
967748421,river,Unnamed Waterway,0,0
967760782,river,Unnamed Waterway,0,0
967766492,river,Unnamed Waterway,0,0
967766493,river,Unnamed Waterway,0,0
967771896,river,Unnamed Waterway,0,0
967772213,river,Unnamed Waterway,0,0
967778748,river,Unnamed Waterway,0,0
967784376,river,Unnamed Waterway,0,0
967784379,river,Unnamed Waterway,0,0
967784381,river,Unnamed Waterway,0,0
967784382,stream,Unnamed Waterway,0,0
967784384,stream,Unnamed Waterway,0,0
967784387,river,Unnamed Waterway,0,0
967784395,river,Unnamed Waterway,0,0
967784399,river,Unnamed Waterway,0,0
967784402,river,Unnamed Waterway,0,0
967785478,river,Unnamed Waterway,0,0
967790366,river,Unnamed Waterway,0,0
967793149,river,Unnamed Waterway,0,0
967793152,river,Unnamed Waterway,0,0
967797924,river,Unnamed Waterway,0,0
967813123,river,Unnamed Waterway,0,0
967813124,river,Unnamed Waterway,0,0
967858729,stream,Unnamed Waterway,0,0
967858730,stream,Unnamed Waterway,0,0
967875048,river,Unnamed Waterway,0,0
967881735,river,Unnamed Waterway,0,0
967928836,river,Unnamed Waterway,0,0
968021643,river,Unnamed Waterway,0,0
968035853,stream,Unnamed Waterway,0,0
968043587,river,Unnamed Waterway,0,0
968054302,river,Unnamed Waterway,0,0
968055176,river,Unnamed Waterway,0,0
968060978,river,Unnamed Waterway,0,0
968060979,stream,Unnamed Waterway,0,0
968063645,river,Unnamed Waterway,0,0
968079396,river,Unnamed Waterway,0,0
968091845,river,Unnamed Waterway,0,0
968096052,river,Unnamed Waterway,0,0
968096055,river,Unnamed Waterway,0,0
968196011,river,Unnamed Waterway,0,0
968196012,river,Unnamed Waterway,0,0
968196013,river,Unnamed Waterway,0,0
968196014,river,Unnamed Waterway,0,0
968196015,river,Unnamed Waterway,0,0
968196016,river,Unnamed Waterway,0,0
968196017,river,Unnamed Waterway,0,0
968196018,river,Unnamed Waterway,0,0
968196019,river,Unnamed Waterway,0,0
968201807,river,Unnamed Waterway,0,0
968208073,river,Unnamed Waterway,0,0
968208075,river,Unnamed Waterway,0,0
968208076,river,Unnamed Waterway,0,0
968212048,river,Unnamed Waterway,0,0
968213461,stream,Unnamed Waterway,0,0
968213462,stream,Unnamed Waterway,0,0
968213463,stream,Unnamed Waterway,0,0
968213464,stream,Unnamed Waterway,0,0
968215005,river,Unnamed Waterway,0,0
968220116,river,Unnamed Waterway,0,0
968377709,canal,Unnamed Waterway,0,0
968377711,canal,lot zxhooi,0,0
968380921,canal,Zhooi,0,0
968380922,canal,Zhooi,0,0
968389118,canal,kocho zhooi,0,0
968416652,canal,Warsak Gravity Canal,0,0
968416653,canal,Warsak Gravity Canal,0,0
968422793,canal,Warsak Gravity Canal,0,0
968422794,canal,Warsak Gravity Canal,0,0
968547333,canal,Unnamed Waterway,0,0
968654604,river,Unnamed Waterway,0,0
968705363,canal,Unnamed Waterway,0,0
969463127,river,Kot Kalay Road,0,0
969463128,river,Kot Kalay Road,0,0
969463129,river,Unnamed Waterway,0,0
969463130,river,Unnamed Waterway,0,0
969680207,canal,R-1,0,0
969680208,canal,R-1,0,0
969680209,canal,R-1,0,0
969680210,canal,R-1,0,0
969680908,river,Sidhnai Mailsi Link Canal,0,0
969680909,river,سدھنائی میلسی لنک نہر,0,0
970354145,stream,Unnamed Waterway,0,0
970683720,river,Chenab River,0,0
970683721,river,دریائے چناب,0,0
970758442,river,Unnamed Waterway,0,0
970758443,river,Unnamed Waterway,0,0
970758444,river,Unnamed Waterway,0,0
971273481,stream,Unnamed Waterway,0,0
971273482,stream,Unnamed Waterway,0,0
971273483,stream,Unnamed Waterway,0,0
971276340,stream,Unnamed Waterway,0,0
971276930,river,Monur Gol,0,0
971606066,river,Chashma Right Bank Canal,0,0
971688337,river,Zindai RIver,0,0
971962705,stream,Unnamed Waterway,0,0
972058743,river,استاک نالہ,0,0
972060604,river,گوژلیئی نالہ,0,0
972060607,stream,Gamuko Wae,0,0
972060608,stream,Nanglungma Wae,0,0
972060609,stream,juchio wae,0,0
972063894,stream,Unnamed Waterway,0,0
972063895,stream,Unnamed Waterway,0,0
972063896,stream,Unnamed Waterway,0,0
972071930,stream,Manonerio Wae,0,0
972165230,canal,Unnamed Waterway,0,0
972165231,canal,Unnamed Waterway,0,0
972165232,canal,Unnamed Waterway,0,0
972165233,canal,Unnamed Waterway,0,0
972169954,stream,Unnamed Waterway,0,0
972169955,stream,Unnamed Waterway,0,0
972195104,stream,Unnamed Waterway,0,0
972195105,stream,Unnamed Waterway,0,0
972242528,stream,Unnamed Waterway,0,0
972502833,river,Unnamed Waterway,0,0
972502838,river,Unnamed Waterway,0,0
972654415,river,Bulachi Gah,0,0
972654416,river,Bulachi Gah,0,0
972671724,canal,Unnamed Waterway,0,0
972678111,canal,Unnamed Waterway,0,0
972678112,canal,Unnamed Waterway,0,0
973049390,stream,Unnamed Waterway,0,0
973049391,stream,Unnamed Waterway,0,0
974052490,canal,Unnamed Waterway,0,0
974052491,canal,Unnamed Waterway,0,0
974052492,canal,Unnamed Waterway,0,0
974052493,canal,Unnamed Waterway,0,0
974066688,canal,Unnamed Waterway,0,0
974066689,canal,Unnamed Waterway,0,0
974066690,canal,Unnamed Waterway,0,0
974066691,canal,Unnamed Waterway,0,0
974066692,canal,Unnamed Waterway,0,0
974066693,canal,Unnamed Waterway,0,0
974072026,canal,Minor Canal,0,0
974072027,canal,Minor Canal,0,0
974072028,canal,Murad Canal,0,0
974072029,canal,Murad Canal,0,0
974228664,stream,Unnamed Waterway,0,0
974337066,canal,Unnamed Waterway,0,0
974337067,canal,Unnamed Waterway,0,0
974337068,canal,Unnamed Waterway,0,0
974337069,canal,Unnamed Waterway,0,0
974337070,canal,Unnamed Waterway,0,0
974337071,canal,Unnamed Waterway,0,0
974376928,stream,Unnamed Waterway,0,0
974376929,stream,Unnamed Waterway,0,0
974376930,stream,Unnamed Waterway,0,0
974376931,stream,Unnamed Waterway,0,0
974376932,stream,Unnamed Waterway,0,0
974376933,stream,Unnamed Waterway,0,0
974376934,stream,Unnamed Waterway,0,0
974376935,stream,Unnamed Waterway,0,0
974397388,stream,Unnamed Waterway,0,0
974397389,stream,Unnamed Waterway,0,0
974397390,stream,Unnamed Waterway,0,0
974397391,stream,Unnamed Waterway,0,0
974397392,stream,Unnamed Waterway,0,0
974397393,stream,Unnamed Waterway,0,0
974397394,stream,Unnamed Waterway,0,0
974397395,stream,Unnamed Waterway,0,0
974397396,stream,Unnamed Waterway,0,0
974397397,stream,Unnamed Waterway,0,0
974570464,canal,Unnamed Waterway,0,0
974570465,canal,Unnamed Waterway,0,0
974604288,canal,Dronil xhoi,0,0
974604289,canal,Dronil xhoi,0,0
974950548,stream,Iskapal Gah,0,0
974954037,stream,Khalola Gah,0,0
975173235,river,Unnamed Waterway,0,0
975173236,river,Unnamed Waterway,0,0
975173237,canal,Unnamed Waterway,0,0
975274755,river,Unnamed Waterway,0,0
975282286,canal,Unnamed Waterway,0,0
975282287,canal,Unnamed Waterway,0,0
975749708,canal,Unnamed Waterway,0,0
975749709,canal,Unnamed Waterway,0,0
975749710,canal,Unnamed Waterway,0,0
976060147,river,Unnamed Waterway,0,0
976060152,river,Unnamed Waterway,0,0
976061706,river,Unnamed Waterway,0,0
976207957,river,Unnamed Waterway,0,0
976270793,stream,Unnamed Waterway,0,0
976270796,stream,Unnamed Waterway,0,0
976273524,river,Unnamed Waterway,0,0
976364368,stream,Hub Distributory,0,0
976364369,stream,Unnamed Waterway,0,0
976366135,stream,Unnamed Waterway,0,0
976673669,river,Unnamed Waterway,0,0
976674639,river,Unnamed Waterway,0,0
976675653,stream,Unnamed Waterway,0,0
976676548,river,Unnamed Waterway,0,0
976676563,stream,Unnamed Waterway,0,0
976676564,stream,Unnamed Waterway,0,0
976676565,stream,Unnamed Waterway,0,0
976676566,stream,Unnamed Waterway,0,0
976676567,stream,Unnamed Waterway,0,0
976676568,stream,Unnamed Waterway,0,0
976676569,stream,Unnamed Waterway,0,0
976676570,stream,Unnamed Waterway,0,0
976690561,river,Unnamed Waterway,0,0
976690562,stream,Unnamed Waterway,0,0
976690563,river,Unnamed Waterway,0,0
976690564,river,Unnamed Waterway,0,0
976690565,stream,Unnamed Waterway,0,0
976690566,stream,Unnamed Waterway,0,0
976690567,stream,Unnamed Waterway,0,0
976690568,stream,Unnamed Waterway,0,0
976690569,stream,Unnamed Waterway,0,0
976690570,stream,Unnamed Waterway,0,0
976690571,stream,Unnamed Waterway,0,0
976690572,stream,Unnamed Waterway,0,0
976697524,stream,Unnamed Waterway,0,0
976697525,stream,Unnamed Waterway,0,0
976697526,stream,Unnamed Waterway,0,0
976697527,stream,Unnamed Waterway,0,0
976697528,stream,Unnamed Waterway,0,0
976697531,stream,Unnamed Waterway,0,0
976698061,stream,Unnamed Waterway,0,0
976698062,stream,Unnamed Waterway,0,0
976698064,stream,Unnamed Waterway,0,0
976698066,stream,Unnamed Waterway,0,0
976698069,stream,Unnamed Waterway,0,0
976698898,river,Unnamed Waterway,0,0
976698899,river,Unnamed Waterway,0,0
976698900,stream,Unnamed Waterway,0,0
976701389,river,Unnamed Waterway,0,0
976701390,stream,Unnamed Waterway,0,0
976701391,stream,Unnamed Waterway,0,0
976701392,stream,Unnamed Waterway,0,0
976720062,stream,Unnamed Waterway,0,0
976723885,stream,Unnamed Waterway,0,0
976723888,stream,Unnamed Waterway,0,0
976723890,river,Unnamed Waterway,0,0
976743202,river,Unnamed Waterway,0,0
976771052,river,Unnamed Waterway,0,0
976782673,stream,Unnamed Waterway,0,0
976782674,stream,Unnamed Waterway,0,0
976782684,stream,Unnamed Waterway,0,0
976782686,stream,Unnamed Waterway,0,0
976782687,stream,Unnamed Waterway,0,0
976782688,stream,Unnamed Waterway,0,0
976782689,stream,Unnamed Waterway,0,0
976782691,river,Unnamed Waterway,0,0
976782692,stream,Unnamed Waterway,0,0
976784279,stream,Unnamed Waterway,0,0
976784280,stream,Unnamed Waterway,0,0
976786136,stream,Unnamed Waterway,0,0
976788779,stream,Unnamed Waterway,0,0
976788780,stream,Unnamed Waterway,0,0
976788781,stream,Unnamed Waterway,0,0
976788782,stream,Unnamed Waterway,0,0
976796949,stream,Unnamed Waterway,0,0
976796950,stream,Unnamed Waterway,0,0
976796951,river,Unnamed Waterway,0,0
976796952,stream,Unnamed Waterway,0,0
976796953,stream,Unnamed Waterway,0,0
976796954,stream,Unnamed Waterway,0,0
976796955,stream,Unnamed Waterway,0,0
976796958,stream,Unnamed Waterway,0,0
976796961,stream,Unnamed Waterway,0,0
976798834,stream,Unnamed Waterway,0,0
976798835,stream,Unnamed Waterway,0,0
976798836,stream,Unnamed Waterway,0,0
976798837,stream,Unnamed Waterway,0,0
977029513,river,Unnamed Waterway,0,0
977522839,stream,Unnamed Waterway,0,0
977522840,stream,Unnamed Waterway,0,0
977522841,stream,Unnamed Waterway,0,0
977522842,stream,Unnamed Waterway,0,0
977522843,stream,Unnamed Waterway,0,0
977522844,stream,Unnamed Waterway,0,0
977522845,stream,Unnamed Waterway,0,0
977522846,stream,Unnamed Waterway,0,0
977522847,stream,Unnamed Waterway,0,0
977522848,stream,Unnamed Waterway,0,0
977522849,stream,Unnamed Waterway,0,0
977522850,stream,Unnamed Waterway,0,0
977527803,stream,Unnamed Waterway,0,0
977528675,stream,Unnamed Waterway,0,0
977543534,stream,Unnamed Waterway,0,0
977543535,stream,Unnamed Waterway,0,0
977554933,stream,Unnamed Waterway,0,0
977554935,river,Unnamed Waterway,0,0
977558048,river,Unnamed Waterway,0,0
977558050,stream,Unnamed Waterway,0,0
977653558,stream,Unnamed Waterway,0,0
977653560,river,Unnamed Waterway,0,0
977660295,stream,Unnamed Waterway,0,0
977660296,stream,Unnamed Waterway,0,0
977660297,stream,Unnamed Waterway,0,0
977660298,stream,Unnamed Waterway,0,0
977660301,stream,Unnamed Waterway,0,0
977660302,stream,Unnamed Waterway,0,0
977746835,river,喀拉其库尔河,0,0
977932742,stream,Unnamed Waterway,0,0
978154900,river,Unnamed Waterway,0,0
978154901,stream,Unnamed Waterway,0,0
978154902,stream,Unnamed Waterway,0,0
978154903,stream,Unnamed Waterway,0,0
978154904,stream,Unnamed Waterway,0,0
978154905,stream,Unnamed Waterway,0,0
978154907,stream,Unnamed Waterway,0,0
978154908,stream,Unnamed Waterway,0,0
978166800,stream,Unnamed Waterway,0,0
978166801,stream,Unnamed Waterway,0,0
978166816,stream,Unnamed Waterway,0,0
978166817,stream,Unnamed Waterway,0,0
978166818,stream,Unnamed Waterway,0,0
978166819,stream,Unnamed Waterway,0,0
978166820,stream,Unnamed Waterway,0,0
978166824,stream,Unnamed Waterway,0,0
978166825,stream,Unnamed Waterway,0,0
978166828,stream,Unnamed Waterway,0,0
978166829,stream,Unnamed Waterway,0,0
978364188,river,Unnamed Waterway,0,0
978364189,stream,Unnamed Waterway,0,0
978364190,stream,Unnamed Waterway,0,0
978364191,stream,Unnamed Waterway,0,0
978364192,stream,Unnamed Waterway,0,0
978367215,stream,Unnamed Waterway,0,0
978367216,stream,Unnamed Waterway,0,0
978367217,stream,Unnamed Waterway,0,0
978367218,stream,Unnamed Waterway,0,0
978367219,stream,Unnamed Waterway,0,0
978367220,stream,Unnamed Waterway,0,0
978367221,stream,Unnamed Waterway,0,0
978374239,stream,Unnamed Waterway,0,0
978374240,stream,Unnamed Waterway,0,0
978374241,stream,Unnamed Waterway,0,0
978374242,stream,Unnamed Waterway,0,0
978374243,stream,Unnamed Waterway,0,0
978374244,stream,Unnamed Waterway,0,0
978374245,stream,Unnamed Waterway,0,0
978374246,stream,Unnamed Waterway,0,0
978374247,stream,Unnamed Waterway,0,0
978374248,stream,Unnamed Waterway,0,0
978374249,stream,Unnamed Waterway,0,0
978374250,stream,Unnamed Waterway,0,0
978374251,stream,Unnamed Waterway,0,0
978374252,stream,Unnamed Waterway,0,0
978374253,stream,Unnamed Waterway,0,0
978378502,river,Unnamed Waterway,0,0
978378503,river,Unnamed Waterway,0,0
978378504,stream,Unnamed Waterway,0,0
978378506,stream,Unnamed Waterway,0,0
978378507,stream,Unnamed Waterway,0,0
978380228,stream,Unnamed Waterway,0,0
978380229,stream,Unnamed Waterway,0,0
978380230,stream,Unnamed Waterway,0,0
978380231,stream,Unnamed Waterway,0,0
978380232,stream,Unnamed Waterway,0,0
978381741,stream,Unnamed Waterway,0,0
978408309,stream,Unnamed Waterway,0,0
978408310,stream,Unnamed Waterway,0,0
978408311,stream,Unnamed Waterway,0,0
978408312,stream,Unnamed Waterway,0,0
978408313,stream,Unnamed Waterway,0,0
978408314,stream,Unnamed Waterway,0,0
978408315,stream,Unnamed Waterway,0,0
978408318,stream,Unnamed Waterway,0,0
978408319,stream,Unnamed Waterway,0,0
978408320,stream,Unnamed Waterway,0,0
978408323,stream,Unnamed Waterway,0,0
978408324,river,Unnamed Waterway,0,0
978408325,stream,Unnamed Waterway,0,0
978408326,stream,Unnamed Waterway,0,0
978408327,stream,Unnamed Waterway,0,0
978620189,river,Unnamed Waterway,0,0
978620190,river,Unnamed Waterway,0,0
978620191,river,Unnamed Waterway,0,0
978620192,river,Unnamed Waterway,0,0
978620193,river,Unnamed Waterway,0,0
978620194,stream,Unnamed Waterway,0,0
978620195,stream,Unnamed Waterway,0,0
978620196,river,Unnamed Waterway,0,0
978620197,stream,Unnamed Waterway,0,0
978620198,stream,Unnamed Waterway,0,0
978620199,river,Unnamed Waterway,0,0
978620200,stream,Unnamed Waterway,0,0
978620201,stream,Unnamed Waterway,0,0
978620202,stream,Unnamed Waterway,0,0
978620203,stream,Unnamed Waterway,0,0
978620204,stream,Unnamed Waterway,0,0
978620205,river,Unnamed Waterway,0,0
978620206,stream,Unnamed Waterway,0,0
978620207,stream,Unnamed Waterway,0,0
978620208,stream,Unnamed Waterway,0,0
978620209,stream,Unnamed Waterway,0,0
978620210,river,Unnamed Waterway,0,0
978620211,stream,Unnamed Waterway,0,0
978620212,river,Unnamed Waterway,0,0
978620213,stream,Unnamed Waterway,0,0
978620214,river,Unnamed Waterway,0,0
978620215,stream,Unnamed Waterway,0,0
978620216,stream,Unnamed Waterway,0,0
978620217,river,Mushkat Nala,0,0
978732830,stream,Unnamed Waterway,0,0
978732831,stream,Unnamed Waterway,0,0
978732832,stream,Unnamed Waterway,0,0
978732833,stream,Unnamed Waterway,0,0
978732834,stream,Unnamed Waterway,0,0
978732835,stream,Unnamed Waterway,0,0
978732836,stream,Unnamed Waterway,0,0
978732837,stream,Unnamed Waterway,0,0
978732838,stream,Unnamed Waterway,0,0
978732839,stream,Unnamed Waterway,0,0
978732840,stream,Unnamed Waterway,0,0
978732841,stream,Unnamed Waterway,0,0
979567992,canal,Unnamed Waterway,0,0
979567993,canal,Unnamed Waterway,0,0
980065099,river,Unnamed Waterway,0,0
980091258,canal,K-IV Canal,0,0
980091259,canal,K-IV Canal,0,0
980091260,canal,K-IV Canal,0,0
980091261,canal,K-IV Canal,0,0
980091262,canal,K-IV Canal,0,0
980091263,canal,K-IV Canal,0,0
980091264,canal,K-IV Canal,0,0
980091265,canal,K-IV Canal,0,0
980250306,stream,Unnamed Waterway,0,0
980250308,stream,Unnamed Waterway,0,0
980250309,stream,Unnamed Waterway,0,0
980250310,stream,Unnamed Waterway,0,0
980366462,stream,Unnamed Waterway,0,0
980366463,stream,Unnamed Waterway,0,0
980366465,stream,Unnamed Waterway,0,0
980366468,river,Unnamed Waterway,0,0
980366469,stream,Unnamed Waterway,0,0
980366470,stream,Unnamed Waterway,0,0
980366477,river,Unnamed Waterway,0,0
980366478,stream,Unnamed Waterway,0,0
980366481,stream,Unnamed Waterway,0,0
980366482,stream,Unnamed Waterway,0,0
980366483,stream,Unnamed Waterway,0,0
980366484,river,Unnamed Waterway,0,0
980366485,stream,Unnamed Waterway,0,0
980366486,stream,Unnamed Waterway,0,0
980366487,stream,Unnamed Waterway,0,0
980366488,stream,Unnamed Waterway,0,0
980366489,stream,Unnamed Waterway,0,0
980366490,stream,Unnamed Waterway,0,0
980552938,canal,Unnamed Waterway,0,0
980552939,canal,Unnamed Waterway,0,0
981331832,stream,Unnamed Waterway,0,0
981805805,stream,Unnamed Waterway,0,0
981805806,stream,Unnamed Waterway,0,0
981812125,stream,Unnamed Waterway,0,0
981812126,stream,Unnamed Waterway,0,0
981812127,stream,Unnamed Waterway,0,0
981812128,stream,Unnamed Waterway,0,0
981812129,stream,Unnamed Waterway,0,0
981812130,stream,Unnamed Waterway,0,0
981812131,stream,Unnamed Waterway,0,0
981812132,stream,Unnamed Waterway,0,0
981812133,stream,Unnamed Waterway,0,0
981812134,stream,Unnamed Waterway,0,0
981812135,stream,Unnamed Waterway,0,0
981812136,stream,Unnamed Waterway,0,0
981812137,stream,Unnamed Waterway,0,0
981812138,stream,Unnamed Waterway,0,0
981812139,stream,Unnamed Waterway,0,0
981812140,stream,Unnamed Waterway,0,0
981812141,stream,Unnamed Waterway,0,0
981812142,stream,Unnamed Waterway,0,0
983160746,river,Unnamed Waterway,0,0
983160747,river,Unnamed Waterway,0,0
983160748,river,Unnamed Waterway,0,0
983160749,river,Unnamed Waterway,0,0
983160753,river,Unnamed Waterway,0,0
983160754,river,Unnamed Waterway,0,0
983160755,river,Unnamed Waterway,0,0
983160756,river,Unnamed Waterway,0,0
983423758,stream,Unnamed Waterway,0,0
983423759,stream,Unnamed Waterway,0,0
983423798,stream,Unnamed Waterway,0,0
983423799,stream,Unnamed Waterway,0,0
983626042,stream,Unnamed Waterway,0,0
983626043,stream,Unnamed Waterway,0,0
983626044,canal,Unnamed Waterway,0,0
983626045,canal,Unnamed Waterway,0,0
983678017,stream,Unnamed Waterway,0,0
983687998,stream,Unnamed Waterway,0,0
983687999,stream,Unnamed Waterway,0,0
983688027,stream,Unnamed Waterway,0,0
983688028,stream,Unnamed Waterway,0,0
983806548,canal,Unnamed Waterway,0,0
983806549,canal,Unnamed Waterway,0,0
983806552,canal,Unnamed Waterway,0,0
983806553,canal,Unnamed Waterway,0,0
984022056,stream,Unnamed Waterway,0,0
984022057,stream,Unnamed Waterway,0,0
984089881,stream,Unnamed Waterway,0,0
984089882,stream,Unnamed Waterway,0,0
984139498,canal,Unnamed Waterway,0,0
984139499,canal,Unnamed Waterway,0,0
984141037,canal,Unnamed Waterway,0,0
984141038,stream,Unnamed Waterway,0,0
984141039,canal,Unnamed Waterway,0,0
984141040,canal,Unnamed Waterway,0,0
984141041,canal,Unnamed Waterway,0,0
984141042,canal,Unnamed Waterway,0,0
984824119,river,Unnamed Waterway,0,0
984824120,river,Unnamed Waterway,0,0
984824121,river,Unnamed Waterway,0,0
984824122,river,Unnamed Waterway,0,0
985066427,river,Unnamed Waterway,0,0
985066440,stream,Lai Nadi,0,0
985066442,stream,Lai Nadi,0,0
985066443,river,Nala Lai,0,0
985066445,stream,Unnamed Waterway,0,0
985066447,river,Nala Lai,0,0
985066448,river,Nala Lai,0,0
985066449,river,دریائے سواں,0,0
985066450,river,نالہ لئ,0,0
985101060,river,کانسی ندی,0,0
985690331,river,Unnamed Waterway,0,0
986733002,stream,Unnamed Waterway,0,0
986733013,stream,Unnamed Waterway,0,0
986735907,stream,Unnamed Waterway,0,0
986735909,stream,Unnamed Waterway,0,0
987423517,stream,Unnamed Waterway,0,0
987428326,stream,Unnamed Waterway,0,0
987428329,stream,Unnamed Waterway,0,0
987428331,stream,Unnamed Waterway,0,0
987428333,stream,Unnamed Waterway,0,0
987429012,stream,Unnamed Waterway,0,0
987449573,stream,Unnamed Waterway,0,0
987449574,stream,Unnamed Waterway,0,0
987462801,stream,Unnamed Waterway,0,0
987469986,stream,Unnamed Waterway,0,0
987469995,stream,Unnamed Waterway,0,0
987469996,stream,Unnamed Waterway,0,0
987469997,stream,Unnamed Waterway,0,0
987486279,stream,Unnamed Waterway,0,0
987534579,stream,B.R.B.D. Canal (unused),0,0
990177214,stream,Unnamed Waterway,0,0
990177215,stream,Unnamed Waterway,0,0
990483692,stream,Unnamed Waterway,0,0
990487044,stream,Unnamed Waterway,0,0
990490497,stream,Unnamed Waterway,0,0
990490498,stream,Unnamed Waterway,0,0
990490499,stream,Unnamed Waterway,0,0
991009657,stream,Unnamed Waterway,0,0
991460573,stream,Unnamed Waterway,0,0
991460591,stream,Unnamed Waterway,0,0
991463924,river,Unnamed Waterway,0,0
991463925,stream,Unnamed Waterway,0,0
991463926,stream,Unnamed Waterway,0,0
991510806,stream,Unnamed Waterway,0,0
991666738,stream,Unnamed Waterway,0,0
991666746,stream,Unnamed Waterway,0,0
991666747,stream,Unnamed Waterway,0,0
991666750,stream,Unnamed Waterway,0,0
992498510,stream,Unnamed Waterway,0,0
992498511,stream,Unnamed Waterway,0,0
992737348,stream,Gologh,0,0
992740790,river,Gologh,0,0
993306235,river,Unnamed Waterway,0,0
993306236,stream,Unnamed Waterway,0,0
993306237,stream,Unnamed Waterway,0,0
993306240,stream,Unnamed Waterway,0,0
993306241,river,Unnamed Waterway,0,0
993413618,stream,Unnamed Waterway,0,0
993413619,stream,Unnamed Waterway,0,0
993413620,stream,Unnamed Waterway,0,0
993413621,stream,Unnamed Waterway,0,0
993413622,stream,Unnamed Waterway,0,0
993413623,stream,Unnamed Waterway,0,0
993413624,stream,Unnamed Waterway,0,0
993416061,stream,Unnamed Waterway,0,0
993418126,stream,Unnamed Waterway,0,0
993418127,stream,Unnamed Waterway,0,0
993418128,stream,Unnamed Waterway,0,0
993418129,stream,Unnamed Waterway,0,0
993418130,stream,Unnamed Waterway,0,0
993418134,stream,Unnamed Waterway,0,0
993418701,stream,Unnamed Waterway,0,0
993418702,stream,Unnamed Waterway,0,0
993418703,stream,Unnamed Waterway,0,0
993418704,stream,Unnamed Waterway,0,0
993418705,stream,Unnamed Waterway,0,0
993420143,stream,Unnamed Waterway,0,0
993420146,stream,Unnamed Waterway,0,0
993420147,stream,Unnamed Waterway,0,0
993420148,stream,Unnamed Waterway,0,0
993420149,stream,Unnamed Waterway,0,0
993420150,stream,Unnamed Waterway,0,0
993420151,stream,Unnamed Waterway,0,0
993420152,stream,Unnamed Waterway,0,0
993420153,stream,Unnamed Waterway,0,0
993725373,stream,Unnamed Waterway,0,0
993826771,canal,Unnamed Waterway,0,0
993826772,canal,Unnamed Waterway,0,0
993904629,stream,Unnamed Waterway,0,0
993904630,stream,Unnamed Waterway,0,0
993904632,stream,Unnamed Waterway,0,0
993904633,stream,Unnamed Waterway,0,0
993904634,stream,Unnamed Waterway,0,0
993904635,stream,Unnamed Waterway,0,0
993927398,river,Unnamed Waterway,0,0
993927399,river,Unnamed Waterway,0,0
994057986,canal,Unnamed Waterway,0,0
994057987,canal,Deowal Distributary,0,0
994057988,canal,Unnamed Waterway,0,0
994057989,canal,Unnamed Waterway,0,0
994057990,canal,Deowal Distributary,0,0
994057991,canal,Unnamed Waterway,0,0
994057992,canal,Deowal Distributary,0,0
994057993,canal,Unnamed Waterway,0,0
994080708,canal,Unnamed Waterway,0,0
994080709,canal,Rukan Minor,0,0
994080714,canal,Unnamed Waterway,0,0
994080715,canal,Rukan Minor,0,0
994081102,canal,Rukan Minor,0,0
994867152,river,Unnamed Waterway,0,0
994867153,river,Unnamed Waterway,0,0
994876750,stream,Unnamed Waterway,0,0
994898897,river,دریائے راوی,0,0
995019343,canal,Lower Chenab Canal,0,0
995019344,canal,Lower Chenab Canal,0,0
995266890,canal,Unnamed Waterway,0,0
995266891,canal,Unnamed Waterway,0,0
995266892,canal,Unnamed Waterway,0,0
995266893,canal,Unnamed Waterway,0,0
995266894,canal,Unnamed Waterway,0,0
995266895,canal,Unnamed Waterway,0,0
995266897,canal,Unnamed Waterway,0,0
995266898,canal,Unnamed Waterway,0,0
995266924,canal,Unnamed Waterway,0,0
995313219,canal,Unnamed Waterway,0,0
995313220,canal,Unnamed Waterway,0,0
995315135,canal,Unnamed Waterway,0,0
995315136,canal,Unnamed Waterway,0,0
995323136,canal,Unnamed Waterway,0,0
995323137,canal,Bar Musa Distributary,0,0
995323138,canal,Unnamed Waterway,0,0
995323139,canal,Unnamed Waterway,0,0
995323140,canal,Unnamed Waterway,0,0
995323141,canal,Unnamed Waterway,0,0
995323142,canal,Unnamed Waterway,0,0
995323143,canal,Unnamed Waterway,0,0
995331700,canal,Unnamed Waterway,0,0
995331701,canal,Unnamed Waterway,0,0
995331704,canal,Unnamed Waterway,0,0
995331705,canal,Unnamed Waterway,0,0
995331720,canal,Bhallowal Distributary,0,0
995338079,canal,Unnamed Waterway,0,0
995338080,canal,Unnamed Waterway,0,0
995338081,canal,Unnamed Waterway,0,0
995338082,canal,Unnamed Waterway,0,0
995338083,canal,Unnamed Waterway,0,0
995338084,canal,Unnamed Waterway,0,0
995345290,canal,Unnamed Waterway,0,0
995345291,canal,Unnamed Waterway,0,0
995345292,canal,Unnamed Waterway,0,0
995345293,canal,Unnamed Waterway,0,0
995345295,canal,Unnamed Waterway,0,0
995609986,canal,Muridke Distributary,0,0
995609987,canal,Muridke Distributary,0,0
996053763,stream,Unnamed Waterway,0,0
996053764,stream,Unnamed Waterway,0,0
996053765,stream,Unnamed Waterway,0,0
996095894,stream,Unnamed Waterway,0,0
996095902,stream,Unnamed Waterway,0,0
996095903,stream,Unnamed Waterway,0,0
996095904,stream,Unnamed Waterway,0,0
996095905,stream,Unnamed Waterway,0,0
996095906,stream,Unnamed Waterway,0,0
996095907,stream,Unnamed Waterway,0,0
996095908,stream,Unnamed Waterway,0,0
996095909,stream,Unnamed Waterway,0,0
996095910,stream,Unnamed Waterway,0,0
996095911,stream,Unnamed Waterway,0,0
996095912,stream,Unnamed Waterway,0,0
996095913,stream,Unnamed Waterway,0,0
996095914,stream,Unnamed Waterway,0,0
996095915,stream,Unnamed Waterway,0,0
996095916,stream,Unnamed Waterway,0,0
996095917,stream,Unnamed Waterway,0,0
996095918,stream,Unnamed Waterway,0,0
996363457,canal,Unnamed Waterway,0,0
997265595,stream,Unnamed Waterway,0,0
997269350,stream,Unnamed Waterway,0,0
997269351,stream,Unnamed Waterway,0,0
997269352,stream,Unnamed Waterway,0,0
997269353,stream,Unnamed Waterway,0,0
997269354,stream,Unnamed Waterway,0,0
997269355,stream,Unnamed Waterway,0,0
997272630,stream,Unnamed Waterway,0,0
997272631,stream,Unnamed Waterway,0,0
997272632,stream,Unnamed Waterway,0,0
997275595,canal,Unnamed Waterway,0,0
997275596,canal,Unnamed Waterway,0,0
997549301,stream,Unnamed Waterway,0,0
997549302,stream,Unnamed Waterway,0,0
997549315,stream,Unnamed Waterway,0,0
997549316,stream,Unnamed Waterway,0,0
997549317,river,Unnamed Waterway,0,0
997551204,stream,Unnamed Waterway,0,0
997551207,stream,Unnamed Waterway,0,0
997552661,stream,Unnamed Waterway,0,0
997552662,stream,Unnamed Waterway,0,0
997553100,stream,Unnamed Waterway,0,0
997556001,stream,Unnamed Waterway,0,0
997556002,stream,Unnamed Waterway,0,0
997556003,stream,Unnamed Waterway,0,0
997682042,river,Unnamed Waterway,0,0
997682044,stream,Unnamed Waterway,0,0
997682045,stream,Unnamed Waterway,0,0
997682046,stream,Unnamed Waterway,0,0
997682047,stream,Unnamed Waterway,0,0
997682048,stream,Unnamed Waterway,0,0
997682049,stream,Unnamed Waterway,0,0
997685109,stream,Unnamed Waterway,0,0
997685110,stream,Unnamed Waterway,0,0
997685111,stream,Unnamed Waterway,0,0
997685112,stream,Unnamed Waterway,0,0
997685113,stream,Unnamed Waterway,0,0
997685114,stream,Unnamed Waterway,0,0
997685115,stream,Unnamed Waterway,0,0
997685116,stream,Unnamed Waterway,0,0
997685117,stream,Unnamed Waterway,0,0
997685118,stream,Unnamed Waterway,0,0
997685119,stream,Unnamed Waterway,0,0
997685120,stream,Unnamed Waterway,0,0
997687063,stream,Unnamed Waterway,0,0
997726079,stream,Unnamed Waterway,0,0
997726964,stream,Unnamed Waterway,0,0
997726965,stream,Unnamed Waterway,0,0
997726966,stream,Unnamed Waterway,0,0
997737096,stream,Unnamed Waterway,0,0
997737097,stream,Unnamed Waterway,0,0
997737098,stream,Unnamed Waterway,0,0
997737099,stream,Unnamed Waterway,0,0
997737100,stream,Unnamed Waterway,0,0
997737101,stream,Unnamed Waterway,0,0
997737102,stream,Unnamed Waterway,0,0
997737103,stream,Unnamed Waterway,0,0
997737104,stream,Unnamed Waterway,0,0
997738026,stream,Unnamed Waterway,0,0
997738029,stream,Unnamed Waterway,0,0
997738030,stream,Unnamed Waterway,0,0
997900282,stream,Unnamed Waterway,0,0
997900286,stream,Unnamed Waterway,0,0
997900287,stream,Unnamed Waterway,0,0
997900288,stream,Unnamed Waterway,0,0
997900289,stream,Unnamed Waterway,0,0
997900290,stream,Unnamed Waterway,0,0
997900291,stream,Unnamed Waterway,0,0
997900292,stream,Unnamed Waterway,0,0
997900293,stream,Unnamed Waterway,0,0
997900294,stream,Unnamed Waterway,0,0
997900295,stream,Unnamed Waterway,0,0
997900296,stream,Unnamed Waterway,0,0
997900297,stream,Unnamed Waterway,0,0
997900298,stream,Unnamed Waterway,0,0
997900299,stream,Unnamed Waterway,0,0
997923801,river,Unnamed Waterway,0,0
997923802,stream,Unnamed Waterway,0,0
997923803,stream,Unnamed Waterway,0,0
997923804,stream,Unnamed Waterway,0,0
997923805,stream,Unnamed Waterway,0,0
997923806,stream,Unnamed Waterway,0,0
997923807,stream,Unnamed Waterway,0,0
997923808,stream,Unnamed Waterway,0,0
997923809,stream,Unnamed Waterway,0,0
997923810,stream,Unnamed Waterway,0,0
997923811,stream,Unnamed Waterway,0,0
997923812,stream,Unnamed Waterway,0,0
997923813,stream,Unnamed Waterway,0,0
997923814,stream,Unnamed Waterway,0,0
997930952,stream,Unnamed Waterway,0,0
997930953,stream,Unnamed Waterway,0,0
997930954,stream,Unnamed Waterway,0,0
997930955,stream,Unnamed Waterway,0,0
997930956,stream,Unnamed Waterway,0,0
997930957,stream,Unnamed Waterway,0,0
997930958,stream,Unnamed Waterway,0,0
997930959,stream,Unnamed Waterway,0,0
997930960,stream,Unnamed Waterway,0,0
997930961,stream,Unnamed Waterway,0,0
997930962,stream,Unnamed Waterway,0,0
997930963,stream,Unnamed Waterway,0,0
997930964,stream,Unnamed Waterway,0,0
997933429,stream,Unnamed Waterway,0,0
997933430,stream,Unnamed Waterway,0,0
998178588,canal,Unnamed Waterway,0,0
998178589,canal,Unnamed Waterway,0,0
998181973,canal,Unnamed Waterway,0,0
998237803,canal,Unnamed Waterway,0,0
998237804,canal,Unnamed Waterway,0,0
998237805,canal,Unnamed Waterway,0,0
998237806,canal,Unnamed Waterway,0,0
998243527,canal,Unnamed Waterway,0,0
998243528,canal,Unnamed Waterway,0,0
998476285,canal,Unnamed Waterway,0,0
998476286,canal,Unnamed Waterway,0,0
998476287,canal,Unnamed Waterway,0,0
998476288,canal,Unnamed Waterway,0,0
998476289,canal,Unnamed Waterway,0,0
998476290,canal,Unnamed Waterway,0,0
998476291,canal,Unnamed Waterway,0,0
998476292,canal,Unnamed Waterway,0,0
998476293,canal,Unnamed Waterway,0,0
998476294,canal,Unnamed Waterway,0,0
998476295,canal,Unnamed Waterway,0,0
998476296,canal,Unnamed Waterway,0,0
998476297,canal,Unnamed Waterway,0,0
998476298,canal,Unnamed Waterway,0,0
998476299,canal,Unnamed Waterway,0,0
998476300,canal,Unnamed Waterway,0,0
998788178,canal,Unnamed Waterway,0,0
998788179,canal,kamoke,0,0
1000505827,canal,Unnamed Waterway,0,0
1000505828,canal,Unnamed Waterway,0,0
1000505829,canal,Unnamed Waterway,0,0
1000505830,canal,Unnamed Waterway,0,0
1000586500,stream,Unnamed Waterway,0,0
1000586504,stream,Unnamed Waterway,0,0
1000586506,stream,Unnamed Waterway,0,0
1000586507,stream,Unnamed Waterway,0,0
1000586508,stream,Unnamed Waterway,0,0
1000586509,stream,Unnamed Waterway,0,0
1000586510,stream,Unnamed Waterway,0,0
1000586511,stream,Unnamed Waterway,0,0
1000586512,stream,Unnamed Waterway,0,0
1000586513,stream,Unnamed Waterway,0,0
1000586514,stream,Unnamed Waterway,0,0
1000586515,stream,Unnamed Waterway,0,0
1000586516,stream,Unnamed Waterway,0,0
1000586517,stream,Unnamed Waterway,0,0
1000586520,stream,Unnamed Waterway,0,0
1000586521,stream,Unnamed Waterway,0,0
1001537826,stream,Unnamed Waterway,0,0
1001537827,stream,Unnamed Waterway,0,0
1001552862,canal,Unnamed Waterway,0,0
1001876923,canal,Unnamed Waterway,0,0
1001876924,canal,Unnamed Waterway,0,0
1001876933,canal,Unnamed Waterway,0,0
1001876934,canal,Unnamed Waterway,0,0
1001876944,canal,Unnamed Waterway,0,0
1001876945,canal,Unnamed Waterway,0,0
1001876946,canal,Unnamed Waterway,0,0
1001876947,canal,Unnamed Waterway,0,0
1001876948,canal,Unnamed Waterway,0,0
1001876949,canal,Unnamed Waterway,0,0
1001876958,canal,Unnamed Waterway,0,0
1001876959,canal,Unnamed Waterway,0,0
1001876960,canal,Unnamed Waterway,0,0
1001876961,canal,Unnamed Waterway,0,0
1001876962,canal,Unnamed Waterway,0,0
1001876963,canal,Unnamed Waterway,0,0
1001876964,canal,Unnamed Waterway,0,0
1001876965,canal,Unnamed Waterway,0,0
1001876966,canal,Unnamed Waterway,0,0
1001876967,canal,Unnamed Waterway,0,0
1001876972,canal,Unnamed Waterway,0,0
1001876973,canal,Unnamed Waterway,0,0
1001876974,canal,Unnamed Waterway,0,0
1001876975,canal,Unnamed Waterway,0,0
1001876978,canal,Unnamed Waterway,0,0
1001876979,canal,Unnamed Waterway,0,0
1001880548,canal,Upper Sohag Branch,0,0
1001880549,canal,Upper Sohag Branch,0,0
1001880552,canal,Upper Sohag Branch,0,0
1001880553,canal,Upper Sohag Branch,0,0
1001880554,canal,Upper Sohag Branch,0,0
1001880555,canal,Upper Sohag Branch,0,0
1001880558,canal,Upper Sohag Branch,0,0
1001880559,canal,Upper Sohag Branch,0,0
1001880561,canal,Upper Sohag Branch,0,0
1001880562,canal,Upper Sohag Branch,0,0
1001880563,canal,Upper Sohag Branch,0,0
1001880564,canal,Upper Sohag Branch,0,0
1001880567,canal,Upper Sohag Branch,0,0
1001880568,canal,Upper Sohag Branch,0,0
1001880571,canal,Upper Sohag Branch,0,0
1001880572,canal,Upper Sohag Branch,0,0
1001880573,canal,Upper Sohag Branch,0,0
1001880574,canal,Upper Sohag Branch,0,0
1001897544,canal,Unnamed Waterway,0,0
1001897545,canal,Unnamed Waterway,0,0
1001897548,canal,Unnamed Waterway,0,0
1001897549,canal,Unnamed Waterway,0,0
1001897552,canal,Unnamed Waterway,0,0
1001897553,canal,Unnamed Waterway,0,0
1001897554,canal,Unnamed Waterway,0,0
1001897555,canal,Unnamed Waterway,0,0
1001898382,canal,Saharan Minor,0,0
1001898383,canal,Unnamed Waterway,0,0
1001898388,canal,Saharan Minor,0,0
1001898389,canal,Unnamed Waterway,0,0
1001898390,canal,Handal Distributary,0,0
1001898391,canal,Unnamed Waterway,0,0
1001898392,canal,Saharan Minor,0,0
1001898393,canal,Unnamed Waterway,0,0
1001910733,canal,Madhora Distributary,0,0
1001910734,canal,Madhora Distributary,0,0
1001910735,canal,Dhohatta Distributary,0,0
1001910736,canal,Channi Distributary,0,0
1001910737,canal,Nazar Abbas Distributary,0,0
1001910738,canal,Unnamed Waterway,0,0
1001910739,canal,Unnamed Waterway,0,0
1001910761,canal,Unnamed Waterway,0,0
1001910762,canal,Unnamed Waterway,0,0
1001910771,canal,Nazar Abbas Distributary,0,0
1001910772,canal,Nazar Abbas Distributary,0,0
1001910779,canal,Ahmadpur Main Drain,0,0
1001910787,canal,Ahmadpur Main Drain,0,0
1001910795,canal,Gajar Gola Distributary,0,0
1001910796,canal,Gajar Gola Distributary,0,0
1001910797,canal,Jandoki Distributary,0,0
1001910798,canal,Jandoki Distributary,0,0
1001910803,canal,Gajar Gola Distributary,0,0
1001910804,canal,Gajar Gola Distributary,0,0
1001940725,river,Unnamed Waterway,0,0
1001943410,river,Unnamed Waterway,0,0
1002109098,stream,Unnamed Waterway,0,0
1002134290,stream,Unnamed Waterway,0,0
1002134291,stream,Unnamed Waterway,0,0
1002134296,stream,Unnamed Waterway,0,0
1002134297,stream,Unnamed Waterway,0,0
1003745508,canal,Unnamed Waterway,0,0
1003745509,canal,Unnamed Waterway,0,0
1003745510,canal,Unnamed Waterway,0,0
1003745511,canal,Unnamed Waterway,0,0
1003745514,canal,Unnamed Waterway,0,0
1003745515,canal,Unnamed Waterway,0,0
1003745517,canal,Unnamed Waterway,0,0
1004154600,canal,Naushahra Distributary,0,0
1004154601,canal,Unnamed Waterway,0,0
1004159683,canal,Unnamed Waterway,0,0
1004159684,canal,Unnamed Waterway,0,0
1004164281,canal,Unnamed Waterway,0,0
1004164282,canal,Unnamed Waterway,0,0
1004164283,canal,Najeeb Wah,0,0
1004164284,canal,Najeeb Wah,0,0
1004164311,canal,Unnamed Waterway,0,0
1004164312,canal,Unnamed Waterway,0,0
1004164315,canal,Fateh Canal,0,0
1004164316,canal,Fateh Canal,0,0
1004164319,canal,Fateh Canal,0,0
1004164320,canal,Murad Canal,0,0
1004164321,canal,Murad Canal,0,0
1004164322,canal,Malik Branch Canal,0,0
1004164323,canal,Malik Branch Canal,0,0
1004164331,canal,Unnamed Waterway,0,0
1004164332,canal,Unnamed Waterway,0,0
1004164333,canal,Unnamed Waterway,0,0
1004164334,canal,Unnamed Waterway,0,0
1004164335,canal,Unnamed Waterway,0,0
1004164336,canal,Unnamed Waterway,0,0
1004164337,canal,Unnamed Waterway,0,0
1004164338,canal,Unnamed Waterway,0,0
1004164339,canal,Unnamed Waterway,0,0
1004164340,canal,Unnamed Waterway,0,0
1004164342,canal,Fateh Canal,0,0
1004164343,canal,Fateh Canal,0,0
1004164344,canal,Fateh Canal,0,0
1004164345,canal,Fateh Canal,0,0
1004166967,canal,Unnamed Waterway,0,0
1004166968,canal,Unnamed Waterway,0,0
1004166969,canal,Unnamed Waterway,0,0
1004166970,canal,Unnamed Waterway,0,0
1004166971,canal,Unnamed Waterway,0,0
1004166972,canal,Unnamed Waterway,0,0
1004166989,canal,Unnamed Waterway,0,0
1004166990,canal,Unnamed Waterway,0,0
1004166991,canal,Unnamed Waterway,0,0
1004166992,canal,Unnamed Waterway,0,0
1004166993,canal,Unnamed Waterway,0,0
1004166994,canal,Unnamed Waterway,0,0
1004166995,canal,Unnamed Waterway,0,0
1004166996,canal,Unnamed Waterway,0,0
1004166997,canal,Unnamed Waterway,0,0
1004166998,canal,Unnamed Waterway,0,0
1004166999,canal,Unnamed Waterway,0,0
1004167000,canal,Unnamed Waterway,0,0
1004177137,canal,Unnamed Waterway,0,0
1004177138,canal,Unnamed Waterway,0,0
1004179997,canal,Unnamed Waterway,0,0
1004179998,canal,Unnamed Waterway,0,0
1004180008,river,Beas River,0,0
1004180013,river,پرانا دریائے بیاس,0,0
1004180014,river,Unnamed Waterway,0,0
1004180017,river,Beas River,0,0
1004225516,canal,Unnamed Waterway,0,0
1004225517,canal,Unnamed Waterway,0,0
1004234721,canal,Unnamed Waterway,0,0
1004234722,canal,Unnamed Waterway,0,0
1004234723,canal,Unnamed Waterway,0,0
1004234724,canal,Unnamed Waterway,0,0
1004234725,canal,لوئر پاکپتن نہر,0,0
1004234726,canal,Unnamed Waterway,0,0
1004234727,canal,Unnamed Waterway,0,0
1004234728,canal,Unnamed Waterway,0,0
1004234747,canal,Unnamed Waterway,0,0
1004234748,canal,Unnamed Waterway,0,0
1004234751,stream,باری دوآب,0,0
1004234752,canal,Bari Doab Canal,0,0
1004234757,river,Sidhnai Mailsi Link Canal,0,0
1004234758,river,Sidhnai Mailsi Link Canal,0,0
1004234761,canal,Bari Doab Canal,0,0
1004234762,canal,Bari Doab Canal,0,0
1004236003,canal,لوئر پاکپتن نہر,0,0
1004236004,canal,Unnamed Waterway,0,0
1004238064,canal,Fateh Muhammad Distributary,0,0
1004238065,canal,Unnamed Waterway,0,0
1004238066,canal,Unnamed Waterway,0,0
1004238067,canal,Unnamed Waterway,0,0
1004238068,canal,Unnamed Waterway,0,0
1004238071,canal,Unnamed Waterway,0,0
1004238072,canal,Unnamed Waterway,0,0
1004238073,canal,Unnamed Waterway,0,0
1004238074,canal,Unnamed Waterway,0,0
1004238075,canal,Unnamed Waterway,0,0
1004238085,canal,Unnamed Waterway,0,0
1004238086,canal,Unnamed Waterway,0,0
1004239518,canal,Unnamed Waterway,0,0
1004239520,canal,Unnamed Waterway,0,0
1004239521,canal,Unnamed Waterway,0,0
1004239522,canal,Unnamed Waterway,0,0
1004239523,canal,Unnamed Waterway,0,0
1004239526,canal,Unnamed Waterway,0,0
1004239527,canal,Unnamed Waterway,0,0
1004239528,canal,Shorkot Distributary,0,0
1004239535,canal,Unnamed Waterway,0,0
1004239536,canal,Unnamed Waterway,0,0
1004239551,canal,Shorkot Distributary,0,0
1004239552,canal,Unnamed Waterway,0,0
1004243192,canal,Unnamed Waterway,0,0
1004243199,canal,Unnamed Waterway,0,0
1004243200,canal,Unnamed Waterway,0,0
1004336694,canal,Unnamed Waterway,0,0
1004336775,canal,Unnamed Waterway,0,0
1004336776,canal,Unnamed Waterway,0,0
1004336777,canal,Unnamed Waterway,0,0
1004336778,canal,Unnamed Waterway,0,0
1004336779,canal,Unnamed Waterway,0,0
1004336780,canal,Unnamed Waterway,0,0
1004336789,canal,Unnamed Waterway,0,0
1004336790,canal,Unnamed Waterway,0,0
1004336791,canal,Unnamed Waterway,0,0
1004336792,canal,Unnamed Waterway,0,0
1004336793,canal,Unnamed Waterway,0,0
1004336794,canal,Unnamed Waterway,0,0
1004336795,canal,Unnamed Waterway,0,0
1004336806,canal,منٹگمری پاکپتن لنک نہر,0,0
1004336807,canal,Unnamed Waterway,0,0
1004336812,canal,Unnamed Waterway,0,0
1004336813,canal,Unnamed Waterway,0,0
1004336814,canal,Unnamed Waterway,0,0
1004336815,canal,Unnamed Waterway,0,0
1004336816,canal,Unnamed Waterway,0,0
1004336817,canal,Unnamed Waterway,0,0
1004336824,canal,Unnamed Waterway,0,0
1004336825,canal,Unnamed Waterway,0,0
1004336836,canal,Unnamed Waterway,0,0
1004336837,canal,Unnamed Waterway,0,0
1004348996,stream,نری‌ تېزرود,0,0
1004606385,canal,Unnamed Waterway,0,0
1004606386,canal,Unnamed Waterway,0,0
1005012336,stream,Nallah Lai,0,0
1005012337,stream,Nallah Lai,0,0
1005012338,stream,Nallah Lai,0,0
1005012339,stream,Nallah Lai,0,0
1005012340,stream,Nallah Lai,0,0
1005012341,stream,Nallah Lai,0,0
1005012342,stream,Nallah Lai,0,0
1005012343,stream,Nallah Lai,0,0
1005012344,stream,Nallah Lai,0,0
1005012345,stream,Nallah Lai,0,0
1005012346,stream,Nallah Lai,0,0
1005012347,stream,Nallah Lai,0,0
1005446293,canal,Unnamed Waterway,0,0
1005999738,canal,Unnamed Waterway,0,0
1006007916,canal,Unnamed Waterway,0,0
1006007917,canal,Unnamed Waterway,0,0
1009679335,stream,Unnamed Waterway,0,0
1010039628,canal,Lagar Distributary,0,0
1010039629,canal,Unnamed Waterway,0,0
1010039633,canal,Unnamed Waterway,0,0
1010039639,canal,Unnamed Waterway,0,0
1010039640,canal,Lagar Distributary,0,0
1010039641,canal,Lagar Distributary,0,0
1010039657,canal,Unnamed Waterway,0,0
1010039658,canal,Unnamed Waterway,0,0
1010039659,canal,Unnamed Waterway,0,0
1013087843,stream,Unnamed Waterway,0,0
1013442675,canal,Unnamed Waterway,0,0
1013442676,canal,Unnamed Waterway,0,0
1013604578,river,Unnamed Waterway,0,0
1013604579,canal,Unnamed Waterway,0,0
1014960623,canal,Unnamed Waterway,0,0
1014960624,canal,Unnamed Waterway,0,0
1014960642,canal,Unnamed Waterway,0,0
1014960643,canal,Unnamed Waterway,0,0
1014960644,canal,Unnamed Waterway,0,0
1014960645,canal,Unnamed Waterway,0,0
1015354547,river,Ravi,0,0
1015354548,river,دریائے راوی,0,0
1015354550,river,دریائے راوی,0,0
1015354575,canal,Unnamed Waterway,0,0
1015354576,canal,Unnamed Waterway,0,0
1015354577,canal,Unnamed Waterway,0,0
1015354578,canal,Unnamed Waterway,0,0
1015354579,canal,Unnamed Waterway,0,0
1015354580,canal,Unnamed Waterway,0,0
1015354581,canal,Unnamed Waterway,0,0
1015354582,canal,Unnamed Waterway,0,0
1015354583,canal,Unnamed Waterway,0,0
1015354584,canal,Unnamed Waterway,0,0
1015361563,canal,Turkwind Distributary,0,0
1015361564,canal,Turkwind Distributary,0,0
1015361565,canal,Turkwind Distributary,0,0
1015361566,canal,Turkwind Distributary,0,0
1015361585,canal,Unnamed Waterway,0,0
1015691606,canal,Unnamed Waterway,0,0
1015691607,canal,Unnamed Waterway,0,0
1015721001,stream,سایندک ته بهېدونکی لښتی,0,0
1015996804,river,پرانا دریائے بیاس,0,0
1015996805,river,پرانا دریائے بیاس,0,0
1015996806,canal,Beas Canal,0,0
1015996833,canal,Unnamed Waterway,0,0
1015996834,river,Unnamed Waterway,0,0
1015996835,canal,Unnamed Waterway,0,0
1015996836,canal,Unnamed Waterway,0,0
1015996837,canal,Unnamed Waterway,0,0
1015996838,canal,Unnamed Waterway,0,0
1016293763,canal,Unnamed Waterway,0,0
1016684422,canal,Unnamed Waterway,0,0
1016684423,canal,Unnamed Waterway,0,0
1016684424,canal,Unnamed Waterway,0,0
1016684425,canal,Unnamed Waterway,0,0
1016684426,canal,Unnamed Waterway,0,0
1016684427,canal,Unnamed Waterway,0,0
1016684428,canal,Unnamed Waterway,0,0
1016684429,canal,Unnamed Waterway,0,0
1016684430,canal,Unnamed Waterway,0,0
1016684431,canal,Unnamed Waterway,0,0
1016684432,canal,Unnamed Waterway,0,0
1016684433,canal,Unnamed Waterway,0,0
1016684434,canal,Unnamed Waterway,0,0
1016684435,canal,Unnamed Waterway,0,0
1016684436,canal,Unnamed Waterway,0,0
1016684437,canal,Unnamed Waterway,0,0
1016684438,canal,Unnamed Waterway,0,0
1016684439,canal,Unnamed Waterway,0,0
1016684450,canal,Unnamed Waterway,0,0
1016684451,canal,Unnamed Waterway,0,0
1016684458,canal,Unnamed Waterway,0,0
1016684459,canal,Unnamed Waterway,0,0
1016684481,canal,Unnamed Waterway,0,0
1016684482,canal,Unnamed Waterway,0,0
1017299551,canal,Unnamed Waterway,0,0
1017955052,river,Unnamed Waterway,0,0
1017955061,river,دریائے ستلج,0,0
1017955063,river,Sutlej,0,0
1017955065,river,دریائے ستلج,0,0
1017955067,river,دریائے ستلج,0,0
1017955069,river,دریائے ستلج,0,0
1017960340,canal,Unnamed Waterway,0,0
1017960341,canal,Ratto Kalar Distributary,0,0
1017960342,canal,Unnamed Waterway,0,0
1018557780,river,Mehar Branch,0,0
1018557781,river,Mehar Branch,0,0
1018557784,river,Unnamed Waterway,0,0
1018651321,canal,ایچوگل نہر,0,0
1018655054,canal,ایچوگل نہر,0,0
1018687513,canal,Aruri Distributary,0,0
1018687514,canal,Aruri Distributary,0,0
1018687523,canal,Aruri Distributary,0,0
1018687524,canal,Aruri Distributary,0,0
1018687527,canal,Lower Chenab Canal,0,0
1018687528,canal,Lower Chenab Canal,0,0
1018687529,canal,Unnamed Waterway,0,0
1018687530,canal,Drain,0,0
1018687531,canal,Unnamed Waterway,0,0
1018687532,stream,Drain,0,0
1018687538,canal,Unnamed Waterway,0,0
1018687539,canal,Unnamed Waterway,0,0
1018687540,canal,Unnamed Waterway,0,0
1018687541,canal,Unnamed Waterway,0,0
1018687542,canal,Unnamed Waterway,0,0
1018687543,canal,Unnamed Waterway,0,0
1018687544,canal,Unnamed Waterway,0,0
1018687545,canal,Unnamed Waterway,0,0
1018687550,canal,Unnamed Waterway,0,0
1018687551,canal,Unnamed Waterway,0,0
1018699957,canal,Unnamed Waterway,0,0
1018699958,canal,Unnamed Waterway,0,0
1018702300,canal,Unnamed Waterway,0,0
1018702301,canal,Unnamed Waterway,0,0
1018702304,canal,Unnamed Waterway,0,0
1018702305,canal,Unnamed Waterway,0,0
1018980067,river,دریائے توی,0,0
1019013252,stream,Unnamed Waterway,0,0
1019013253,river,Unnamed Waterway,0,0
1019013254,river,Unnamed Waterway,0,0
1019013255,stream,Unnamed Waterway,0,0
1019014014,stream,Unnamed Waterway,0,0
1019221469,river,Unnamed Waterway,0,0
1019494398,river,Unnamed Waterway,0,0
1019494399,river,Unnamed Waterway,0,0
1019494400,river,Unnamed Waterway,0,0
1019494401,river,Unnamed Waterway,0,0
1019513025,canal,Unnamed Waterway,0,0
1019527575,canal,جلالپور کینال,0,0
1020004993,canal,Unnamed Waterway,0,0
1020004994,canal,Unnamed Waterway,0,0
1020004999,canal,Unnamed Waterway,0,0
1020005000,canal,Unnamed Waterway,0,0
1020005003,canal,Unnamed Waterway,0,0
1020005004,canal,Unnamed Waterway,0,0
1020007886,river,Unnamed Waterway,0,0
1020007888,river,Unnamed Waterway,0,0
1020007889,river,Unnamed Waterway,0,0
1020007897,river,Unnamed Waterway,0,0
1020010426,canal,Unnamed Waterway,0,0
1020010427,canal,Unnamed Waterway,0,0
1020010430,canal,Unnamed Waterway,0,0
1020010431,canal,Unnamed Waterway,0,0
1020619479,stream,Unnamed Waterway,0,0
1020628874,river,Unnamed Waterway,0,0
1020646765,stream,Unnamed Waterway,0,0
1020646766,stream,Unnamed Waterway,0,0
1021167021,canal,Unnamed Waterway,0,0
1021167022,canal,Unnamed Waterway,0,0
1021550643,stream,Unnamed Waterway,0,0
1021550645,stream,Unnamed Waterway,0,0
1021550646,stream,Unnamed Waterway,0,0
1021550647,stream,Unnamed Waterway,0,0
1021550648,stream,Unnamed Waterway,0,0
1021550649,stream,Unnamed Waterway,0,0
1021550650,river,Unnamed Waterway,0,0
1021550652,river,Unnamed Waterway,0,0
1021550653,river,Unnamed Waterway,0,0
1021550658,stream,Unnamed Waterway,0,0
1021550659,stream,Unnamed Waterway,0,0
1021550660,stream,Unnamed Waterway,0,0
1021550661,stream,Unnamed Waterway,0,0
1021550662,stream,Unnamed Waterway,0,0
1021550663,stream,Unnamed Waterway,0,0
1021589897,stream,Unnamed Waterway,0,0
1021589898,stream,Unnamed Waterway,0,0
1021589899,stream,Unnamed Waterway,0,0
1021589900,stream,Unnamed Waterway,0,0
1021589901,stream,Unnamed Waterway,0,0
1021589902,stream,Unnamed Waterway,0,0
1021589903,stream,Unnamed Waterway,0,0
1021589904,stream,Unnamed Waterway,0,0
1021589905,stream,Unnamed Waterway,0,0
1021589907,stream,Unnamed Waterway,0,0
1021589909,stream,Unnamed Waterway,0,0
1021589910,stream,Unnamed Waterway,0,0
1021589911,stream,Unnamed Waterway,0,0
1021589912,stream,Unnamed Waterway,0,0
1022092524,stream,Unnamed Waterway,0,0
1022178163,canal,Unnamed Waterway,0,0
1022178164,canal,Unnamed Waterway,0,0
1022178165,canal,Unnamed Waterway,0,0
1022178166,canal,Unnamed Waterway,0,0
1022178167,canal,Unnamed Waterway,0,0
1022310526,stream,Unnamed Waterway,0,0
1022310527,stream,Unnamed Waterway,0,0
1022310528,stream,Unnamed Waterway,0,0
1022310529,stream,Unnamed Waterway,0,0
1022310530,stream,Unnamed Waterway,0,0
1022310531,stream,Unnamed Waterway,0,0
1022310533,stream,Unnamed Waterway,0,0
1022310534,stream,Unnamed Waterway,0,0
1022922252,stream,Unnamed Waterway,0,0
1022922253,river,Unnamed Waterway,0,0
1022922254,stream,Unnamed Waterway,0,0
1022922264,stream,Unnamed Waterway,0,0
1022922265,stream,Unnamed Waterway,0,0
1022922271,stream,Unnamed Waterway,0,0
1022922290,stream,Unnamed Waterway,0,0
1022922291,stream,Unnamed Waterway,0,0
1022922292,stream,Unnamed Waterway,0,0
1022922302,river,Unnamed Waterway,0,0
1022922306,stream,Unnamed Waterway,0,0
1022922307,stream,Unnamed Waterway,0,0
1023648261,river,Singal Nala,0,0
1025165899,stream,Unnamed Waterway,0,0
1025165900,stream,Unnamed Waterway,0,0
1025390484,river,Unnamed Waterway,0,0
1025396215,stream,Unnamed Waterway,0,0
1025474472,canal,Unnamed Waterway,0,0
1025474473,canal,Unnamed Waterway,0,0
1025474476,canal,Unnamed Waterway,0,0
1025474477,canal,Unnamed Waterway,0,0
1025489776,canal,Unnamed Waterway,0,0
1025489777,canal,Unnamed Waterway,0,0
1025489778,canal,Unnamed Waterway,0,0
1025489779,canal,Unnamed Waterway,0,0
1025489780,canal,Unnamed Waterway,0,0
1025489781,canal,Unnamed Waterway,0,0
1025959262,river,د بهرامچې رود,0,0
1026012819,stream,Unnamed Waterway,0,0
1026012820,stream,Unnamed Waterway,0,0
1026026437,canal,Sakrand Distributary,0,0
1026026438,canal,Sakrand Distributary,0,0
1026026440,canal,Sakrand Distributary,0,0
1026026444,canal,Sakrand Distributary,0,0
1026026446,canal,Shahbaz Minor,0,0
1026026447,canal,Unnamed Waterway,0,0
1026026448,canal,Unnamed Waterway,0,0
1026026449,canal,Unnamed Waterway,0,0
1026026450,canal,Shahbaz Minor,0,0
1026026451,canal,Shahbaz Minor,0,0
1026059561,river,Unnamed Waterway,0,0
1026059562,river,Unnamed Waterway,0,0
1026837637,stream,Unnamed Waterway,0,0
1026921340,stream,Unnamed Waterway,0,0
1027182697,river,Unnamed Waterway,0,0
1027198220,stream,Unnamed Waterway,0,0
1027198221,stream,Unnamed Waterway,0,0
1028287969,stream,Unnamed Waterway,0,0
1028287970,stream,Unnamed Waterway,0,0
1028445388,canal,Hatri Minor,0,0
1028445389,canal,Unnamed Waterway,0,0
1028445390,canal,Unnamed Waterway,0,0
1028445391,canal,Unnamed Waterway,0,0
1028445392,canal,Unnamed Waterway,0,0
1028445393,canal,Hatri Minor,0,0
1028445394,canal,Hatri Minor,0,0
1029216707,stream,Unnamed Waterway,0,0
1029216708,stream,Unnamed Waterway,0,0
1029285007,river,Unnamed Waterway,0,0
1029285008,river,Unnamed Waterway,0,0
1029579922,river,Unnamed Waterway,0,0
1029579924,river,Unnamed Waterway,0,0
1029579925,river,Unnamed Waterway,0,0
1029622012,river,Unnamed Waterway,0,0
1029622013,river,Unnamed Waterway,0,0
1029970168,river,Unnamed Waterway,0,0
1029975506,canal,Unnamed Waterway,0,0
1029975507,canal,Canal2,0,0
1029975508,canal,Tunnel,0,0
1029975509,canal,Canal3,0,0
1029975510,canal,Tunnel2,0,0
1029975511,canal,Unnamed Waterway,0,0
1029975512,canal,Unnamed Waterway,0,0
1030972024,canal,Unnamed Waterway,0,0
1030972027,canal,Unnamed Waterway,0,0
1030974287,canal,Unnamed Waterway,0,0
1030974292,canal,Unnamed Waterway,0,0
1030974293,canal,Unnamed Waterway,0,0
1030974294,canal,Unnamed Waterway,0,0
1030974295,canal,Unnamed Waterway,0,0
1032995570,river,اپر جہلم نہر,0,0
1033093048,stream,Unnamed Waterway,0,0
1033618878,stream,Unnamed Waterway,0,0
1033618879,canal,Unnamed Waterway,0,0
1033962639,stream,Unnamed Waterway,0,0
1033962640,stream,Unnamed Waterway,0,0
1033962641,stream,Unnamed Waterway,0,0
1033962642,stream,Unnamed Waterway,0,0
1033962643,stream,Unnamed Waterway,0,0
1033962644,stream,Unnamed Waterway,0,0
1034310846,river,Unnamed Waterway,0,0
1034310847,river,Unnamed Waterway,0,0
1034310848,river,Unnamed Waterway,0,0
1034310849,river,Unnamed Waterway,0,0
1034314618,river,Unnamed Waterway,0,0
1034314619,river,Unnamed Waterway,0,0
1034316371,river,Unnamed Waterway,0,0
1034316372,river,Unnamed Waterway,0,0
1034316812,canal,Unnamed Waterway,0,0
1034422919,canal,Unnamed Waterway,0,0
1034465439,river,Beas River,0,0
1034465440,river,Unnamed Waterway,0,0
1034465441,river,Unnamed Waterway,0,0
1034602286,stream,Unnamed Waterway,0,0
1034604753,stream,Unnamed Waterway,0,0
1036886713,stream,Unnamed Waterway,0,0
1036886714,stream,Unnamed Waterway,0,0
1036886715,stream,Unnamed Waterway,0,0
1036937622,canal,Unnamed Waterway,0,0
1036986207,canal,Unnamed Waterway,0,0
1036986208,canal,Unnamed Waterway,0,0
1037172037,canal,Diversion Canal To  KTD reservoir,0,0
1037173272,canal,Diversion Canal To  KTD reservoir,0,0
1037181828,canal,Unnamed Waterway,0,0
1037181829,canal,Unnamed Waterway,0,0
1037181958,canal,Sheratala Canal,0,0
1037184895,river,Zangari Alord,0,0
1037184896,river,Kande Aload,0,0
1037186384,canal,Unnamed Waterway,0,0
1037188155,canal,Thal Plain canal,0,0
1037191356,canal,Unnamed Waterway,0,0
1037192711,canal,Diversion Canal To  KTD reservoir,0,0
1037200321,canal,Koto Canal,0,0
1037200323,canal,Unnamed Waterway,0,0
1037850899,canal,Unnamed Waterway,0,0
1037850900,canal,Unnamed Waterway,0,0
1038316371,river,Unnamed Waterway,0,0
1038316372,river,Unnamed Waterway,0,0
1038316373,river,Unnamed Waterway,0,0
1038316374,river,Unnamed Waterway,0,0
1038857993,river,Bustargi Nala,0,0
1038857994,river,Unnamed Waterway,0,0
1039158134,canal,Unnamed Waterway,0,0
1039446812,river,Rodhkohi,0,0
1039446813,stream,Rodhkohi,0,0
1039446816,river,Rodhkohi,0,0
1039446817,stream,Rodhkohi,0,0
1039589917,stream,Unnamed Waterway,0,0
1039589920,stream,Unnamed Waterway,0,0
1039613615,river,Unnamed Waterway,0,0
1039614103,stream,Unnamed Waterway,0,0
1039698009,stream,Unnamed Waterway,0,0
1039698073,stream,Unnamed Waterway,0,0
1039719999,canal,Unnamed Waterway,0,0
1039720000,canal,Unnamed Waterway,0,0
1040285194,canal,Harpoke Minor,0,0
1040389032,river,Unnamed Waterway,0,0
1040390221,canal,Unnamed Waterway,0,0
1040390222,canal,Unnamed Waterway,0,0
1040390223,canal,Unnamed Waterway,0,0
1040659927,canal,Naushahra Distributary,0,0
1040660711,canal,Mugta Minor,0,0
1040665209,canal,Kuthali Minor,0,0
1040665230,canal,Sahurke Minor,0,0
1040665247,canal,Unnamed Waterway,0,0
1040665248,canal,Kakar Gil Minor,0,0
1040666081,canal,Harpoke Minor,0,0
1040666082,canal,Harpoke Minor,0,0
1040668083,canal,Kot Nazir Ahmad Branch,0,0
1040668088,canal,Dangahi Minor,0,0
1040668093,canal,Dangahi Minor,0,0
1040668094,canal,Dangahi Minor,0,0
1040668111,canal,Dangahi Minor,0,0
1040668112,canal,Dangahi Minor,0,0
1040668121,canal,Dangahi Minor,0,0
1040668122,canal,Dangahi Minor,0,0
1040668406,canal,Pakhiala Minor,0,0
1040668409,canal,Kala Khatai Minor,0,0
1040668410,canal,Kala Khatai Minor,0,0
1040668411,canal,Kala Khatai Minor,0,0
1040668812,canal,Sohi Distributary,0,0
1040668815,canal,Sohi Distributary,0,0
1040668816,canal,Sohi Distributary,0,0
1040668825,canal,Sohi Distributary,0,0
1040668826,canal,Sohi Distributary,0,0
1040670130,canal,Khunda Minor,0,0
1040670138,canal,Chakkian Minor,0,0
1040670799,canal,Gohawa Minor,0,0
1040672557,canal,Chhina Distributory,0,0
1040672572,canal,Kale Minor,0,0
1040672794,canal,Handal Distributary,0,0
1040672990,canal,Sattoke Minor,0,0
1040673634,canal,Mir Muhammad Minor,0,0
1040674162,canal,Thammam Distributary,0,0
1040674176,canal,Unnamed Waterway,0,0
1040674177,canal,Unnamed Waterway,0,0
1040674184,canal,Thammam Distributary,0,0
1040674185,canal,Thammam Distributary,0,0
1040674190,canal,Thammam Distributary,0,0
1040674191,canal,Thammam Distributary,0,0
1040675126,canal,Athilpur Minor,0,0
1040675133,canal,Athilpur Minor,0,0
1040675134,canal,Athilpur Minor,0,0
1040675137,canal,Athilpur Minor,0,0
1040675138,canal,Athilpur Minor,0,0
1040675139,canal,Athilpur Minor,0,0
1040675149,canal,Athilpur Minor,0,0
1040675150,canal,Athilpur Minor,0,0
1040675151,canal,Athilpur Sub Minor,0,0
1040675462,canal,Kasur Minor,0,0
1040675467,canal,Kasur Minor,0,0
1040675468,canal,Kasur Minor,0,0
1040675889,canal,Badduke Minor,0,0
1040675899,canal,Badduke Minor,0,0
1040675900,canal,Badduke Minor,0,0
1040946342,canal,Unnamed Waterway,0,0
1040946355,canal,Qila Khazana Branch,0,0
1040946365,canal,Unnamed Waterway,0,0
1040946368,canal,Unnamed Waterway,0,0
1040946369,canal,Unnamed Waterway,0,0
1040946383,canal,Sadhoke Distributary,0,0
1040946384,canal,Sadhoke Distributary,0,0
1040946403,stream,Unnamed Waterway,0,0
1040946413,canal,Unnamed Waterway,0,0
1040946426,canal,Unnamed Waterway,0,0
1040946443,river,دیگ نالہ,0,0
1040946444,river,Unnamed Waterway,0,0
1040948034,canal,Unnamed Waterway,0,0
1040948041,canal,Warpal Distributary,0,0
1040950499,canal,Unnamed Waterway,0,0
1040952089,canal,Unnamed Waterway,0,0
1040952166,canal,Unnamed Waterway,0,0
1040952167,canal,Unnamed Waterway,0,0
1040954634,canal,Maggowal Distributary,0,0
1040954635,canal,Maggowal Distributary,0,0
1040954640,canal,Maggowal Distributary,0,0
1040954641,canal,Maggowal Distributary,0,0
1040975282,canal,Kassoke Distributary,0,0
1040977135,canal,Gajiana Distributary,0,0
1040982716,canal,Ghordaur Distributary,0,0
1040982735,canal,Sharakpur Distributary,0,0
1040982736,canal,Sharakpur Distributary,0,0
1040982737,canal,Sharakpur Distributary,0,0
1040982738,canal,Nankana Branch,0,0
1040982752,canal,Jodhke Branch,0,0
1040982759,canal,Tashpur Branch,0,0
1040982770,canal,Sharakpur Distributary,0,0
1040982771,canal,Sharakpur Distributary,0,0
1040982772,canal,Sharakpur Distributary,0,0
1040982773,canal,Sharakpur Distributary,0,0
1040985369,canal,Bahrianwala Minor,0,0
1040985386,canal,Unnamed Waterway,0,0
1040985387,canal,Unnamed Waterway,0,0
1040985388,canal,Unnamed Waterway,0,0
1040985389,canal,Unnamed Waterway,0,0
1040988620,canal,Alya Minor,0,0
1040988627,canal,Alya Minor,0,0
1040988628,canal,Alya Minor,0,0
1040988631,canal,Alya Minor,0,0
1040988632,canal,Alya Minor,0,0
1040988643,canal,Alya Minor,0,0
1040988644,canal,Alya Minor,0,0
1040988647,canal,Alya Minor,0,0
1040988648,canal,Alya Minor,0,0
1040988654,stream,Unnamed Waterway,0,0
1040988655,stream,Unnamed Waterway,0,0
1040988668,canal,Unnamed Waterway,0,0
1040988669,canal,Unnamed Waterway,0,0
1040988670,stream,Unnamed Waterway,0,0
1040988671,stream,Unnamed Waterway,0,0
1040991655,canal,Isan Minor,0,0
1040991658,canal,Ahmadwala Minor,0,0
1040991682,canal,Sikhanwala Distributary,0,0
1040991683,canal,Sikhanwala Distributary,0,0
1040991686,canal,Madho Das Minor,0,0
1040991687,canal,Madho Das Minor,0,0
1040991688,canal,Madho Das Minor,0,0
1040993326,canal,Raiwind Distributary,0,0
1040993327,canal,Raiwind Distributary,0,0
1040993328,canal,Unnamed Waterway,0,0
1040996634,canal,Shorkot Distributary,0,0
1040996636,canal,Mirali Minor,0,0
1040996643,canal,Bhila Minor,0,0
1040996655,canal,Bhila Minor,0,0
1040996656,canal,Bhila Minor,0,0
1040996663,canal,Khingran Minor,0,0
1040996676,canal,Todepur Minor,0,0
1040996696,canal,Todepur Minor,0,0
1040996700,canal,Todepur Minor,0,0
1040996701,canal,Todepur Minor,0,0
1040996704,canal,Todepur Minor,0,0
1040996705,canal,Todepur Minor,0,0
1041188618,river,Unnamed Waterway,0,0
1041196762,canal,Unnamed Waterway,0,0
1041199595,canal,Unnamed Waterway,0,0
1041242171,river,Unnamed Waterway,0,0
1041282020,river,Kishanganga,0,0
1041302510,river,Unnamed Waterway,0,0
1041609447,river,Unnamed Waterway,0,0
1041609448,river,Unnamed Waterway,0,0
1041609449,river,Unnamed Waterway,0,0
1041609450,river,Unnamed Waterway,0,0
1041609451,river,Unnamed Waterway,0,0
1041609452,river,Unnamed Waterway,0,0
1042063518,stream,واہ نلہ,0,0
1042063546,stream,واہ نلہ,0,0
1042063547,stream,Unnamed Waterway,0,0
1042063548,stream,Unnamed Waterway,0,0
1042063549,stream,Unnamed Waterway,0,0
1042071144,river,لوئر جہلم کینا- جنوبی برانچ,0,0
1042071155,river,لوئر جہلم کینال,0,0
1042071156,river,Village Salam Wali,0,0
1042071183,canal,Unnamed Waterway,0,0
1042071184,canal,Unnamed Waterway,0,0
1042071212,canal,Chaukera Minor,0,0
1042071213,canal,Chaukera Minor,0,0
1042071282,canal,Unnamed Waterway,0,0
1042071283,canal,Unnamed Waterway,0,0
1042071296,canal,Kirana Distributary,0,0
1042071297,canal,Kirana Distributary,0,0
1042073231,canal,Rukan Minor,0,0
1042073254,canal,Gujrat Branch,0,0
1042073255,canal,Gujrat Branch,0,0
1042073260,canal,Rukan Minor,0,0
1042073261,canal,Rukan Minor,0,0
1042073270,canal,Sohawa Distributary,0,0
1042073271,canal,Sohawa Distributary,0,0
1042073300,canal,Mandi-Helan Road,0,0
1042073301,canal,Gujrat Branch,0,0
1042073302,canal,Sohawa Distributary,0,0
1042073303,canal,Sohawa Distributary,0,0
1042074220,canal,Unnamed Waterway,0,0
1042075050,river,Sulki Branch Canal,0,0
1042475668,canal,Unnamed Waterway,0,0
1042477927,canal,Unnamed Waterway,0,0
1042477938,canal,Unnamed Waterway,0,0
1042477939,canal,Unnamed Waterway,0,0
1043263873,canal,Unnamed Waterway,0,0
1043263874,canal,Unnamed Waterway,0,0
1043263875,canal,Unnamed Waterway,0,0
1043263876,canal,Unnamed Waterway,0,0
1043480617,river,Khush Kurram Khwar,0,0
1043503472,river,Unnamed Waterway,0,0
1044588477,stream,Unnamed Waterway,0,0
1046424457,canal,Unnamed Waterway,0,0
1046424458,canal,Unnamed Waterway,0,0
1047013213,canal,Unnamed Waterway,0,0
1047013214,canal,Unnamed Waterway,0,0
1047013215,canal,Unnamed Waterway,0,0
1047013216,canal,Unnamed Waterway,0,0
1047013217,canal,Unnamed Waterway,0,0
1047013218,canal,Unnamed Waterway,0,0
1047691731,stream,Unnamed Waterway,0,0
1047799489,canal,Unnamed Waterway,0,0
1047799490,canal,Unnamed Waterway,0,0
1049396598,stream,Unnamed Waterway,0,0
1049396599,river,Unnamed Waterway,0,0
1049720727,canal,Nara Canal,0,0
1050439342,stream,Katwara Nar,0,0
1050439343,stream,Buriwala Nar,0,0
1050458766,stream,Sonapindi Nar,0,0
1050463225,stream,Narian Nala,0,0
1050955371,canal,Unnamed Waterway,0,0
1050955372,canal,Unnamed Waterway,0,0
1051350048,river,Unnamed Waterway,0,0
1051350049,river,Unnamed Waterway,0,0
1051350050,river,Unnamed Waterway,0,0
1051350051,stream,Unnamed Waterway,0,0
1051381942,stream,Unnamed Waterway,0,0
1051390087,canal,Tarar Minor,0,0
1051390088,canal,Tarar Minor,0,0
1051401351,river,Unnamed Waterway,0,0
1052036507,river,Unnamed Waterway,0,0
1052036508,river,Unnamed Waterway,0,0
1052627221,canal,Unnamed Waterway,0,0
1052630799,canal,Unnamed Waterway,0,0
1052630973,canal,Unnamed Waterway,0,0
1052630974,canal,Unnamed Waterway,0,0
1053235646,canal,Unnamed Waterway,0,0
1053235647,canal,Unnamed Waterway,0,0
1054594670,canal,Unnamed Waterway,0,0
1054594671,canal,Unnamed Waterway,0,0
1055631546,river,Kala kas,0,0
1055631547,river,Kala kas,0,0
1055637888,river,Barsati nala,0,0
1055637889,river,Barsati nala,0,0
1055676361,canal,Irriggation Canal,0,0
1055676362,canal,Irriggation Canal,0,0
1055887344,river,Kala kas,0,0
1056620321,canal,Unnamed Waterway,0,0
1056620322,canal,Unnamed Waterway,0,0
1056620323,canal,Unnamed Waterway,0,0
1056620324,canal,Unnamed Waterway,0,0
1056620325,canal,Unnamed Waterway,0,0
1056620326,canal,Unnamed Waterway,0,0
1056620327,canal,Unnamed Waterway,0,0
1056620328,canal,Unnamed Waterway,0,0
1056620329,canal,Unnamed Waterway,0,0
1056696702,canal,Unnamed Waterway,0,0
1057541480,canal,Unnamed Waterway,0,0
1057541481,canal,Unnamed Waterway,0,0
1058070099,canal,Unnamed Waterway,0,0
1058073060,canal,Unnamed Waterway,0,0
1058077486,stream,Unnamed Waterway,0,0
1058759807,canal,Unnamed Waterway,0,0
1058759808,canal,Unnamed Waterway,0,0
1059744909,canal,Unnamed Waterway,0,0
1059744910,canal,Unnamed Waterway,0,0
1059940458,canal,Unnamed Waterway,0,0
1059940459,canal,Unnamed Waterway,0,0
1059940460,canal,Unnamed Waterway,0,0
1059940461,canal,Unnamed Waterway,0,0
1060309341,canal,Unnamed Waterway,0,0
1060309342,canal,Unnamed Waterway,0,0
1060407839,canal,Unnamed Waterway,0,0
1060407840,canal,Unnamed Waterway,0,0
1060407841,canal,Unnamed Waterway,0,0
1060407842,canal,Unnamed Waterway,0,0
1060588121,canal,Unnamed Waterway,0,0
1060588122,canal,Unnamed Waterway,0,0
1060594852,river,Unnamed Waterway,0,0
1060594853,canal,Unnamed Waterway,0,0
1060663134,canal,Unnamed Waterway,0,0
1060663135,stream,Unnamed Waterway,0,0
1061153037,canal,Unnamed Waterway,0,0
1061594870,canal,Unnamed Waterway,0,0
1061594871,canal,Unnamed Waterway,0,0
1061610173,canal,Unnamed Waterway,0,0
1061610174,canal,Unnamed Waterway,0,0
1061623213,river,Unnamed Waterway,0,0
1061623214,river,Unnamed Waterway,0,0
1061623215,river,Unnamed Waterway,0,0
1061623216,river,Unnamed Waterway,0,0
1061623217,river,Unnamed Waterway,0,0
1061623218,river,Unnamed Waterway,0,0
1061798451,canal,Fatehpur Distributary,0,0
1061798452,canal,Fatehpur Distributary,0,0
1061798453,canal,Fatehpur Distributary,0,0
1061798454,canal,Fatehpur Distributary,0,0
1061798497,canal,Tarah Distributary,0,0
1061798498,canal,Tarah Distributary,0,0
1061828041,canal,Dilshad Shakh,0,0
1061828042,canal,Dilshad Shakh,0,0
1061828043,canal,Dilshad Shakh,0,0
1061828044,canal,Dilshad Shakh,0,0
1061855676,canal,Unnamed Waterway,0,0
1061958620,canal,Shahdad Kot Branch,0,0
1061958651,canal,Nim Distributary,0,0
1062529275,canal,Unnamed Waterway,0,0
1062529276,canal,Unnamed Waterway,0,0
1062555072,stream,Unnamed Waterway,0,0
1062555751,stream,Unnamed Waterway,0,0
1062558943,stream,Unnamed Waterway,0,0
1062558944,stream,Unnamed Waterway,0,0
1062560943,stream,Unnamed Waterway,0,0
1062560944,stream,Unnamed Waterway,0,0
1062560945,stream,Unnamed Waterway,0,0
1062560946,stream,Unnamed Waterway,0,0
1062560947,stream,Unnamed Waterway,0,0
1062561177,stream,Unnamed Waterway,0,0
1062567658,stream,Unnamed Waterway,0,0
1062567659,stream,Unnamed Waterway,0,0
1062567660,stream,Unnamed Waterway,0,0
1062567661,stream,Unnamed Waterway,0,0
1062567662,stream,Unnamed Waterway,0,0
1062567663,stream,Unnamed Waterway,0,0
1062584086,canal,Unnamed Waterway,0,0
1062584087,canal,Unnamed Waterway,0,0
1062634638,canal,Unnamed Waterway,0,0
1062806480,canal,Unnamed Waterway,0,0
1062870471,canal,Unnamed Waterway,0,0
1062870472,canal,Unnamed Waterway,0,0
1062956351,canal,Unnamed Waterway,0,0
1062956352,canal,Unnamed Waterway,0,0
1062956398,canal,Unnamed Waterway,0,0
1062956399,canal,Unnamed Waterway,0,0
1062956400,canal,Unnamed Waterway,0,0
1062956401,canal,Unnamed Waterway,0,0
1062957704,canal,Talti Minor,0,0
1062957705,canal,Unnamed Waterway,0,0
1062994299,canal,Unnamed Waterway,0,0
1062994300,canal,Unnamed Waterway,0,0
1062994301,canal,Unnamed Waterway,0,0
1062994302,canal,Unnamed Waterway,0,0
1063002650,canal,Unnamed Waterway,0,0
1063004079,canal,Unnamed Waterway,0,0
1063004080,canal,Unnamed Waterway,0,0
1063156112,canal,Unnamed Waterway,0,0
1063156113,canal,Unnamed Waterway,0,0
1063205490,canal,Unnamed Waterway,0,0
1063205491,canal,Unnamed Waterway,0,0
1063217028,canal,Sakrand Distributary,0,0
1063224115,canal,Unnamed Waterway,0,0
1063251496,canal,Unnamed Waterway,0,0
1063251497,canal,Unnamed Waterway,0,0
1063292352,canal,Unnamed Waterway,0,0
1063304349,canal,Unnamed Waterway,0,0
1063304351,canal,Unnamed Waterway,0,0
1063304352,canal,Unnamed Waterway,0,0
1063334688,canal,Unnamed Waterway,0,0
1063334689,canal,Unnamed Waterway,0,0
1063334690,river,Mohan Nai,0,0
1063334691,stream,Mohan Nai,0,0
1063525566,canal,Unnamed Waterway,0,0
1063576264,river,Pehur High-Level Canal,0,0
1063588298,canal,Unnamed Waterway,0,0
1063588304,canal,Unnamed Waterway,0,0
1063588305,canal,Unnamed Waterway,0,0
1063588306,canal,Unnamed Waterway,0,0
1063588307,canal,Unnamed Waterway,0,0
1063647713,canal,Unnamed Waterway,0,0
1063647751,canal,Pehur Main Canal,0,0
1063647752,canal,Pehur Main Canal,0,0
1063650471,canal,Unnamed Waterway,0,0
1063663654,stream,Unnamed Waterway,0,0
1063663667,canal,Unnamed Waterway,0,0
1063663668,canal,Unnamed Waterway,0,0
1063663673,canal,Unnamed Waterway,0,0
1063663674,canal,Unnamed Waterway,0,0
1063663675,canal,Unnamed Waterway,0,0
1063663676,canal,Unnamed Waterway,0,0
1063663677,canal,Lower Swat Canal,0,0
1063663678,canal,Lower Swat Canal,0,0
1064066553,canal,Unnamed Waterway,0,0
1064066554,canal,Unnamed Waterway,0,0
1064066555,canal,Unnamed Waterway,0,0
1064066556,canal,Unnamed Waterway,0,0
1064113876,canal,Unnamed Waterway,0,0
1064378266,canal,Unnamed Waterway,0,0
1064378267,canal,Unnamed Waterway,0,0
1064421760,stream,Unnamed Waterway,0,0
1064421761,stream,Unnamed Waterway,0,0
1064446497,river,Jabbi Kas,0,0
1064471377,stream,Unnamed Waterway,0,0
1064471379,stream,Unnamed Waterway,0,0
1064471382,stream,Unnamed Waterway,0,0
1064572418,river,Unnamed Waterway,0,0
1064572419,river,Unnamed Waterway,0,0
1064572420,river,Unnamed Waterway,0,0
1064572421,river,Unnamed Waterway,0,0
1064572426,river,Unnamed Waterway,0,0
1064572427,river,Unnamed Waterway,0,0
1064573162,canal,Unnamed Waterway,0,0
1064573163,canal,Unnamed Waterway,0,0
1064573164,canal,Unnamed Waterway,0,0
1064573165,canal,Unnamed Waterway,0,0
1064635101,canal,Unnamed Waterway,0,0
1064635102,canal,Unnamed Waterway,0,0
1064644719,stream,Unnamed Waterway,0,0
1064644722,stream,Unnamed Waterway,0,0
1064644724,stream,Unnamed Waterway,0,0
1064644725,stream,Unnamed Waterway,0,0
1064644727,river,کانسی ندی,0,0
1064755083,stream,Unnamed Waterway,0,0
1064756084,stream,Unnamed Waterway,0,0
1064756499,stream,Unnamed Waterway,0,0
1064756537,stream,Unnamed Waterway,0,0
1064756591,stream,Unnamed Waterway,0,0
1064757578,river,Unnamed Waterway,0,0
1064757579,river,Unnamed Waterway,0,0
1064757669,stream,Unnamed Waterway,0,0
1064757711,stream,Unnamed Waterway,0,0
1064905159,river,Unnamed Waterway,0,0
1065179762,canal,Unnamed Waterway,0,0
1065179763,canal,Unnamed Waterway,0,0
1065185997,canal,Unnamed Waterway,0,0
1065263697,river,Unnamed Waterway,0,0
1065263698,river,Unnamed Waterway,0,0
1065271881,river,Unnamed Waterway,0,0
1065271882,river,Unnamed Waterway,0,0
1065271924,river,Unnamed Waterway,0,0
1065271925,river,Unnamed Waterway,0,0
1065278419,canal,Unnamed Waterway,0,0
1065278420,canal,Unnamed Waterway,0,0
1065282224,canal,Unnamed Waterway,0,0
1065282225,canal,Unnamed Waterway,0,0
1065282226,canal,Unnamed Waterway,0,0
1065300349,canal,Unnamed Waterway,0,0
1065300350,canal,Unnamed Waterway,0,0
1065477527,river,Unnamed Waterway,0,0
1065477528,canal,Unnamed Waterway,0,0
1065490484,stream,Unnamed Waterway,0,0
1065491322,stream,Unnamed Waterway,0,0
1065541950,canal,Unnamed Waterway,0,0
1065541951,canal,Unnamed Waterway,0,0
1065543964,canal,Unnamed Waterway,0,0
1065543965,canal,Unnamed Waterway,0,0
1065543966,canal,Unnamed Waterway,0,0
1065543967,canal,Unnamed Waterway,0,0
1065543968,canal,Unnamed Waterway,0,0
1065543969,canal,Unnamed Waterway,0,0
1065543971,canal,Unnamed Waterway,0,0
1065543972,canal,Unnamed Waterway,0,0
1065543973,canal,Unnamed Waterway,0,0
1065543974,canal,Unnamed Waterway,0,0
1065551432,canal,Unnamed Waterway,0,0
1065551433,canal,Unnamed Waterway,0,0
1065602319,canal,Unnamed Waterway,0,0
1065602320,canal,Unnamed Waterway,0,0
1065808601,river,Barsati nala,0,0
1065808602,river,Barsati nala,0,0
1065808603,river,Barsati nalal,0,0
1065808604,river,Red water,0,0
1065850831,stream,Unnamed Waterway,0,0
1065850832,stream,Unnamed Waterway,0,0
1065947310,canal,Unnamed Waterway,0,0
1065947311,canal,Unnamed Waterway,0,0
1066121346,canal,Unnamed Waterway,0,0
1066121347,canal,Unnamed Waterway,0,0
1066626691,canal,Unnamed Waterway,0,0
1066652336,canal,Unnamed Waterway,0,0
1066652349,canal,Unnamed Waterway,0,0
1066652350,canal,Unnamed Waterway,0,0
1066693429,canal,Unnamed Waterway,0,0
1067688027,river,Unnamed Waterway,0,0
1067688030,river,Unnamed Waterway,0,0
1067688031,river,Unnamed Waterway,0,0
1071006603,river,Unnamed Waterway,0,0
1071861574,stream,Unnamed Waterway,0,0
1071861575,stream,Unnamed Waterway,0,0
1071861576,stream,Unnamed Waterway,0,0
1071861577,stream,Unnamed Waterway,0,0
1072337833,river,Unnamed Waterway,0,0
1072337834,river,Unnamed Waterway,0,0
1072337837,river,Unnamed Waterway,0,0
1072337842,river,Unnamed Waterway,0,0
1072337845,canal,Unnamed Waterway,0,0
1072339469,canal,Unnamed Waterway,0,0
1072339471,canal,Unnamed Waterway,0,0
1072339472,canal,Unnamed Waterway,0,0
1072339474,canal,Unnamed Waterway,0,0
1072340038,river,Unnamed Waterway,0,0
1072696028,river,Unnamed Waterway,0,0
1072696029,river,Unnamed Waterway,0,0
1072700117,stream,Unnamed Waterway,0,0
1072700120,river,Unnamed Waterway,0,0
1072706269,river,Unnamed Waterway,0,0
1072706270,river,Unnamed Waterway,0,0
1072706271,river,Unnamed Waterway,0,0
1072706272,river,Unnamed Waterway,0,0
1072706273,river,Unnamed Waterway,0,0
1072706274,river,Unnamed Waterway,0,0
1072753537,river,Unnamed Waterway,0,0
1072753543,river,Unnamed Waterway,0,0
1072832627,stream,Unnamed Waterway,0,0
1072837116,river,Unnamed Waterway,0,0
1072837117,river,Unnamed Waterway,0,0
1072837118,river,Unnamed Waterway,0,0
1072837122,river,Unnamed Waterway,0,0
1073270493,river,Unnamed Waterway,0,0
1073270494,river,Unnamed Waterway,0,0
1073302546,stream,Unnamed Waterway,0,0
1073302547,river,Unnamed Waterway,0,0
1073302548,river,Unnamed Waterway,0,0
1073302569,river,Unnamed Waterway,0,0
1073302571,stream,Unnamed Waterway,0,0
1073302588,stream,Unnamed Waterway,0,0
1073308089,stream,Unnamed Waterway,0,0
1073308090,stream,Unnamed Waterway,0,0
1073308091,stream,Unnamed Waterway,0,0
1073308092,stream,Unnamed Waterway,0,0
1073308093,stream,Unnamed Waterway,0,0
1073308094,stream,Unnamed Waterway,0,0
1073308095,stream,Unnamed Waterway,0,0
1073308096,stream,Unnamed Waterway,0,0
1073308103,stream,Unnamed Waterway,0,0
1073308105,stream,Unnamed Waterway,0,0
1073308106,river,Unnamed Waterway,0,0
1073308110,stream,Unnamed Waterway,0,0
1073308111,stream,Unnamed Waterway,0,0
1073308112,stream,Unnamed Waterway,0,0
1073308113,stream,Unnamed Waterway,0,0
1073308114,stream,Unnamed Waterway,0,0
1073308115,stream,Unnamed Waterway,0,0
1073308116,stream,Unnamed Waterway,0,0
1073308124,stream,Unnamed Waterway,0,0
1075725117,river,Unnamed Waterway,0,0
1075725120,river,Unnamed Waterway,0,0
1077867053,river,ملیر ندی,0,0
1077867054,river,ملیر ندی,0,0
1078279150,stream,Unnamed Waterway,0,0
1078279153,stream,Unnamed Waterway,0,0
1078324017,canal,Unnamed Waterway,0,0
1078324020,canal,Unnamed Waterway,0,0
1078324021,canal,Unnamed Waterway,0,0
1078324026,canal,Unnamed Waterway,0,0
1078324027,canal,Unnamed Waterway,0,0
1078594219,canal,Unnamed Waterway,0,0
1078594220,canal,Unnamed Waterway,0,0
1079169517,stream,Nullah,0,0
1079169518,stream,Nullah,0,0
1079185378,stream,Unnamed Waterway,0,0
1079185379,stream,Unnamed Waterway,0,0
1079185380,stream,Unnamed Waterway,0,0
1079185381,stream,Unnamed Waterway,0,0
1079185386,stream,Unnamed Waterway,0,0
1079185389,stream,Marzung Nala,0,0
1079185392,stream,Unnamed Waterway,0,0
1079185393,river,Unnamed Waterway,0,0
1079690870,stream,Unnamed Waterway,0,0
1079690871,river,Unnamed Waterway,0,0
1080510535,river,Unnamed Waterway,0,0
1080894646,canal,Unnamed Waterway,0,0
1080894647,canal,Unnamed Waterway,0,0
1080894648,canal,Unnamed Waterway,0,0
1080894649,canal,Unnamed Waterway,0,0
1081373304,stream,Giachorap Nala,0,0
1081373306,stream,Skore Lungpa,0,0
1081373307,stream,Tyakshi Lungpa,0,0
1081373308,stream,Sikdo Lungpa,0,0
1081970247,stream,Nirili Shung,0,0
1081970248,stream,Unnamed Waterway,0,0
1081970252,stream,Unnamed Waterway,0,0
1081970255,stream,Unnamed Waterway,0,0
1081970256,stream,Unnamed Waterway,0,0
1081970257,stream,Unnamed Waterway,0,0
1081970259,stream,Unnamed Waterway,0,0
1081970261,stream,Mun Shung,0,0
1081970265,stream,Gotum Shung N,0,0
1081970266,stream,Sunch Gah,0,0
1081970267,stream,Nuru Nar,0,0
1081970268,stream,Unnamed Waterway,0,0
1082207886,canal,Katarmal Minor,0,0
1082535915,stream,Unnamed Waterway,0,0
1082535916,stream,Unnamed Waterway,0,0
1082535917,stream,Unnamed Waterway,0,0
1083643401,canal,Unnamed Waterway,0,0
1083643402,canal,Unnamed Waterway,0,0
1083643411,canal,Unnamed Waterway,0,0
1083643412,canal,Unnamed Waterway,0,0
1083652555,river,Unnamed Waterway,0,0
1083654110,canal,نالہ ڈیک,0,0
1083654111,river,نالہ ڈیک,0,0
1083704127,canal,Unnamed Waterway,0,0
1083705434,canal,Sadhoke Distributary,0,0
1083705435,canal,Sadhoke Distributary,0,0
1084338659,canal,Unnamed Waterway,0,0
1084338660,canal,Unnamed Waterway,0,0
1084466706,canal,Unnamed Waterway,0,0
1084466707,canal,Unnamed Waterway,0,0
1084910163,canal,Unnamed Waterway,0,0
1084910201,canal,Unnamed Waterway,0,0
1084910202,canal,Unnamed Waterway,0,0
1084910203,canal,Unnamed Waterway,0,0
1084910204,canal,Unnamed Waterway,0,0
1084910213,canal,Unnamed Waterway,0,0
1084910214,canal,Unnamed Waterway,0,0
1084910215,canal,Unnamed Waterway,0,0
1084910216,canal,Unnamed Waterway,0,0
1085905907,stream,Lai Nadi,0,0
1085905908,river,نالہ لئ,0,0
1085905915,river,نالہ لئ,0,0
1085905916,river,نالہ لئ,0,0
1085905917,river,نالہ لئ,0,0
1085905918,river,نالہ لئ,0,0
1085948612,river,Unnamed Waterway,0,0
1086585377,canal,Unnamed Waterway,0,0
1086585378,canal,Unnamed Waterway,0,0
1086870697,stream,Unnamed Waterway,0,0
1086945516,canal,Unnamed Waterway,0,0
1087034571,canal,Unnamed Waterway,0,0
1087034572,canal,Unnamed Waterway,0,0
1087037421,river,Kachhi Canal,0,0
1087056712,canal,Unnamed Waterway,0,0
1087871674,stream,Unnamed Waterway,0,0
1087871677,stream,Unnamed Waterway,0,0
1087871678,stream,Unnamed Waterway,0,0
1087918817,river,Kero Lungma,0,0
1087974833,canal,Unnamed Waterway,0,0
1087974834,stream,Unnamed Waterway,0,0
1087974835,stream,Unnamed Waterway,0,0
1087974836,stream,Unnamed Waterway,0,0
1087974837,stream,Unnamed Waterway,0,0
1087974838,stream,Unnamed Waterway,0,0
1087977464,stream,Unnamed Waterway,0,0
1087977472,stream,Unnamed Waterway,0,0
1087977475,stream,Unnamed Waterway,0,0
1087977476,stream,Unnamed Waterway,0,0
1088270200,canal,Hudiara Drain,0,0
1088270201,canal,Unnamed Waterway,0,0
1088337548,river,Kero river,0,0
1089426152,stream,Unnamed Waterway,0,0
1089725125,canal,Unnamed Waterway,0,0
1089725126,canal,Unnamed Waterway,0,0
1089725136,canal,Unnamed Waterway,0,0
1089725137,canal,Unnamed Waterway,0,0
1090041950,river,Unnamed Waterway,0,0
1090089143,stream,Unnamed Waterway,0,0
1090089144,stream,Unnamed Waterway,0,0
1090089147,stream,Unnamed Waterway,0,0
1090089148,stream,Unnamed Waterway,0,0
1090089149,stream,Unnamed Waterway,0,0
1090089150,stream,Unnamed Waterway,0,0
1090089152,stream,Unnamed Waterway,0,0
1090089153,stream,Unnamed Waterway,0,0
1090089155,stream,Unnamed Waterway,0,0
1090089159,stream,Unnamed Waterway,0,0
1090089160,stream,Unnamed Waterway,0,0
1090089161,stream,Unnamed Waterway,0,0
1090089162,stream,Unnamed Waterway,0,0
1090089166,stream,Unnamed Waterway,0,0
1090089167,stream,Unnamed Waterway,0,0
1090089168,stream,Unnamed Waterway,0,0
1090099878,river,Unnamed Waterway,0,0
1090122649,stream,Unnamed Waterway,0,0
1090140376,river,Unnamed Waterway,0,0
1090140377,river,Unnamed Waterway,0,0
1090146483,river,Unnamed Waterway,0,0
1090146487,river,Unnamed Waterway,0,0
1090146488,river,Unnamed Waterway,0,0
1090146496,river,Unnamed Waterway,0,0
1090146497,river,Unnamed Waterway,0,0
1090146507,river,Unnamed Waterway,0,0
1090146508,stream,Unnamed Waterway,0,0
1090146509,stream,Unnamed Waterway,0,0
1090146510,stream,Unnamed Waterway,0,0
1090146511,stream,Unnamed Waterway,0,0
1090146512,stream,Unnamed Waterway,0,0
1090178039,river,Unnamed Waterway,0,0
1090178041,canal,Unnamed Waterway,0,0
1090178042,canal,Unnamed Waterway,0,0
1090178045,canal,Unnamed Waterway,0,0
1090178046,canal,Unnamed Waterway,0,0
1090178047,canal,Unnamed Waterway,0,0
1090178048,canal,Unnamed Waterway,0,0
1090178065,stream,Unnamed Waterway,0,0
1090178066,river,Unnamed Waterway,0,0
1090178067,stream,Unnamed Waterway,0,0
1090178068,stream,Unnamed Waterway,0,0
1090178069,stream,Unnamed Waterway,0,0
1090178070,stream,Unnamed Waterway,0,0
1090178072,stream,Unnamed Waterway,0,0
1090178076,stream,Unnamed Waterway,0,0
1090178078,river,Unnamed Waterway,0,0
1090178079,river,Unnamed Waterway,0,0
1090178080,river,Unnamed Waterway,0,0
1090178081,river,Unnamed Waterway,0,0
1090178082,stream,Unnamed Waterway,0,0
1090178083,stream,Unnamed Waterway,0,0
1090178084,stream,Unnamed Waterway,0,0
1090178553,stream,Unnamed Waterway,0,0
1090178554,stream,Unnamed Waterway,0,0
1090178555,stream,Unnamed Waterway,0,0
1090185013,stream,Unnamed Waterway,0,0
1090185014,stream,Unnamed Waterway,0,0
1090185017,stream,Unnamed Waterway,0,0
1090185018,river,Unnamed Waterway,0,0
1090185029,river,Unnamed Waterway,0,0
1090188242,stream,Unnamed Waterway,0,0
1090188248,stream,Unnamed Waterway,0,0
1090188249,stream,Unnamed Waterway,0,0
1090188252,stream,Unnamed Waterway,0,0
1090188259,river,Unnamed Waterway,0,0
1090188260,river,Unnamed Waterway,0,0
1090194361,stream,Unnamed Waterway,0,0
1090194375,stream,Unnamed Waterway,0,0
1090194376,stream,Unnamed Waterway,0,0
1090194377,stream,Unnamed Waterway,0,0
1090194378,stream,Unnamed Waterway,0,0
1090194379,stream,Unnamed Waterway,0,0
1090194380,stream,Unnamed Waterway,0,0
1090194381,stream,Unnamed Waterway,0,0
1090194383,stream,Unnamed Waterway,0,0
1090196954,stream,Unnamed Waterway,0,0
1090196955,stream,Unnamed Waterway,0,0
1090196961,stream,Unnamed Waterway,0,0
1090196962,stream,Unnamed Waterway,0,0
1090200247,stream,Unnamed Waterway,0,0
1090200248,stream,Unnamed Waterway,0,0
1090200249,stream,Unnamed Waterway,0,0
1090200250,stream,Unnamed Waterway,0,0
1090200251,stream,Unnamed Waterway,0,0
1090200252,stream,Unnamed Waterway,0,0
1090200260,stream,Unnamed Waterway,0,0
1090200261,stream,Unnamed Waterway,0,0
1090205754,river,درال خوڑ,0,0
1090205755,stream,Unnamed Waterway,0,0
1090205756,stream,Unnamed Waterway,0,0
1090205757,stream,Unnamed Waterway,0,0
1090205762,stream,Unnamed Waterway,0,0
1090287221,stream,Unnamed Waterway,0,0
1090287223,stream,Unnamed Waterway,0,0
1090287224,canal,Unnamed Waterway,0,0
1090287225,canal,Unnamed Waterway,0,0
1090287226,river,Unnamed Waterway,0,0
1090287235,river,Unnamed Waterway,0,0
1090287236,river,Unnamed Waterway,0,0
1090287237,river,Unnamed Waterway,0,0
1090287238,river,Unnamed Waterway,0,0
1090287239,river,Unnamed Waterway,0,0
1090287242,river,Unnamed Waterway,0,0
1090287243,river,Unnamed Waterway,0,0
1090287244,river,Unnamed Waterway,0,0
1090287245,river,Unnamed Waterway,0,0
1090287248,river,Unnamed Waterway,0,0
1090287252,river,Unnamed Waterway,0,0
1090287253,river,Unnamed Waterway,0,0
1090287254,river,Unnamed Waterway,0,0
1090287255,river,Unnamed Waterway,0,0
1090287256,river,Unnamed Waterway,0,0
1090287257,river,Unnamed Waterway,0,0
1090287258,river,Unnamed Waterway,0,0
1090287259,river,Unnamed Waterway,0,0
1090287260,river,Unnamed Waterway,0,0
1090287261,river,Unnamed Waterway,0,0
1090287262,river,Unnamed Waterway,0,0
1090287263,river,Unnamed Waterway,0,0
1090287264,river,Unnamed Waterway,0,0
1090287265,river,Unnamed Waterway,0,0
1090287266,river,Unnamed Waterway,0,0
1090287267,river,Unnamed Waterway,0,0
1090287268,river,Unnamed Waterway,0,0
1090287275,river,Unnamed Waterway,0,0
1090287280,river,Unnamed Waterway,0,0
1090287285,river,Unnamed Waterway,0,0
1090291554,river,Unnamed Waterway,0,0
1090291555,stream,Unnamed Waterway,0,0
1090291556,river,Unnamed Waterway,0,0
1090291557,stream,Unnamed Waterway,0,0
1090291558,river,Unnamed Waterway,0,0
1090291559,river,Unnamed Waterway,0,0
1090291560,river,Unnamed Waterway,0,0
1090291561,river,Unnamed Waterway,0,0
1090299034,stream,Unnamed Waterway,0,0
1090299035,stream,Unnamed Waterway,0,0
1090299036,stream,Unnamed Waterway,0,0
1090299037,stream,Unnamed Waterway,0,0
1090299038,stream,Unnamed Waterway,0,0
1090299039,stream,Unnamed Waterway,0,0
1090299040,stream,Unnamed Waterway,0,0
1090299041,stream,Unnamed Waterway,0,0
1090299046,river,Unnamed Waterway,0,0
1090299050,stream,Unnamed Waterway,0,0
1090299051,stream,Unnamed Waterway,0,0
1090299052,stream,Unnamed Waterway,0,0
1090299053,stream,Unnamed Waterway,0,0
1090299054,stream,Unnamed Waterway,0,0
1090299055,stream,Unnamed Waterway,0,0
1090299056,stream,Unnamed Waterway,0,0
1090299064,river,Unnamed Waterway,0,0
1090299065,river,Unnamed Waterway,0,0
1090299068,canal,Unnamed Waterway,0,0
1090299069,canal,Unnamed Waterway,0,0
1090299070,canal,Unnamed Waterway,0,0
1090299071,river,Unnamed Waterway,0,0
1090299072,canal,Unnamed Waterway,0,0
1090299074,river,Unnamed Waterway,0,0
1090299075,river,Unnamed Waterway,0,0
1090299076,canal,Unnamed Waterway,0,0
1090299078,river,Unnamed Waterway,0,0
1090299079,river,Unnamed Waterway,0,0
1090299080,river,Unnamed Waterway,0,0
1090299081,river,Unnamed Waterway,0,0
1090304276,canal,Unnamed Waterway,0,0
1090304277,canal,Unnamed Waterway,0,0
1090308065,stream,Unnamed Waterway,0,0
1090308066,stream,Unnamed Waterway,0,0
1090308067,stream,Unnamed Waterway,0,0
1090308068,stream,Unnamed Waterway,0,0
1090308069,stream,Unnamed Waterway,0,0
1090308072,river,Unnamed Waterway,0,0
1090308073,river,Unnamed Waterway,0,0
1090308074,river,Unnamed Waterway,0,0
1090308080,stream,Unnamed Waterway,0,0
1090308083,river,Unnamed Waterway,0,0
1090308084,stream,Unnamed Waterway,0,0
1090308085,stream,Unnamed Waterway,0,0
1090308086,river,Unnamed Waterway,0,0
1090308087,river,Unnamed Waterway,0,0
1090308088,stream,Unnamed Waterway,0,0
1090308103,river,Unnamed Waterway,0,0
1090308104,river,Unnamed Waterway,0,0
1090308110,river,Unnamed Waterway,0,0
1090308115,river,Unnamed Waterway,0,0
1090308116,river,Unnamed Waterway,0,0
1090308119,river,Unnamed Waterway,0,0
1090328665,stream,Unnamed Waterway,0,0
1090328666,stream,Unnamed Waterway,0,0
1090328670,stream,Unnamed Waterway,0,0
1090328671,stream,Unnamed Waterway,0,0
1090328672,stream,Unnamed Waterway,0,0
1090328673,stream,Unnamed Waterway,0,0
1090328674,stream,Unnamed Waterway,0,0
1090328675,stream,Unnamed Waterway,0,0
1090346059,river,پورالی ندی,0,0
1090346060,stream,Unnamed Waterway,0,0
1090346061,river,Unnamed Waterway,0,0
1090346062,river,پورالی ندی,0,0
1090346063,stream,Unnamed Waterway,0,0
1090346064,river,پورالی ندی,0,0
1090346065,river,Unnamed Waterway,0,0
1090346066,river,Unnamed Waterway,0,0
1090346067,canal,Unnamed Waterway,0,0
1090346069,river,Unnamed Waterway,0,0
1090346070,river,Unnamed Waterway,0,0
1090346071,river,Unnamed Waterway,0,0
1090346072,river,Unnamed Waterway,0,0
1090346075,river,Unnamed Waterway,0,0
1090346076,river,Unnamed Waterway,0,0
1090346083,river,Unnamed Waterway,0,0
1090346088,river,Unnamed Waterway,0,0
1090346091,river,Unnamed Waterway,0,0
1090346092,river,Unnamed Waterway,0,0
1090346094,river,Unnamed Waterway,0,0
1090346096,river,Unnamed Waterway,0,0
1090346098,river,Unnamed Waterway,0,0
1090346099,river,Unnamed Waterway,0,0
1090346100,river,Unnamed Waterway,0,0
1090346101,river,Unnamed Waterway,0,0
1090346102,river,Unnamed Waterway,0,0
1090346103,river,Unnamed Waterway,0,0
1090346105,river,Unnamed Waterway,0,0
1090346107,stream,Unnamed Waterway,0,0
1090346108,stream,Unnamed Waterway,0,0
1090346109,river,Unnamed Waterway,0,0
1090346110,river,Unnamed Waterway,0,0
1090346112,river,Unnamed Waterway,0,0
1090346115,river,Unnamed Waterway,0,0
1090346124,river,Unnamed Waterway,0,0
1090346125,river,Unnamed Waterway,0,0
1090346126,river,Unnamed Waterway,0,0
1090346129,river,Unnamed Waterway,0,0
1090346132,river,Unnamed Waterway,0,0
1090346133,river,Unnamed Waterway,0,0
1090346134,river,Unnamed Waterway,0,0
1090346137,stream,Unnamed Waterway,0,0
1090346140,river,Unnamed Waterway,0,0
1090346147,river,Unnamed Waterway,0,0
1090346148,river,Unnamed Waterway,0,0
1090346149,river,Unnamed Waterway,0,0
1090346150,stream,Unnamed Waterway,0,0
1090346151,stream,Unnamed Waterway,0,0
1090346152,stream,Unnamed Waterway,0,0
1090346153,river,Unnamed Waterway,0,0
1090346154,river,Unnamed Waterway,0,0
1090346155,river,Unnamed Waterway,0,0
1090346156,river,Unnamed Waterway,0,0
1090346157,stream,Unnamed Waterway,0,0
1090346158,stream,Unnamed Waterway,0,0
1090346159,stream,Unnamed Waterway,0,0
1090346160,stream,Unnamed Waterway,0,0
1090346161,stream,Unnamed Waterway,0,0
1090346162,stream,Unnamed Waterway,0,0
1090346163,stream,Unnamed Waterway,0,0
1090346164,stream,Unnamed Waterway,0,0
1090346165,stream,Unnamed Waterway,0,0
1090346166,stream,Unnamed Waterway,0,0
1090346167,stream,Unnamed Waterway,0,0
1090346168,stream,Unnamed Waterway,0,0
1090346169,stream,Unnamed Waterway,0,0
1090346170,stream,Unnamed Waterway,0,0
1090346171,stream,Unnamed Waterway,0,0
1090346176,river,Unnamed Waterway,0,0
1090346177,river,Unnamed Waterway,0,0
1090346180,stream,Unnamed Waterway,0,0
1090346181,stream,Unnamed Waterway,0,0
1090346182,stream,Unnamed Waterway,0,0
1090346187,river,Unnamed Waterway,0,0
1090346188,river,Unnamed Waterway,0,0
1090346189,river,Unnamed Waterway,0,0
1090346192,river,Unnamed Waterway,0,0
1090346193,river,Unnamed Waterway,0,0
1090346198,river,Unnamed Waterway,0,0
1090346199,river,Unnamed Waterway,0,0
1090346200,river,Unnamed Waterway,0,0
1090366326,stream,Unnamed Waterway,0,0
1090366327,stream,Unnamed Waterway,0,0
1090366328,stream,Unnamed Waterway,0,0
1090366329,stream,Unnamed Waterway,0,0
1090366330,stream,Unnamed Waterway,0,0
1090366334,stream,Unnamed Waterway,0,0
1090366335,stream,Unnamed Waterway,0,0
1090366338,stream,Unnamed Waterway,0,0
1090366339,stream,Unnamed Waterway,0,0
1090366340,stream,Unnamed Waterway,0,0
1090366341,stream,Unnamed Waterway,0,0
1090366342,stream,Unnamed Waterway,0,0
1090366343,stream,Unnamed Waterway,0,0
1090366344,stream,Unnamed Waterway,0,0
1090366345,stream,Unnamed Waterway,0,0
1090366346,stream,Unnamed Waterway,0,0
1090366347,stream,Unnamed Waterway,0,0
1090366348,stream,Unnamed Waterway,0,0
1090366349,stream,Unnamed Waterway,0,0
1090366355,river,Unnamed Waterway,0,0
1090366356,river,Unnamed Waterway,0,0
1090366357,river,Unnamed Waterway,0,0
1090366358,river,Unnamed Waterway,0,0
1090366384,stream,Unnamed Waterway,0,0
1090366385,stream,Unnamed Waterway,0,0
1090421377,river,Unnamed Waterway,0,0
1090460268,canal,Unnamed Waterway,0,0
1090460269,canal,Unnamed Waterway,0,0
1090460272,canal,Unnamed Waterway,0,0
1090484017,stream,Unnamed Waterway,0,0
1090484018,river,Unnamed Waterway,0,0
1090484019,stream,Unnamed Waterway,0,0
1090484020,canal,Unnamed Waterway,0,0
1090484093,river,Unnamed Waterway,0,0
1090484095,river,Unnamed Waterway,0,0
1090484096,river,Unnamed Waterway,0,0
1090515863,canal,Unnamed Waterway,0,0
1090515870,canal,Unnamed Waterway,0,0
1090519103,canal,Unnamed Waterway,0,0
1090519527,river,Unnamed Waterway,0,0
1090519529,river,Unnamed Waterway,0,0
1090519535,river,Unnamed Waterway,0,0
1090524707,canal,Unnamed Waterway,0,0
1090527041,canal,Unnamed Waterway,0,0
1090530547,river,Unnamed Waterway,0,0
1090533619,canal,Unnamed Waterway,0,0
1090533621,canal,Unnamed Waterway,0,0
1090590090,river,Unnamed Waterway,0,0
1090590091,stream,Unnamed Waterway,0,0
1090590092,stream,Unnamed Waterway,0,0
1090590093,stream,Unnamed Waterway,0,0
1090590094,stream,Unnamed Waterway,0,0
1090590095,stream,Unnamed Waterway,0,0
1090590096,stream,Unnamed Waterway,0,0
1090590097,stream,Unnamed Waterway,0,0
1090611710,river,Unnamed Waterway,0,0
1090713062,canal,Unnamed Waterway,0,0
1090713065,canal,Unnamed Waterway,0,0
1090717545,canal,Unnamed Waterway,0,0
1090717548,river,Unnamed Waterway,0,0
1090717549,canal,Unnamed Waterway,0,0
1090717553,canal,Unnamed Waterway,0,0
1090717554,canal,Unnamed Waterway,0,0
1090717557,canal,Unnamed Waterway,0,0
1090717560,canal,Unnamed Waterway,0,0
1090723884,canal,Unnamed Waterway,0,0
1090723885,canal,Unnamed Waterway,0,0
1090723886,canal,Unnamed Waterway,0,0
1090723906,canal,Unnamed Waterway,0,0
1090723907,canal,Unnamed Waterway,0,0
1090723908,canal,Unnamed Waterway,0,0
1090723909,canal,Unnamed Waterway,0,0
1090723910,canal,Unnamed Waterway,0,0
1090723911,canal,Unnamed Waterway,0,0
1090723912,canal,Unnamed Waterway,0,0
1090723913,canal,Unnamed Waterway,0,0
1090723917,canal,Unnamed Waterway,0,0
1090723918,canal,Unnamed Waterway,0,0
1090723919,canal,Unnamed Waterway,0,0
1090748973,river,Unnamed Waterway,0,0
1090748974,river,Unnamed Waterway,0,0
1090748975,river,Unnamed Waterway,0,0
1090748976,river,Unnamed Waterway,0,0
1090748977,river,Unnamed Waterway,0,0
1090748978,river,Unnamed Waterway,0,0
1090748979,river,Unnamed Waterway,0,0
1090748980,river,Unnamed Waterway,0,0
1090748982,river,Unnamed Waterway,0,0
1090748983,river,Unnamed Waterway,0,0
1090748984,river,Unnamed Waterway,0,0
1090748985,river,Unnamed Waterway,0,0
1090749384,river,Unnamed Waterway,0,0
1090749389,river,Unnamed Waterway,0,0
1090749390,river,Unnamed Waterway,0,0
1090752982,canal,Unnamed Waterway,0,0
1090752983,canal,Unnamed Waterway,0,0
1090752984,canal,Unnamed Waterway,0,0
1090752985,canal,Unnamed Waterway,0,0
1090752990,canal,Unnamed Waterway,0,0
1090752991,canal,Unnamed Waterway,0,0
1090752994,canal,Unnamed Waterway,0,0
1090752995,canal,Unnamed Waterway,0,0
1090752996,canal,Unnamed Waterway,0,0
1090752998,canal,Unnamed Waterway,0,0
1090752999,canal,Unnamed Waterway,0,0
1090753000,canal,Unnamed Waterway,0,0
1090753001,canal,Unnamed Waterway,0,0
1090753002,canal,Unnamed Waterway,0,0
1090753003,canal,Unnamed Waterway,0,0
1090753004,canal,Unnamed Waterway,0,0
1090772802,canal,Unnamed Waterway,0,0
1090772803,canal,Unnamed Waterway,0,0
1090774083,canal,Unnamed Waterway,0,0
1090774084,canal,Unnamed Waterway,0,0
1090774085,canal,Unnamed Waterway,0,0
1090777869,canal,Unnamed Waterway,0,0
1090777870,canal,Unnamed Waterway,0,0
1090777884,canal,Unnamed Waterway,0,0
1090784413,canal,Unnamed Waterway,0,0
1090784419,river,ربّی کینال,0,0
1090823350,stream,Unnamed Waterway,0,0
1090823351,stream,Unnamed Waterway,0,0
1090823353,stream,Unnamed Waterway,0,0
1090823356,river,Unnamed Waterway,0,0
1090823357,stream,Unnamed Waterway,0,0
1090823358,stream,Unnamed Waterway,0,0
1090823359,stream,Unnamed Waterway,0,0
1090823360,stream,Unnamed Waterway,0,0
1090823361,stream,Unnamed Waterway,0,0
1090823362,stream,Unnamed Waterway,0,0
1090823363,stream,Unnamed Waterway,0,0
1090823364,stream,Unnamed Waterway,0,0
1090918522,canal,Taja Shakh,0,0
1090921355,canal,Unnamed Waterway,0,0
1090921367,canal,نور واہ,0,0
1090921370,canal,Unnamed Waterway,0,0
1090921385,canal,Unnamed Waterway,0,0
1090921388,canal,Unnamed Waterway,0,0
1090921393,river,بیگاری کینال,0,0
1090952298,canal,Unnamed Waterway,0,0
1090966768,canal,Unnamed Waterway,0,0
1090966770,canal,Unnamed Waterway,0,0
1090966771,river,Unnamed Waterway,0,0
1090966772,river,Unnamed Waterway,0,0
1090966773,canal,Unnamed Waterway,0,0
1090966776,canal,Unnamed Waterway,0,0
1090966784,canal,Unnamed Waterway,0,0
1090966785,canal,Unnamed Waterway,0,0
1090966796,canal,Unnamed Waterway,0,0
1090968910,canal,Unnamed Waterway,0,0
1090968911,canal,Unnamed Waterway,0,0
1090968912,canal,Unnamed Waterway,0,0
1090968913,canal,Unnamed Waterway,0,0
1090969734,river,Unnamed Waterway,0,0
1090970285,canal,Unnamed Waterway,0,0
1090970298,canal,Unnamed Waterway,0,0
1090973752,canal,Unnamed Waterway,0,0
1091001175,canal,Unnamed Waterway,0,0
1091002820,river,Unnamed Waterway,0,0
1091004637,river,Unnamed Waterway,0,0
1091004640,canal,Unnamed Waterway,0,0
1091004641,river,Unnamed Waterway,0,0
1091006614,canal,Unnamed Waterway,0,0
1091013188,river,Unnamed Waterway,0,0
1091013198,river,Unnamed Waterway,0,0
1091016044,canal,Unnamed Waterway,0,0
1091016394,canal,Unnamed Waterway,0,0
1091016395,canal,Unnamed Waterway,0,0
1091025170,canal,Unnamed Waterway,0,0
1091025175,canal,Unnamed Waterway,0,0
1091025261,canal,Unnamed Waterway,0,0
1091025262,canal,Unnamed Waterway,0,0
1091025274,canal,Unnamed Waterway,0,0
1091028010,river,Unnamed Waterway,0,0
1091040683,canal,Unnamed Waterway,0,0
1091086321,river,Unnamed Waterway,0,0
1091086322,river,Unnamed Waterway,0,0
1091086330,river,Unnamed Waterway,0,0
1091088840,river,Unnamed Waterway,0,0
1091088841,river,Unnamed Waterway,0,0
1091088850,river,Unnamed Waterway,0,0
1091088851,river,Unnamed Waterway,0,0
1091088852,river,Unnamed Waterway,0,0
1091090880,river,Unnamed Waterway,0,0
1091091111,canal,Unnamed Waterway,0,0
1091091112,canal,Unnamed Waterway,0,0
1091091113,canal,Unnamed Waterway,0,0
1091091784,canal,Unnamed Waterway,0,0
1091095302,canal,Unnamed Waterway,0,0
1091095303,canal,Unnamed Waterway,0,0
1091095304,canal,Unnamed Waterway,0,0
1091095305,canal,Unnamed Waterway,0,0
1091146165,canal,Unnamed Waterway,0,0
1091146174,canal,Unnamed Waterway,0,0
1091158529,canal,Unnamed Waterway,0,0
1091158530,canal,Unnamed Waterway,0,0
1091158531,canal,Unnamed Waterway,0,0
1091158533,canal,Unnamed Waterway,0,0
1091158534,canal,Unnamed Waterway,0,0
1091158535,canal,Unnamed Waterway,0,0
1091158536,canal,Unnamed Waterway,0,0
1091158537,canal,Unnamed Waterway,0,0
1091158540,canal,Unnamed Waterway,0,0
1091158541,canal,Unnamed Waterway,0,0
1091158542,canal,Unnamed Waterway,0,0
1091158543,canal,Unnamed Waterway,0,0
1091158544,canal,Unnamed Waterway,0,0
1091158545,canal,Unnamed Waterway,0,0
1091158546,canal,Unnamed Waterway,0,0
1091158547,canal,Unnamed Waterway,0,0
1091158548,canal,Unnamed Waterway,0,0
1091158549,canal,Unnamed Waterway,0,0
1091158550,canal,Unnamed Waterway,0,0
1091158551,canal,Unnamed Waterway,0,0
1091158552,canal,Unnamed Waterway,0,0
1091158553,canal,Unnamed Waterway,0,0
1091158554,canal,Unnamed Waterway,0,0
1091158555,canal,Unnamed Waterway,0,0
1091158556,canal,Unnamed Waterway,0,0
1091158557,canal,Unnamed Waterway,0,0
1091158558,canal,Unnamed Waterway,0,0
1091158559,canal,Unnamed Waterway,0,0
1091158560,canal,Unnamed Waterway,0,0
1091158561,canal,Unnamed Waterway,0,0
1091158562,canal,Unnamed Waterway,0,0
1091158563,canal,Unnamed Waterway,0,0
1091158564,canal,Unnamed Waterway,0,0
1091158565,canal,Unnamed Waterway,0,0
1091158566,canal,Unnamed Waterway,0,0
1091158567,canal,Unnamed Waterway,0,0
1091158568,canal,Unnamed Waterway,0,0
1091158569,canal,Unnamed Waterway,0,0
1091158571,canal,Unnamed Waterway,0,0
1091158572,canal,Unnamed Waterway,0,0
1091158573,canal,Unnamed Waterway,0,0
1091158574,canal,Unnamed Waterway,0,0
1091158575,canal,Unnamed Waterway,0,0
1091158576,canal,Unnamed Waterway,0,0
1091158579,canal,Unnamed Waterway,0,0
1091158580,canal,Unnamed Waterway,0,0
1091158598,river,Unnamed Waterway,0,0
1091158599,river,Unnamed Waterway,0,0
1091159836,river,Unnamed Waterway,0,0
1091162466,river,Unnamed Waterway,0,0
1091163719,river,Unnamed Waterway,0,0
1091163720,river,Unnamed Waterway,0,0
1091164784,canal,Unnamed Waterway,0,0
1091164785,canal,Unnamed Waterway,0,0
1091164786,canal,Unnamed Waterway,0,0
1091167025,canal,Unnamed Waterway,0,0
1091176295,canal,Unnamed Waterway,0,0
1091176296,canal,Unnamed Waterway,0,0
1091176297,canal,Unnamed Waterway,0,0
1091176298,canal,Unnamed Waterway,0,0
1091189269,stream,Unnamed Waterway,0,0
1091189270,canal,Unnamed Waterway,0,0
1091189273,canal,Unnamed Waterway,0,0
1091189275,canal,Unnamed Waterway,0,0
1091189276,canal,Unnamed Waterway,0,0
1091189277,canal,Unnamed Waterway,0,0
1091189278,canal,Unnamed Waterway,0,0
1091194633,river,Unnamed Waterway,0,0
1091209427,river,Unnamed Waterway,0,0
1091217846,canal,Unnamed Waterway,0,0
1091239392,canal,Unnamed Waterway,0,0
1091240002,canal,Unnamed Waterway,0,0
1091240003,canal,Unnamed Waterway,0,0
1091294410,canal,Unnamed Waterway,0,0
1091303994,canal,Unnamed Waterway,0,0
1091303995,canal,Unnamed Waterway,0,0
1091303996,canal,Unnamed Waterway,0,0
1091303997,canal,Unnamed Waterway,0,0
1091303998,canal,Unnamed Waterway,0,0
1091303999,canal,Unnamed Waterway,0,0
1091309059,canal,Unnamed Waterway,0,0
1091309060,canal,Unnamed Waterway,0,0
1091311718,canal,Unnamed Waterway,0,0
1091317012,canal,Unnamed Waterway,0,0
1091317013,canal,Unnamed Waterway,0,0
1091317014,canal,Unnamed Waterway,0,0
1091317015,canal,Unnamed Waterway,0,0
1091317016,canal,Unnamed Waterway,0,0
1091317017,canal,Unnamed Waterway,0,0
1091317018,canal,Unnamed Waterway,0,0
1091317019,canal,Unnamed Waterway,0,0
1091318653,canal,Unnamed Waterway,0,0
1091318654,canal,Unnamed Waterway,0,0
1091318656,canal,Unnamed Waterway,0,0
1091318658,canal,Unnamed Waterway,0,0
1091318659,canal,Unnamed Waterway,0,0
1091318660,canal,Unnamed Waterway,0,0
1091318661,canal,Unnamed Waterway,0,0
1091318662,canal,Unnamed Waterway,0,0
1091318663,canal,Unnamed Waterway,0,0
1091318664,canal,Unnamed Waterway,0,0
1091318665,canal,Unnamed Waterway,0,0
1091318666,canal,Unnamed Waterway,0,0
1091318668,river,Unnamed Waterway,0,0
1091318669,river,Unnamed Waterway,0,0
1091318670,river,Unnamed Waterway,0,0
1091318671,canal,Unnamed Waterway,0,0
1091318672,canal,Unnamed Waterway,0,0
1091318673,canal,Unnamed Waterway,0,0
1091318674,canal,Unnamed Waterway,0,0
1091318677,canal,Unnamed Waterway,0,0
1091318678,canal,Unnamed Waterway,0,0
1091318679,canal,Unnamed Waterway,0,0
1091318680,canal,Unnamed Waterway,0,0
1091318682,canal,Unnamed Waterway,0,0
1091318683,canal,Unnamed Waterway,0,0
1091318684,canal,Unnamed Waterway,0,0
1091318687,canal,Unnamed Waterway,0,0
1091318688,canal,Unnamed Waterway,0,0
1091318689,canal,Unnamed Waterway,0,0
1091318690,canal,Unnamed Waterway,0,0
1091318691,canal,Unnamed Waterway,0,0
1091318693,canal,Unnamed Waterway,0,0
1091318697,canal,Unnamed Waterway,0,0
1091318698,canal,Unnamed Waterway,0,0
1091318702,canal,Unnamed Waterway,0,0
1091318706,canal,Unnamed Waterway,0,0
1091318707,canal,Unnamed Waterway,0,0
1091318708,canal,Unnamed Waterway,0,0
1091318711,canal,Unnamed Waterway,0,0
1091318713,canal,Unnamed Waterway,0,0
1091318715,canal,Unnamed Waterway,0,0
1091318717,river,Unnamed Waterway,0,0
1091348297,stream,Unnamed Waterway,0,0
1091348298,river,Unnamed Waterway,0,0
1091348299,river,Unnamed Waterway,0,0
1091348302,river,Unnamed Waterway,0,0
1091348303,river,Unnamed Waterway,0,0
1091348304,river,Unnamed Waterway,0,0
1091348305,river,Unnamed Waterway,0,0
1091348306,river,Unnamed Waterway,0,0
1091348310,river,Unnamed Waterway,0,0
1091348311,river,Unnamed Waterway,0,0
1091348312,river,Unnamed Waterway,0,0
1091348320,river,Unnamed Waterway,0,0
1091348321,stream,Unnamed Waterway,0,0
1091348322,river,Unnamed Waterway,0,0
1091348325,river,Unnamed Waterway,0,0
1091348326,river,Unnamed Waterway,0,0
1091348327,river,Unnamed Waterway,0,0
1091348330,river,Unnamed Waterway,0,0
1091348331,river,Unnamed Waterway,0,0
1091348336,stream,Unnamed Waterway,0,0
1091348343,river,Unnamed Waterway,0,0
1091348347,river,Unnamed Waterway,0,0
1091348350,river,Unnamed Waterway,0,0
1091348352,river,Unnamed Waterway,0,0
1091348353,river,Unnamed Waterway,0,0
1091348355,river,Unnamed Waterway,0,0
1091348357,river,Unnamed Waterway,0,0
1091348359,river,Unnamed Waterway,0,0
1091348361,river,Unnamed Waterway,0,0
1091348362,stream,Unnamed Waterway,0,0
1091348363,stream,Unnamed Waterway,0,0
1091348364,river,Unnamed Waterway,0,0
1091348365,river,Unnamed Waterway,0,0
1091348366,river,Unnamed Waterway,0,0
1091348367,river,Unnamed Waterway,0,0
1091348370,river,Unnamed Waterway,0,0
1091348371,river,Unnamed Waterway,0,0
1091348373,river,Unnamed Waterway,0,0
1091348374,river,Unnamed Waterway,0,0
1091348375,river,Unnamed Waterway,0,0
1091348376,river,Unnamed Waterway,0,0
1091348377,river,Unnamed Waterway,0,0
1091348378,river,Unnamed Waterway,0,0
1091348379,river,Unnamed Waterway,0,0
1091348380,river,Unnamed Waterway,0,0
1091348381,river,Unnamed Waterway,0,0
1091348382,river,Unnamed Waterway,0,0
1091348383,river,Unnamed Waterway,0,0
1091348385,river,Unnamed Waterway,0,0
1091348386,river,Unnamed Waterway,0,0
1091348387,stream,Unnamed Waterway,0,0
1091348388,river,Unnamed Waterway,0,0
1091348389,river,Unnamed Waterway,0,0
1091348391,river,Unnamed Waterway,0,0
1091348394,river,Unnamed Waterway,0,0
1091348395,river,Unnamed Waterway,0,0
1091348396,river,Unnamed Waterway,0,0
1091348397,river,Unnamed Waterway,0,0
1091348398,river,Unnamed Waterway,0,0
1091348399,river,Unnamed Waterway,0,0
1091348400,river,Unnamed Waterway,0,0
1091348422,canal,Unnamed Waterway,0,0
1091348428,canal,Unnamed Waterway,0,0
1091348434,river,Unnamed Waterway,0,0
1091348435,river,Unnamed Waterway,0,0
1091348436,river,Unnamed Waterway,0,0
1091348437,river,Unnamed Waterway,0,0
1091348438,river,Unnamed Waterway,0,0
1091348439,river,Unnamed Waterway,0,0
1091348442,river,Unnamed Waterway,0,0
1091348445,river,Unnamed Waterway,0,0
1091348448,river,Unnamed Waterway,0,0
1091348449,river,Unnamed Waterway,0,0
1091348450,river,Unnamed Waterway,0,0
1091348451,river,Unnamed Waterway,0,0
1091348452,stream,Unnamed Waterway,0,0
1091348453,stream,Unnamed Waterway,0,0
1091348454,stream,Unnamed Waterway,0,0
1091348455,stream,Unnamed Waterway,0,0
1091348456,river,Unnamed Waterway,0,0
1091348459,river,Unnamed Waterway,0,0
1091348460,river,Unnamed Waterway,0,0
1091348461,river,Unnamed Waterway,0,0
1091348462,river,Unnamed Waterway,0,0
1091348464,river,Unnamed Waterway,0,0
1091348465,river,Unnamed Waterway,0,0
1091348467,river,Unnamed Waterway,0,0
1091348470,stream,Unnamed Waterway,0,0
1091348477,river,Unnamed Waterway,0,0
1091348478,river,Unnamed Waterway,0,0
1091348481,river,Unnamed Waterway,0,0
1091348482,river,Unnamed Waterway,0,0
1091348485,river,Unnamed Waterway,0,0
1091348487,river,Unnamed Waterway,0,0
1091348488,river,Unnamed Waterway,0,0
1091348489,river,Unnamed Waterway,0,0
1091348491,river,Unnamed Waterway,0,0
1091348492,stream,Unnamed Waterway,0,0
1091348493,river,Unnamed Waterway,0,0
1091348497,stream,Unnamed Waterway,0,0
1091348500,river,Unnamed Waterway,0,0
1091348502,river,Unnamed Waterway,0,0
1091348505,river,Unnamed Waterway,0,0
1091348506,river,Unnamed Waterway,0,0
1091348507,river,Unnamed Waterway,0,0
1091348508,river,Unnamed Waterway,0,0
1091348511,river,Unnamed Waterway,0,0
1091348512,river,Unnamed Waterway,0,0
1091348514,river,Unnamed Waterway,0,0
1091348517,river,Unnamed Waterway,0,0
1091348518,river,Unnamed Waterway,0,0
1091348528,river,Unnamed Waterway,0,0
1091348531,river,Unnamed Waterway,0,0
1091348541,river,Unnamed Waterway,0,0
1091355283,river,Unnamed Waterway,0,0
1091355293,river,Unnamed Waterway,0,0
1091355294,river,Unnamed Waterway,0,0
1091355298,river,Unnamed Waterway,0,0
1091355303,river,Unnamed Waterway,0,0
1091355312,river,Unnamed Waterway,0,0
1091355321,river,Unnamed Waterway,0,0
1091355322,stream,Unnamed Waterway,0,0
1091355323,river,Unnamed Waterway,0,0
1091355330,river,Unnamed Waterway,0,0
1091372546,river,Unnamed Waterway,0,0
1091372547,river,Unnamed Waterway,0,0
1091372549,river,Unnamed Waterway,0,0
1091372553,river,Unnamed Waterway,0,0
1091372557,river,Unnamed Waterway,0,0
1091372558,river,Unnamed Waterway,0,0
1091372562,river,Unnamed Waterway,0,0
1091372563,river,Unnamed Waterway,0,0
1091372565,river,Unnamed Waterway,0,0
1091372566,river,Unnamed Waterway,0,0
1091372567,river,Unnamed Waterway,0,0
1091372569,river,Unnamed Waterway,0,0
1091372570,canal,Unnamed Waterway,0,0
1091372571,canal,Unnamed Waterway,0,0
1091372573,stream,Unnamed Waterway,0,0
1091372576,river,Unnamed Waterway,0,0
1091372578,river,Unnamed Waterway,0,0
1091372579,river,Unnamed Waterway,0,0
1091372582,river,Unnamed Waterway,0,0
1091372587,river,Unnamed Waterway,0,0
1091372588,river,Unnamed Waterway,0,0
1091372589,river,Unnamed Waterway,0,0
1091372590,river,Unnamed Waterway,0,0
1091372591,river,Unnamed Waterway,0,0
1091372592,river,Unnamed Waterway,0,0
1091372593,river,Unnamed Waterway,0,0
1091372594,river,Unnamed Waterway,0,0
1091372595,river,Unnamed Waterway,0,0
1091372596,river,Unnamed Waterway,0,0
1091372597,river,Unnamed Waterway,0,0
1091372602,river,Babakar Lahar,0,0
1091372603,river,Unnamed Waterway,0,0
1091372604,river,Unnamed Waterway,0,0
1091372605,river,Unnamed Waterway,0,0
1091372607,river,Unnamed Waterway,0,0
1091372608,river,Unnamed Waterway,0,0
1091372609,river,Unnamed Waterway,0,0
1091372611,river,Unnamed Waterway,0,0
1091372612,river,Unnamed Waterway,0,0
1091372613,river,Unnamed Waterway,0,0
1091372615,river,Unnamed Waterway,0,0
1091372616,river,Unnamed Waterway,0,0
1091372619,river,Unnamed Waterway,0,0
1091372620,river,Unnamed Waterway,0,0
1091372624,river,Unnamed Waterway,0,0
1091372625,river,Unnamed Waterway,0,0
1091372627,river,Unnamed Waterway,0,0
1091388946,river,Unnamed Waterway,0,0
1091388947,stream,Unnamed Waterway,0,0
1091388948,river,Unnamed Waterway,0,0
1091388949,river,Unnamed Waterway,0,0
1091388950,river,Unnamed Waterway,0,0
1091388951,river,Unnamed Waterway,0,0
1091388952,river,Unnamed Waterway,0,0
1091388953,river,Unnamed Waterway,0,0
1091388954,river,Unnamed Waterway,0,0
1091388955,river,Unnamed Waterway,0,0
1091388956,river,Unnamed Waterway,0,0
1091388957,river,Unnamed Waterway,0,0
1091388958,river,Unnamed Waterway,0,0
1091388959,river,Unnamed Waterway,0,0
1091388960,river,Unnamed Waterway,0,0
1091388962,canal,Unnamed Waterway,0,0
1091388963,canal,Unnamed Waterway,0,0
1091388964,river,Unnamed Waterway,0,0
1091388965,river,Unnamed Waterway,0,0
1091388966,river,Unnamed Waterway,0,0
1091388967,river,Unnamed Waterway,0,0
1091388968,river,Unnamed Waterway,0,0
1091388969,river,Unnamed Waterway,0,0
1091388970,river,Unnamed Waterway,0,0
1091388972,river,Shora Rud,0,0
1091388973,river,Unnamed Waterway,0,0
1091388975,river,Unnamed Waterway,0,0
1091388976,canal,Unnamed Waterway,0,0
1091388977,river,Shora Rud,0,0
1091388978,river,Unnamed Waterway,0,0
1091388979,river,Unnamed Waterway,0,0
1091388984,river,Unnamed Waterway,0,0
1091388985,river,Unnamed Waterway,0,0
1091388986,river,Unnamed Waterway,0,0
1091388990,river,Unnamed Waterway,0,0
1091388991,river,Unnamed Waterway,0,0
1091388992,river,Unnamed Waterway,0,0
1091388994,river,Unnamed Waterway,0,0
1091388996,river,Unnamed Waterway,0,0
1091388997,river,Unnamed Waterway,0,0
1091389000,river,Unnamed Waterway,0,0
1091389001,river,Unnamed Waterway,0,0
1091389002,river,Unnamed Waterway,0,0
1091389005,river,Unnamed Waterway,0,0
1091389011,river,Unnamed Waterway,0,0
1091389012,river,Unnamed Waterway,0,0
1091402913,canal,Unnamed Waterway,0,0
1091402914,canal,Unnamed Waterway,0,0
1091403184,canal,Unnamed Waterway,0,0
1091405180,canal,Unnamed Waterway,0,0
1091405181,canal,Unnamed Waterway,0,0
1091405184,canal,Unnamed Waterway,0,0
1091405185,canal,Unnamed Waterway,0,0
1091405196,canal,Unnamed Waterway,0,0
1091405197,canal,Unnamed Waterway,0,0
1091487877,canal,Unnamed Waterway,0,0
1091502907,canal,Unnamed Waterway,0,0
1091504189,canal,Unnamed Waterway,0,0
1091507308,canal,Unnamed Waterway,0,0
1091507323,canal,Unnamed Waterway,0,0
1091507357,canal,Unnamed Waterway,0,0
1091509113,canal,Unnamed Waterway,0,0
1091509114,canal,Unnamed Waterway,0,0
1091515432,canal,Unnamed Waterway,0,0
1091515433,canal,Unnamed Waterway,0,0
1091515436,canal,Unnamed Waterway,0,0
1091515437,canal,Unnamed Waterway,0,0
1091530768,canal,Unnamed Waterway,0,0
1091530769,canal,Unnamed Waterway,0,0
1091530770,canal,Unnamed Waterway,0,0
1091530771,canal,Unnamed Waterway,0,0
1091530772,canal,Unnamed Waterway,0,0
1091535784,canal,Unnamed Waterway,0,0
1091535785,canal,Unnamed Waterway,0,0
1091535789,canal,Unnamed Waterway,0,0
1091535790,canal,Unnamed Waterway,0,0
1091535791,canal,Unnamed Waterway,0,0
1091535812,canal,Unnamed Waterway,0,0
1091535813,canal,Unnamed Waterway,0,0
1091535814,canal,Unnamed Waterway,0,0
1091535815,canal,Unnamed Waterway,0,0
1091535820,canal,Unnamed Waterway,0,0
1091535821,canal,Unnamed Waterway,0,0
1091535822,canal,Unnamed Waterway,0,0
1091535823,canal,Unnamed Waterway,0,0
1091538487,canal,Unnamed Waterway,0,0
1091538535,canal,Unnamed Waterway,0,0
1091540061,canal,Unnamed Waterway,0,0
1091540062,canal,Unnamed Waterway,0,0
1091540064,canal,Unnamed Waterway,0,0
1091540067,canal,Unnamed Waterway,0,0
1091540670,canal,Unnamed Waterway,0,0
1091544729,canal,Unnamed Waterway,0,0
1091581284,river,Roopa Shaakh,0,0
1091581285,canal,Unnamed Waterway,0,0
1091586013,canal,Unnamed Waterway,0,0
1091614167,canal,Unnamed Waterway,0,0
1091614172,canal,Unnamed Waterway,0,0
1091614184,canal,Unnamed Waterway,0,0
1091616057,canal,Unnamed Waterway,0,0
1091656951,canal,Unnamed Waterway,0,0
1091660157,canal,Unnamed Waterway,0,0
1091660160,canal,Unnamed Waterway,0,0
1091660161,canal,Unnamed Waterway,0,0
1091662389,canal,Unnamed Waterway,0,0
1091685161,canal,Unnamed Waterway,0,0
1091712756,canal,Unnamed Waterway,0,0
1091712757,canal,Unnamed Waterway,0,0
1091712758,canal,Unnamed Waterway,0,0
1091712759,canal,Unnamed Waterway,0,0
1091788734,stream,Unnamed Waterway,0,0
1091792333,canal,Unnamed Waterway,0,0
1091792335,canal,Unnamed Waterway,0,0
1091792336,canal,Unnamed Waterway,0,0
1091800533,canal,Unnamed Waterway,0,0
1091808044,river,Unnamed Waterway,0,0
1091808045,river,Pat Feeder Canal,0,0
1091808048,river,Unnamed Waterway,0,0
1091810987,river,Unnamed Waterway,0,0
1091811675,canal,Unnamed Waterway,0,0
1091811681,canal,Unnamed Waterway,0,0
1091811684,canal,Unnamed Waterway,0,0
1091812650,river,Unnamed Waterway,0,0
1091814661,river,Unnamed Waterway,0,0
1091814662,river,Unnamed Waterway,0,0
1091814663,stream,Unnamed Waterway,0,0
1091814664,stream,Unnamed Waterway,0,0
1091912653,canal,Unnamed Waterway,0,0
1091912684,canal,Unnamed Waterway,0,0
1091912710,canal,Unnamed Waterway,0,0
1091912719,canal,Unnamed Waterway,0,0
1092057847,canal,Unnamed Waterway,0,0
1092078174,canal,Unnamed Waterway,0,0
1092081511,canal,Unnamed Waterway,0,0
1092081513,canal,Unnamed Waterway,0,0
1092085360,canal,Unnamed Waterway,0,0
1092085363,canal,Unnamed Waterway,0,0
1092086618,canal,Unnamed Waterway,0,0
1092119780,stream,Unnamed Waterway,0,0
1092119790,canal,Unnamed Waterway,0,0
1092119791,canal,Unnamed Waterway,0,0
1092129033,canal,Unnamed Waterway,0,0
1092129044,canal,Unnamed Waterway,0,0
1092129045,canal,Unnamed Waterway,0,0
1092129046,canal,Unnamed Waterway,0,0
1092133133,canal,Unnamed Waterway,0,0
1092165120,river,Unnamed Waterway,0,0
1092165121,river,Unnamed Waterway,0,0
1092165122,canal,Unnamed Waterway,0,0
1092165646,canal,Unnamed Waterway,0,0
1092165649,canal,Unnamed Waterway,0,0
1092168267,canal,Unnamed Waterway,0,0
1092198317,canal,Unnamed Waterway,0,0
1092199095,river,Kirther Canal,0,0
1092199096,river,Northwestern Canal,0,0
1092209375,canal,Unnamed Waterway,0,0
1092220972,river,Unnamed Waterway,0,0
1092220973,river,Unnamed Waterway,0,0
1092220974,river,Unnamed Waterway,0,0
1092220980,river,Unnamed Waterway,0,0
1092221467,stream,Unnamed Waterway,0,0
1092221468,stream,Unnamed Waterway,0,0
1092267483,canal,Kanhar Minor,0,0
1092288509,canal,Unnamed Waterway,0,0
1092294331,canal,Unnamed Waterway,0,0
1092294332,canal,Unnamed Waterway,0,0
1092301246,canal,Unnamed Waterway,0,0
1092301247,canal,Unnamed Waterway,0,0
1092301248,canal,Unnamed Waterway,0,0
1092301249,canal,Unnamed Waterway,0,0
1092301250,canal,Unnamed Waterway,0,0
1092301251,canal,Unnamed Waterway,0,0
1092301252,canal,Unnamed Waterway,0,0
1092301253,canal,Unnamed Waterway,0,0
1092301254,canal,Unnamed Waterway,0,0
1092301781,canal,Unnamed Waterway,0,0
1092305930,canal,Unnamed Waterway,0,0
1092354290,canal,Unnamed Waterway,0,0
1092354291,canal,Unnamed Waterway,0,0
1092354292,canal,Unnamed Waterway,0,0
1092354293,canal,Unnamed Waterway,0,0
1092354294,canal,Unnamed Waterway,0,0
1092354295,canal,Unnamed Waterway,0,0
1092354296,canal,Unnamed Waterway,0,0
1092398050,river,Unnamed Waterway,0,0
1092461324,river,Unnamed Waterway,0,0
1092465101,canal,Unnamed Waterway,0,0
1092466519,canal,Unnamed Waterway,0,0
1092468085,canal,Unnamed Waterway,0,0
1092494469,canal,Unnamed Waterway,0,0
1092606996,river,Unnamed Waterway,0,0
1092606997,river,Unnamed Waterway,0,0
1092606998,river,Unnamed Waterway,0,0
1092625786,canal,Unnamed Waterway,0,0
1092625820,canal,Unnamed Waterway,0,0
1092625821,canal,Unnamed Waterway,0,0
1092625939,canal,Unnamed Waterway,0,0
1092625940,canal,Unnamed Waterway,0,0
1092625944,canal,Unnamed Waterway,0,0
1092625945,canal,Unnamed Waterway,0,0
1092625948,canal,Unnamed Waterway,0,0
1092625949,canal,Unnamed Waterway,0,0
1092625959,canal,Unnamed Waterway,0,0
1092625961,canal,Unnamed Waterway,0,0
1092626068,canal,Unnamed Waterway,0,0
1092626069,canal,Unnamed Waterway,0,0
1092626070,canal,Unnamed Waterway,0,0
1092626071,canal,Unnamed Waterway,0,0
1092626072,canal,Unnamed Waterway,0,0
1092626073,canal,Unnamed Waterway,0,0
1092626081,canal,Unnamed Waterway,0,0
1092626082,canal,Unnamed Waterway,0,0
1092626084,canal,Unnamed Waterway,0,0
1092626085,canal,Unnamed Waterway,0,0
1092626086,canal,Unnamed Waterway,0,0
1092792576,canal,Unnamed Waterway,0,0
1092792577,canal,Unnamed Waterway,0,0
1092792631,canal,Unnamed Waterway,0,0
1092853169,river,Unnamed Waterway,0,0
1092862647,river,Unnamed Waterway,0,0
1092862648,river,Unnamed Waterway,0,0
1092863616,river,Unnamed Waterway,0,0
1092958869,stream,Unnamed Waterway,0,0
1093025967,canal,Unnamed Waterway,0,0
1093025968,canal,Unnamed Waterway,0,0
1093028370,stream,Unnamed Waterway,0,0
1093028371,stream,Unnamed Waterway,0,0
1093029812,canal,Unnamed Waterway,0,0
1093029813,canal,Unnamed Waterway,0,0
1093029814,canal,Unnamed Waterway,0,0
1093029815,canal,Unnamed Waterway,0,0
1093029816,canal,Unnamed Waterway,0,0
1093029846,river,Unnamed Waterway,0,0
1093029847,river,Unnamed Waterway,0,0
1093029860,canal,Unnamed Waterway,0,0
1093029861,canal,Unnamed Waterway,0,0
1093029862,canal,Unnamed Waterway,0,0
1093029863,canal,Unnamed Waterway,0,0
1093029864,canal,Unnamed Waterway,0,0
1093029865,canal,Unnamed Waterway,0,0
1093029866,canal,Unnamed Waterway,0,0
1093029871,canal,Unnamed Waterway,0,0
1093029876,canal,Unnamed Waterway,0,0
1093108833,canal,Unnamed Waterway,0,0
1093108834,canal,Unnamed Waterway,0,0
1093108835,canal,Unnamed Waterway,0,0
1093108836,canal,Unnamed Waterway,0,0
1093108837,canal,Unnamed Waterway,0,0
1093108838,canal,Unnamed Waterway,0,0
1093108840,canal,Unnamed Waterway,0,0
1093108846,canal,Unnamed Waterway,0,0
1093183497,canal,Unnamed Waterway,0,0
1093183498,canal,Unnamed Waterway,0,0
1093183500,canal,Unnamed Waterway,0,0
1093183501,canal,Unnamed Waterway,0,0
1093183502,canal,بیگاری کینال,0,0
1093183503,canal,بیگاری کینال,0,0
1093183504,canal,بیگاری کینال,0,0
1093183505,canal,بیگاری کینال,0,0
1093183506,canal,بیگاری کینال,0,0
1093183507,canal,بیگاری کینال,0,0
1093183508,canal,بیگاری کینال,0,0
1093183509,canal,بیگاری کینال,0,0
1093183510,canal,بیگاری کینال,0,0
1093183532,canal,Unnamed Waterway,0,0
1093183533,canal,Unnamed Waterway,0,0
1093183534,canal,Unnamed Waterway,0,0
1093183558,canal,Unnamed Waterway,0,0
1093183559,canal,Unnamed Waterway,0,0
1093183560,canal,Unnamed Waterway,0,0
1093183561,canal,Unnamed Waterway,0,0
1093183562,canal,Saifullah Canal,0,0
1093189953,canal,Unnamed Waterway,0,0
1093189954,canal,Unnamed Waterway,0,0
1093189983,canal,Unnamed Waterway,0,0
1093189984,canal,Unnamed Waterway,0,0
1093189985,canal,Unnamed Waterway,0,0
1093189986,canal,Unnamed Waterway,0,0
1093189995,canal,Unnamed Waterway,0,0
1093189998,canal,Unnamed Waterway,0,0
1093190002,canal,Unnamed Waterway,0,0
1093190003,canal,Unnamed Waterway,0,0
1093190022,canal,Unnamed Waterway,0,0
1093190023,canal,Unnamed Waterway,0,0
1093190035,canal,Unnamed Waterway,0,0
1093190036,canal,Unnamed Waterway,0,0
1093198187,river,Unnamed Waterway,0,0
1093198188,river,Unnamed Waterway,0,0
1093198189,river,Unnamed Waterway,0,0
1093198190,river,Unnamed Waterway,0,0
1093198191,river,Unnamed Waterway,0,0
1093198192,river,Unnamed Waterway,0,0
1093198193,river,Unnamed Waterway,0,0
1093198194,river,Unnamed Waterway,0,0
1093198195,river,Unnamed Waterway,0,0
1093198208,river,Unnamed Waterway,0,0
1093198209,river,Unnamed Waterway,0,0
1093198210,river,Unnamed Waterway,0,0
1093198213,river,Unnamed Waterway,0,0
1093198214,river,Unnamed Waterway,0,0
1093198215,river,Unnamed Waterway,0,0
1093198218,river,Unnamed Waterway,0,0
1093198219,river,Unnamed Waterway,0,0
1093198220,river,Unnamed Waterway,0,0
1093198223,river,Unnamed Waterway,0,0
1093198224,river,Unnamed Waterway,0,0
1093198225,river,Unnamed Waterway,0,0
1093198226,river,Unnamed Waterway,0,0
1093198227,river,Unnamed Waterway,0,0
1093198228,river,Unnamed Waterway,0,0
1093198229,river,Unnamed Waterway,0,0
1093198230,river,Unnamed Waterway,0,0
1093198231,river,Unnamed Waterway,0,0
1093198232,river,Unnamed Waterway,0,0
1093198233,river,Unnamed Waterway,0,0
1093198234,river,Unnamed Waterway,0,0
1093198236,river,Unnamed Waterway,0,0
1093198237,river,Unnamed Waterway,0,0
1093198238,river,Unnamed Waterway,0,0
1093198241,river,Unnamed Waterway,0,0
1093198242,river,Unnamed Waterway,0,0
1093198243,river,Unnamed Waterway,0,0
1093198246,river,Unnamed Waterway,0,0
1093198247,river,Unnamed Waterway,0,0
1093198248,river,Unnamed Waterway,0,0
1093198251,river,Unnamed Waterway,0,0
1093198252,river,Unnamed Waterway,0,0
1093198253,river,Unnamed Waterway,0,0
1093198256,river,Unnamed Waterway,0,0
1093198257,river,Unnamed Waterway,0,0
1093198258,river,Unnamed Waterway,0,0
1093198261,river,Unnamed Waterway,0,0
1093198262,river,Unnamed Waterway,0,0
1093198263,river,Unnamed Waterway,0,0
1093198266,river,Unnamed Waterway,0,0
1093198267,river,Unnamed Waterway,0,0
1093198268,river,Unnamed Waterway,0,0
1093198271,river,Unnamed Waterway,0,0
1093198272,river,Unnamed Waterway,0,0
1093198273,river,Unnamed Waterway,0,0
1093198276,river,Unnamed Waterway,0,0
1093198277,river,Unnamed Waterway,0,0
1093198278,river,Unnamed Waterway,0,0
1093198284,river,Unnamed Waterway,0,0
1093198285,river,Unnamed Waterway,0,0
1093198286,river,Unnamed Waterway,0,0
1093198289,river,Unnamed Waterway,0,0
1093198290,river,Unnamed Waterway,0,0
1093198291,river,Unnamed Waterway,0,0
1093198294,river,Unnamed Waterway,0,0
1093198295,river,Unnamed Waterway,0,0
1093198296,river,Unnamed Waterway,0,0
1093198299,river,Unnamed Waterway,0,0
1093198300,river,Unnamed Waterway,0,0
1093198301,river,Unnamed Waterway,0,0
1093198302,river,Unnamed Waterway,0,0
1093198303,canal,Unnamed Waterway,0,0
1093198304,canal,Unnamed Waterway,0,0
1093198314,river,Unnamed Waterway,0,0
1093198315,river,Unnamed Waterway,0,0
1093198316,river,Unnamed Waterway,0,0
1093198317,canal,Unnamed Waterway,0,0
1093198318,canal,Unnamed Waterway,0,0
1093198321,river,Unnamed Waterway,0,0
1093198322,river,Unnamed Waterway,0,0
1093198323,river,Unnamed Waterway,0,0
1093198326,river,Unnamed Waterway,0,0
1093198327,river,Unnamed Waterway,0,0
1093198328,river,Unnamed Waterway,0,0
1093198332,canal,Unnamed Waterway,0,0
1093198337,canal,Unnamed Waterway,0,0
1093198338,canal,Unnamed Waterway,0,0
1093198341,canal,Unnamed Waterway,0,0
1093198342,canal,Unnamed Waterway,0,0
1093198343,canal,Unnamed Waterway,0,0
1093198346,river,Unnamed Waterway,0,0
1093198347,river,Unnamed Waterway,0,0
1093198348,river,Unnamed Waterway,0,0
1093198349,canal,Unnamed Waterway,0,0
1093198350,river,Unnamed Waterway,0,0
1093198351,river,Unnamed Waterway,0,0
1093198352,river,Unnamed Waterway,0,0
1093198353,river,Unnamed Waterway,0,0
1093198354,river,Unnamed Waterway,0,0
1093198355,river,Unnamed Waterway,0,0
1093198356,river,Unnamed Waterway,0,0
1093198357,river,Unnamed Waterway,0,0
1093198358,river,Unnamed Waterway,0,0
1093198359,river,Unnamed Waterway,0,0
1093198360,canal,Unnamed Waterway,0,0
1093200374,canal,Unnamed Waterway,0,0
1093249110,canal,Unnamed Waterway,0,0
1093249114,canal,Unnamed Waterway,0,0
1093249115,canal,Unnamed Waterway,0,0
1093249119,canal,Unnamed Waterway,0,0
1093249122,canal,Unnamed Waterway,0,0
1093249123,canal,Unnamed Waterway,0,0
1093249131,canal,Unnamed Waterway,0,0
1093249133,canal,Unnamed Waterway,0,0
1093249154,canal,Unnamed Waterway,0,0
1093249160,canal,Unnamed Waterway,0,0
1093249161,canal,Unnamed Waterway,0,0
1093249178,canal,Unnamed Waterway,0,0
1093249179,canal,Unnamed Waterway,0,0
1093249192,canal,Unnamed Waterway,0,0
1093249193,canal,Unnamed Waterway,0,0
1093249194,canal,Unnamed Waterway,0,0
1093249195,canal,Unnamed Waterway,0,0
1093249196,canal,Unnamed Waterway,0,0
1093249197,canal,Unnamed Waterway,0,0
1093249203,canal,Unnamed Waterway,0,0
1093251715,canal,Unnamed Waterway,0,0
1093251737,canal,Unnamed Waterway,0,0
1093251744,canal,Dhamrah Baranch,0,0
1093253482,canal,Unnamed Waterway,0,0
1093253483,canal,Unnamed Waterway,0,0
1093253487,canal,Unnamed Waterway,0,0
1093253488,canal,Unnamed Waterway,0,0
1093253497,canal,Unnamed Waterway,0,0
1093253509,canal,Unnamed Waterway,0,0
1093274924,canal,Unnamed Waterway,0,0
1093274974,canal,Unnamed Waterway,0,0
1093274975,canal,Unnamed Waterway,0,0
1093274976,canal,Unnamed Waterway,0,0
1093274977,canal,Unnamed Waterway,0,0
1093274982,canal,Unnamed Waterway,0,0
1093274983,canal,Unnamed Waterway,0,0
1093274985,canal,Unnamed Waterway,0,0
1093274987,canal,Unnamed Waterway,0,0
1093274988,canal,Unnamed Waterway,0,0
1093274989,canal,Unnamed Waterway,0,0
1093274990,canal,Unnamed Waterway,0,0
1093274991,canal,Unnamed Waterway,0,0
1093280956,canal,Unnamed Waterway,0,0
1093280957,canal,Unnamed Waterway,0,0
1093280958,canal,Unnamed Waterway,0,0
1093280984,canal,Unnamed Waterway,0,0
1093280985,canal,Unnamed Waterway,0,0
1093280986,canal,Unnamed Waterway,0,0
1093281005,canal,Unnamed Waterway,0,0
1093281006,canal,Unnamed Waterway,0,0
1093281066,canal,Unnamed Waterway,0,0
1093281067,canal,Unnamed Waterway,0,0
1093281068,canal,Unnamed Waterway,0,0
1093281069,canal,Unnamed Waterway,0,0
1093281070,canal,Unnamed Waterway,0,0
1093281071,canal,Unnamed Waterway,0,0
1093281072,canal,Unnamed Waterway,0,0
1093281151,canal,Unnamed Waterway,0,0
1093281214,canal,Unnamed Waterway,0,0
1093281215,canal,Unnamed Waterway,0,0
1093311201,canal,Unnamed Waterway,0,0
1093311202,canal,Unnamed Waterway,0,0
1093311218,canal,Unnamed Waterway,0,0
1093311219,canal,Unnamed Waterway,0,0
1093311220,canal,Unnamed Waterway,0,0
1093311221,canal,Unnamed Waterway,0,0
1093317981,canal,Unnamed Waterway,0,0
1093328903,canal,Unnamed Waterway,0,0
1093328904,canal,Unnamed Waterway,0,0
1093328905,canal,Unnamed Waterway,0,0
1093329443,canal,Unnamed Waterway,0,0
1093353217,canal,Unnamed Waterway,0,0
1093353218,canal,Unnamed Waterway,0,0
1093353224,canal,Unnamed Waterway,0,0
1093353225,canal,Unnamed Waterway,0,0
1093353305,canal,Unnamed Waterway,0,0
1093353306,canal,Unnamed Waterway,0,0
1093353307,canal,Unnamed Waterway,0,0
1093353308,canal,Unnamed Waterway,0,0
1093353353,canal,Unnamed Waterway,0,0
1093377479,canal,Unnamed Waterway,0,0
1093382514,canal,Unnamed Waterway,0,0
1093382515,canal,Unnamed Waterway,0,0
1093382516,canal,Unnamed Waterway,0,0
1093448028,river,Unnamed Waterway,0,0
1093497627,canal,Unnamed Waterway,0,0
1093497628,canal,Unnamed Waterway,0,0
1093497641,canal,Unnamed Waterway,0,0
1093497642,canal,Unnamed Waterway,0,0
1093497643,canal,Unnamed Waterway,0,0
1093497644,canal,Unnamed Waterway,0,0
1093497645,canal,Unnamed Waterway,0,0
1093497646,canal,Unnamed Waterway,0,0
1093497647,canal,Unnamed Waterway,0,0
1093497648,canal,Unnamed Waterway,0,0
1093497649,canal,Unnamed Waterway,0,0
1093497653,canal,Unnamed Waterway,0,0
1093497654,canal,Unnamed Waterway,0,0
1093497655,canal,Unnamed Waterway,0,0
1093497656,canal,Unnamed Waterway,0,0
1093497657,canal,Unnamed Waterway,0,0
1093497658,canal,Unnamed Waterway,0,0
1093497696,canal,Unnamed Waterway,0,0
1093497697,canal,Unnamed Waterway,0,0
1093497698,canal,Unnamed Waterway,0,0
1093497699,canal,Unnamed Waterway,0,0
1093497700,canal,Unnamed Waterway,0,0
1093497701,canal,Unnamed Waterway,0,0
1093497702,canal,Unnamed Waterway,0,0
1093497703,canal,Unnamed Waterway,0,0
1093497704,canal,Unnamed Waterway,0,0
1093497705,canal,Unnamed Waterway,0,0
1093497706,canal,Unnamed Waterway,0,0
1093497707,canal,Unnamed Waterway,0,0
1093497708,canal,Unnamed Waterway,0,0
1093497714,canal,Unnamed Waterway,0,0
1093497715,canal,Unnamed Waterway,0,0
1093497716,canal,Unnamed Waterway,0,0
1093497717,canal,Unnamed Waterway,0,0
1093497718,canal,Unnamed Waterway,0,0
1093497719,canal,Unnamed Waterway,0,0
1093497720,canal,Unnamed Waterway,0,0
1093497721,canal,Unnamed Waterway,0,0
1093497722,canal,Unnamed Waterway,0,0
1093497725,canal,Unnamed Waterway,0,0
1093497726,canal,Unnamed Waterway,0,0
1093497727,canal,Unnamed Waterway,0,0
1093497728,canal,Unnamed Waterway,0,0
1093497729,canal,Unnamed Waterway,0,0
1093497730,canal,Unnamed Waterway,0,0
1093497731,canal,Unnamed Waterway,0,0
1093497732,canal,Unnamed Waterway,0,0
1093497733,canal,Unnamed Waterway,0,0
1093502012,canal,Unnamed Waterway,0,0
1093502013,canal,Unnamed Waterway,0,0
1093502030,canal,Unnamed Waterway,0,0
1093502204,canal,Unnamed Waterway,0,0
1093502205,canal,Unnamed Waterway,0,0
1093502246,canal,Unnamed Waterway,0,0
1093502247,canal,Unnamed Waterway,0,0
1093508008,canal,Unnamed Waterway,0,0
1093508361,canal,Unnamed Waterway,0,0
1093508401,stream,Unnamed Waterway,0,0
1093508656,stream,Unnamed Waterway,0,0
1093508741,stream,Unnamed Waterway,0,0
1093508868,stream,Unnamed Waterway,0,0
1093509400,stream,Unnamed Waterway,0,0
1093509454,stream,Unnamed Waterway,0,0
1093517941,canal,Unnamed Waterway,0,0
1093558649,canal,Unnamed Waterway,0,0
1093597426,canal,Unnamed Waterway,0,0
1093597427,canal,Unnamed Waterway,0,0
1093597446,canal,Unnamed Waterway,0,0
1093597447,canal,Unnamed Waterway,0,0
1093597448,canal,Unnamed Waterway,0,0
1093597451,canal,Unnamed Waterway,0,0
1093597452,canal,Unnamed Waterway,0,0
1093597453,canal,Unnamed Waterway,0,0
1093597454,canal,Unnamed Waterway,0,0
1093597455,canal,Unnamed Waterway,0,0
1093597456,canal,Unnamed Waterway,0,0
1093597457,canal,Unnamed Waterway,0,0
1093597458,canal,Unnamed Waterway,0,0
1093597459,canal,Unnamed Waterway,0,0
1093597464,canal,Unnamed Waterway,0,0
1093597465,canal,Unnamed Waterway,0,0
1093597466,canal,Unnamed Waterway,0,0
1093597467,canal,Unnamed Waterway,0,0
1093597468,canal,Unnamed Waterway,0,0
1093597469,canal,Unnamed Waterway,0,0
1093597470,canal,Unnamed Waterway,0,0
1093597471,canal,Unnamed Waterway,0,0
1093597472,canal,Unnamed Waterway,0,0
1093597473,canal,Unnamed Waterway,0,0
1093597474,canal,Unnamed Waterway,0,0
1093597481,canal,Unnamed Waterway,0,0
1093597482,canal,Unnamed Waterway,0,0
1093597486,canal,Unnamed Waterway,0,0
1093597487,canal,Unnamed Waterway,0,0
1093597488,canal,Unnamed Waterway,0,0
1093597489,canal,Unnamed Waterway,0,0
1093597490,canal,Unnamed Waterway,0,0
1093597491,canal,Unnamed Waterway,0,0
1093597492,canal,Unnamed Waterway,0,0
1093597496,canal,Unnamed Waterway,0,0
1093597497,canal,Unnamed Waterway,0,0
1093597528,canal,Unnamed Waterway,0,0
1093653343,canal,Unnamed Waterway,0,0
1093653348,canal,Unnamed Waterway,0,0
1093653350,canal,Unnamed Waterway,0,0
1093653351,canal,Unnamed Waterway,0,0
1093653352,canal,Unnamed Waterway,0,0
1093653355,canal,Unnamed Waterway,0,0
1093653357,canal,Unnamed Waterway,0,0
1093653358,canal,Unnamed Waterway,0,0
1093653363,canal,Unnamed Waterway,0,0
1093653364,canal,Unnamed Waterway,0,0
1093653365,canal,Unnamed Waterway,0,0
1093653366,canal,Unnamed Waterway,0,0
1093653367,canal,Unnamed Waterway,0,0
1093653368,canal,Unnamed Waterway,0,0
1093653370,canal,Unnamed Waterway,0,0
1093653371,canal,Unnamed Waterway,0,0
1093653372,canal,Unnamed Waterway,0,0
1093653373,canal,Unnamed Waterway,0,0
1093653374,canal,Unnamed Waterway,0,0
1093653375,canal,Unnamed Waterway,0,0
1093653376,canal,Unnamed Waterway,0,0
1093653377,canal,Unnamed Waterway,0,0
1093653380,canal,Unnamed Waterway,0,0
1093653382,canal,Unnamed Waterway,0,0
1093653383,canal,Unnamed Waterway,0,0
1093653392,canal,Unnamed Waterway,0,0
1093653393,canal,Unnamed Waterway,0,0
1093653395,canal,Unnamed Waterway,0,0
1093653396,canal,Unnamed Waterway,0,0
1093653397,canal,Unnamed Waterway,0,0
1093653398,canal,Unnamed Waterway,0,0
1093653399,canal,Unnamed Waterway,0,0
1093653400,canal,Unnamed Waterway,0,0
1093653401,canal,Unnamed Waterway,0,0
1093653402,canal,Unnamed Waterway,0,0
1093653403,canal,Unnamed Waterway,0,0
1093653404,canal,Unnamed Waterway,0,0
1093653407,canal,Unnamed Waterway,0,0
1093653408,canal,Unnamed Waterway,0,0
1093653410,canal,Unnamed Waterway,0,0
1093653411,canal,Unnamed Waterway,0,0
1093653412,canal,Unnamed Waterway,0,0
1093653415,stream,Unnamed Waterway,0,0
1093653416,stream,Unnamed Waterway,0,0
1093653418,canal,Unnamed Waterway,0,0
1093653419,canal,Unnamed Waterway,0,0
1093653420,canal,Unnamed Waterway,0,0
1093653421,canal,Unnamed Waterway,0,0
1093653422,canal,Unnamed Waterway,0,0
1093653423,canal,Unnamed Waterway,0,0
1093653426,canal,Unnamed Waterway,0,0
1093653427,canal,Unnamed Waterway,0,0
1093653428,canal,Unnamed Waterway,0,0
1093653429,canal,Unnamed Waterway,0,0
1093653430,canal,Unnamed Waterway,0,0
1093653431,canal,Unnamed Waterway,0,0
1093653432,canal,Unnamed Waterway,0,0
1093653433,canal,Unnamed Waterway,0,0
1093653434,canal,Unnamed Waterway,0,0
1093653437,canal,Unnamed Waterway,0,0
1093653439,canal,Unnamed Waterway,0,0
1093653440,canal,Unnamed Waterway,0,0
1093653441,canal,Unnamed Waterway,0,0
1093653443,canal,Unnamed Waterway,0,0
1093653444,canal,Unnamed Waterway,0,0
1093653445,canal,Unnamed Waterway,0,0
1093653446,canal,Unnamed Waterway,0,0
1093653447,canal,Unnamed Waterway,0,0
1093653448,canal,Unnamed Waterway,0,0
1093653449,canal,Unnamed Waterway,0,0
1093653450,canal,Unnamed Waterway,0,0
1093653451,canal,Unnamed Waterway,0,0
1093653452,canal,Unnamed Waterway,0,0
1093653453,canal,Unnamed Waterway,0,0
1093653454,canal,Unnamed Waterway,0,0
1093653455,canal,Unnamed Waterway,0,0
1093653456,canal,Unnamed Waterway,0,0
1093653462,canal,Unnamed Waterway,0,0
1093653484,canal,Unnamed Waterway,0,0
1093653485,canal,Unnamed Waterway,0,0
1093653486,canal,Unnamed Waterway,0,0
1093653490,canal,Unnamed Waterway,0,0
1093653491,canal,Unnamed Waterway,0,0
1093653498,canal,Unnamed Waterway,0,0
1093653499,canal,Unnamed Waterway,0,0
1093653500,canal,Unnamed Waterway,0,0
1093653501,canal,Unnamed Waterway,0,0
1093653502,canal,Unnamed Waterway,0,0
1093653504,canal,Unnamed Waterway,0,0
1093653508,canal,Unnamed Waterway,0,0
1093653509,canal,Unnamed Waterway,0,0
1093653510,canal,Unnamed Waterway,0,0
1093653511,canal,Unnamed Waterway,0,0
1093653512,canal,Unnamed Waterway,0,0
1093653513,canal,Unnamed Waterway,0,0
1093653514,canal,Unnamed Waterway,0,0
1093653515,canal,Unnamed Waterway,0,0
1093653522,canal,Unnamed Waterway,0,0
1093653523,canal,Unnamed Waterway,0,0
1093653524,canal,Unnamed Waterway,0,0
1093653525,canal,Unnamed Waterway,0,0
1093653526,canal,Unnamed Waterway,0,0
1093653527,canal,Unnamed Waterway,0,0
1093653529,canal,Unnamed Waterway,0,0
1093653530,canal,Unnamed Waterway,0,0
1093653531,canal,Unnamed Waterway,0,0
1093653532,canal,Unnamed Waterway,0,0
1093653533,canal,Unnamed Waterway,0,0
1093673572,canal,Unnamed Waterway,0,0
1093673584,canal,Unnamed Waterway,0,0
1093673585,canal,Unnamed Waterway,0,0
1093673586,canal,Unnamed Waterway,0,0
1093673612,canal,Unnamed Waterway,0,0
1093673636,canal,Unnamed Waterway,0,0
1093673655,canal,Unnamed Waterway,0,0
1093673656,canal,Unnamed Waterway,0,0
1093673657,canal,Unnamed Waterway,0,0
1093673660,canal,Unnamed Waterway,0,0
1093673662,canal,Unnamed Waterway,0,0
1093673663,canal,Unnamed Waterway,0,0
1093673665,canal,Unnamed Waterway,0,0
1093673666,canal,Unnamed Waterway,0,0
1093673667,canal,Unnamed Waterway,0,0
1093673668,canal,Unnamed Waterway,0,0
1093673669,canal,Unnamed Waterway,0,0
1093673670,canal,Unnamed Waterway,0,0
1093673671,canal,Unnamed Waterway,0,0
1093673672,canal,Unnamed Waterway,0,0
1093673673,canal,Unnamed Waterway,0,0
1093673674,canal,Unnamed Waterway,0,0
1093673675,canal,Unnamed Waterway,0,0
1093673676,canal,Unnamed Waterway,0,0
1093673678,canal,Unnamed Waterway,0,0
1093673679,canal,Unnamed Waterway,0,0
1093909475,river,Unnamed Waterway,0,0
1093961508,canal,Unnamed Waterway,0,0
1093961509,canal,Unnamed Waterway,0,0
1093961510,canal,Unnamed Waterway,0,0
1094049967,canal,Unnamed Waterway,0,0
1094055627,canal,Unnamed Waterway,0,0
1094055628,canal,Unnamed Waterway,0,0
1094315149,canal,Unnamed Waterway,0,0
1094315150,canal,Unnamed Waterway,0,0
1094532562,canal,Unnamed Waterway,0,0
1094535129,canal,Unnamed Waterway,0,0
1094535135,canal,Unnamed Waterway,0,0
1094713503,canal,Unnamed Waterway,0,0
1094713504,canal,Unnamed Waterway,0,0
1094713505,canal,Unnamed Waterway,0,0
1094713506,canal,Unnamed Waterway,0,0
1094713507,canal,Unnamed Waterway,0,0
1094713508,canal,Unnamed Waterway,0,0
1094713509,canal,Unnamed Waterway,0,0
1095145178,canal,Unnamed Waterway,0,0
1095145179,canal,Unnamed Waterway,0,0
1095145180,canal,Unnamed Waterway,0,0
1095145181,canal,Unnamed Waterway,0,0
1095145770,canal,Unnamed Waterway,0,0
1095147266,canal,Unnamed Waterway,0,0
1095147267,canal,Unnamed Waterway,0,0
1095147268,canal,Unnamed Waterway,0,0
1095147269,canal,Unnamed Waterway,0,0
1095147876,canal,Unnamed Waterway,0,0
1095147877,canal,Unnamed Waterway,0,0
1095147878,canal,Unnamed Waterway,0,0
1095157982,canal,Unnamed Waterway,0,0
1095158739,canal,Unnamed Waterway,0,0
1095158740,canal,Unnamed Waterway,0,0
1095158741,canal,Unnamed Waterway,0,0
1095158742,canal,Unnamed Waterway,0,0
1095161397,canal,Unnamed Waterway,0,0
1095161398,canal,Unnamed Waterway,0,0
1095161399,canal,Unnamed Waterway,0,0
1095166966,canal,Unnamed Waterway,0,0
1095166967,canal,Unnamed Waterway,0,0
1095166968,canal,Unnamed Waterway,0,0
1095166969,canal,Unnamed Waterway,0,0
1095166970,canal,Unnamed Waterway,0,0
1095166971,canal,Unnamed Waterway,0,0
1095167458,canal,Unnamed Waterway,0,0
1095177020,canal,Unnamed Waterway,0,0
1095181078,canal,Unnamed Waterway,0,0
1095182153,canal,Unnamed Waterway,0,0
1095260366,canal,Unnamed Waterway,0,0
1095260367,canal,Unnamed Waterway,0,0
1095260368,canal,Unnamed Waterway,0,0
1095260369,canal,Unnamed Waterway,0,0
1095260384,canal,Unnamed Waterway,0,0
1095260385,canal,Unnamed Waterway,0,0
1095282986,canal,Unnamed Waterway,0,0
1095283532,canal,Unnamed Waterway,0,0
1095283785,canal,Unnamed Waterway,0,0
1095283786,canal,Unnamed Waterway,0,0
1095294786,river,Unnamed Waterway,0,0
1095467602,stream,Unnamed Waterway,0,0
1095686655,canal,Unnamed Waterway,0,0
1095686658,canal,Unnamed Waterway,0,0
1095700526,canal,Unnamed Waterway,0,0
1095754725,stream,Unnamed Waterway,0,0
1095754726,canal,Unnamed Waterway,0,0
1095897926,river,Unnamed Waterway,0,0
1095897927,river,Unnamed Waterway,0,0
1095947604,stream,Unnamed Waterway,0,0
1095947605,stream,Unnamed Waterway,0,0
1096327866,canal,Unnamed Waterway,0,0
1096359806,river,Unnamed Waterway,0,0
1096566543,stream,Unnamed Waterway,0,0
1096566544,river,Unnamed Waterway,0,0
1096566545,river,Unnamed Waterway,0,0
1096801689,canal,Unnamed Waterway,0,0
1096801690,river,Unnamed Waterway,0,0
1096836557,river,Unnamed Waterway,0,0
1096836558,river,Unnamed Waterway,0,0
1096836559,river,Unnamed Waterway,0,0
1097285771,canal,Unnamed Waterway,0,0
1097285775,canal,Unnamed Waterway,0,0
1097519636,river,Unnamed Waterway,0,0
1097850169,stream,Unnamed Waterway,0,0
1097850198,canal,Unnamed Waterway,0,0
1097850220,stream,Unnamed Waterway,0,0
1097850502,stream,Unnamed Waterway,0,0
1097851099,stream,Unnamed Waterway,0,0
1097851100,stream,Unnamed Waterway,0,0
1097851101,stream,Unnamed Waterway,0,0
1097851102,stream,Unnamed Waterway,0,0
1097851103,stream,Unnamed Waterway,0,0
1097851294,canal,Unnamed Waterway,0,0
1097851295,stream,Unnamed Waterway,0,0
1097855505,canal,Unnamed Waterway,0,0
1097858069,canal,Unnamed Waterway,0,0
1098027493,river,Unnamed Waterway,0,0
1098027494,river,Unnamed Waterway,0,0
1098031794,canal,Unnamed Waterway,0,0
1098031795,canal,Unnamed Waterway,0,0
1098036780,river,Unnamed Waterway,0,0
1098036781,canal,Unnamed Waterway,0,0
1098036782,canal,Unnamed Waterway,0,0
1098036783,canal,Unnamed Waterway,0,0
1098123377,river,Unnamed Waterway,0,0
1098123378,river,Unnamed Waterway,0,0
1098123385,river,Unnamed Waterway,0,0
1098123386,river,Unnamed Waterway,0,0
1098123387,river,Unnamed Waterway,0,0
1098123393,canal,Chashma Rt Bank Canal,0,0
1098123394,canal,Chashma Rt Bank Canal,0,0
1098123403,river,Unnamed Waterway,0,0
1098123404,river,Unnamed Waterway,0,0
1098123405,river,Unnamed Waterway,0,0
1098123410,river,Unnamed Waterway,0,0
1098123411,river,Unnamed Waterway,0,0
1098123415,river,Unnamed Waterway,0,0
1098123435,river,Unnamed Waterway,0,0
1098123436,river,Unnamed Waterway,0,0
1098123437,river,Unnamed Waterway,0,0
1098123438,river,Unnamed Waterway,0,0
1098123439,river,Unnamed Waterway,0,0
1098123445,river,Unnamed Waterway,0,0
1098123446,river,Unnamed Waterway,0,0
1098123447,river,Unnamed Waterway,0,0
1098123450,river,Unnamed Waterway,0,0
1098123451,canal,Unnamed Waterway,0,0
1098123452,canal,Unnamed Waterway,0,0
1098123453,river,Unnamed Waterway,0,0
1098123454,river,Unnamed Waterway,0,0
1098123455,river,Unnamed Waterway,0,0
1098123456,river,Unnamed Waterway,0,0
1098123457,river,Unnamed Waterway,0,0
1098123458,river,Unnamed Waterway,0,0
1098123461,canal,Unnamed Waterway,0,0
1098123462,river,Chashma Right Bank Canal,0,0
1098123463,river,Chashma Right Bank Canal,0,0
1098123464,river,Unnamed Waterway,0,0
1098123465,canal,Unnamed Waterway,0,0
1098123466,canal,Unnamed Waterway,0,0
1098123467,canal,Unnamed Waterway,0,0
1098123468,canal,Unnamed Waterway,0,0
1098123469,canal,Unnamed Waterway,0,0
1098123472,river,Unnamed Waterway,0,0
1098123473,river,Unnamed Waterway,0,0
1098123474,river,Unnamed Waterway,0,0
1098123476,river,Chashma Right Bank Canal,0,0
1098123477,river,Chashma Right Bank Canal,0,0
1098123478,river,Chashma Right Bank Canal,0,0
1098123479,river,Chashma Right Bank Canal,0,0
1098123483,river,Unnamed Waterway,0,0
1098123484,river,Unnamed Waterway,0,0
1098123488,river,Chashma Right Bank Canal,0,0
1098123489,river,Chasma Canal,0,0
1098123490,river,Unnamed Waterway,0,0
1098123491,canal,Unnamed Waterway,0,0
1098123492,canal,Chasma Canal,0,0
1098123493,canal,Chasma Canal,0,0
1098123496,river,Unnamed Waterway,0,0
1098123497,river,Unnamed Waterway,0,0
1098123501,river,Unnamed Waterway,0,0
1098123502,river,Unnamed Waterway,0,0
1098123503,river,Unnamed Waterway,0,0
1098123504,river,Unnamed Waterway,0,0
1098123505,stream,Unnamed Waterway,0,0
1098123506,canal,Unnamed Waterway,0,0
1098123507,canal,Unnamed Waterway,0,0
1098123513,river,Unnamed Waterway,0,0
1098123514,canal,Chashma Right Bank Canal,0,0
1098123515,canal,Chashma Right Bank Canal,0,0
1098123523,river,Unnamed Waterway,0,0
1098123524,river,Unnamed Waterway,0,0
1098123526,river,Unnamed Waterway,0,0
1098123527,river,Unnamed Waterway,0,0
1098123528,river,Unnamed Waterway,0,0
1098123536,river,Unnamed Waterway,0,0
1098123543,river,Unnamed Waterway,0,0
1098123544,canal,Unnamed Waterway,0,0
1098123552,river,Unnamed Waterway,0,0
1098123553,canal,Chasma Canal,0,0
1098123554,canal,Chasma Canal,0,0
1098123555,river,Unnamed Waterway,0,0
1098123556,river,Unnamed Waterway,0,0
1098123557,river,Unnamed Waterway,0,0
1098123558,canal,Unnamed Waterway,0,0
1098123559,canal,Unnamed Waterway,0,0
1098123560,canal,Unnamed Waterway,0,0
1098123561,river,Unnamed Waterway,0,0
1098123562,river,Unnamed Waterway,0,0
1098123567,river,Unnamed Waterway,0,0
1098123572,river,Unnamed Waterway,0,0
1098123573,river,Unnamed Waterway,0,0
1098123574,river,Unnamed Waterway,0,0
1098123575,river,Unnamed Waterway,0,0
1098123586,river,Unnamed Waterway,0,0
1098123587,river,Unnamed Waterway,0,0
1098123590,river,Unnamed Waterway,0,0
1098123592,canal,Unnamed Waterway,0,0
1098123597,river,Unnamed Waterway,0,0
1098123598,river,Unnamed Waterway,0,0
1098123601,river,Unnamed Waterway,0,0
1098123602,river,Unnamed Waterway,0,0
1098123603,river,Unnamed Waterway,0,0
1098123606,river,Unnamed Waterway,0,0
1098123609,river,Unnamed Waterway,0,0
1098123610,river,Unnamed Waterway,0,0
1098123615,river,Unnamed Waterway,0,0
1098123617,river,Unnamed Waterway,0,0
1098123618,river,Unnamed Waterway,0,0
1098123619,canal,Unnamed Waterway,0,0
1098123620,canal,Unnamed Waterway,0,0
1098123624,river,Unnamed Waterway,0,0
1098123625,river,Unnamed Waterway,0,0
1098123634,canal,Unnamed Waterway,0,0
1098123635,canal,Unnamed Waterway,0,0
1098123636,river,Unnamed Waterway,0,0
1098123637,river,Unnamed Waterway,0,0
1098123641,river,Unnamed Waterway,0,0
1098123642,river,Unnamed Waterway,0,0
1098123645,river,Chashma Right Bank Canal,0,0
1098123646,river,Chashma Right Bank Canal,0,0
1098123647,canal,Unnamed Waterway,0,0
1098123648,canal,Unnamed Waterway,0,0
1098123649,canal,Unnamed Waterway,0,0
1098123650,river,Chashma Right Bank Canal,0,0
1098123651,river,Chashma Right Bank Canal,0,0
1098123654,river,Unnamed Waterway,0,0
1098123655,river,Unnamed Waterway,0,0
1098123659,river,Unnamed Waterway,0,0
1098123660,river,Unnamed Waterway,0,0
1098123665,river,Unnamed Waterway,0,0
1098123666,canal,Unnamed Waterway,0,0
1098123667,canal,Unnamed Waterway,0,0
1098123668,canal,Unnamed Waterway,0,0
1098123669,canal,Unnamed Waterway,0,0
1098123670,canal,Unnamed Waterway,0,0
1098123685,canal,Unnamed Waterway,0,0
1098123686,river,Unnamed Waterway,0,0
1098123687,canal,Unnamed Waterway,0,0
1098123688,canal,Unnamed Waterway,0,0
1098123690,river,Chashma Right Bank Canal,0,0
1098123691,river,Chashma Right Bank Canal,0,0
1098123698,canal,Unnamed Waterway,0,0
1098123699,river,Unnamed Waterway,0,0
1098123713,canal,Unnamed Waterway,0,0
1098123714,canal,Unnamed Waterway,0,0
1098123723,stream,Unnamed Waterway,0,0
1098123724,river,Unnamed Waterway,0,0
1098123725,canal,Unnamed Waterway,0,0
1098123726,canal,Unnamed Waterway,0,0
1098123729,canal,Unnamed Waterway,0,0
1098123746,canal,Unnamed Waterway,0,0
1098123761,river,Unnamed Waterway,0,0
1098123764,river,Chashma Right Bank Canal,0,0
1098123765,river,Chasma Canal,0,0
1098123771,stream,Unnamed Waterway,0,0
1098240716,river,Unnamed Waterway,0,0
1098248423,canal,Unnamed Waterway,0,0
1098252761,canal,Unnamed Waterway,0,0
1098252762,canal,Unnamed Waterway,0,0
1098255623,stream,Unnamed Waterway,0,0
1098314944,stream,Unnamed Waterway,0,0
1098314946,stream,Unnamed Waterway,0,0
1098317859,canal,Unnamed Waterway,0,0
1098332636,canal,Unnamed Waterway,0,0
1098345750,river,Unnamed Waterway,0,0
1098394215,canal,Unnamed Waterway,0,0
1098438167,canal,Unnamed Waterway,0,0
1098438168,canal,Unnamed Waterway,0,0
1098438169,canal,Unnamed Waterway,0,0
1098438173,canal,Unnamed Waterway,0,0
1098438241,canal,Unnamed Waterway,0,0
1098438272,canal,Unnamed Waterway,0,0
1098445199,stream,Unnamed Waterway,0,0
1098445200,stream,Unnamed Waterway,0,0
1098516137,stream,Unnamed Waterway,0,0
1098516138,stream,Unnamed Waterway,0,0
1098516139,stream,Unnamed Waterway,0,0
1098571926,canal,Unnamed Waterway,0,0
1098571928,canal,Unnamed Waterway,0,0
1098571929,canal,Unnamed Waterway,0,0
1098573766,stream,Unnamed Waterway,0,0
1098575980,canal,Unnamed Waterway,0,0
1098575981,canal,Unnamed Waterway,0,0
1098575982,canal,Unnamed Waterway,0,0
1098582548,canal,Unnamed Waterway,0,0
1098582554,canal,Unnamed Waterway,0,0
1098582555,canal,Unnamed Waterway,0,0
1098586175,canal,Unnamed Waterway,0,0
1098593694,canal,Unnamed Waterway,0,0
1098596019,canal,Unnamed Waterway,0,0
1098596020,canal,Unnamed Waterway,0,0
1098691571,canal,Unnamed Waterway,0,0
1098691572,canal,Unnamed Waterway,0,0
1098691601,canal,Unnamed Waterway,0,0
1098694281,canal,Unnamed Waterway,0,0
1098694284,canal,Unnamed Waterway,0,0
1098777826,canal,Unnamed Waterway,0,0
1098777827,canal,Unnamed Waterway,0,0
1098816654,canal,Unnamed Waterway,0,0
1098894374,canal,Unnamed Waterway,0,0
1098894375,canal,Unnamed Waterway,0,0
1098894376,canal,Unnamed Waterway,0,0
1098894377,canal,Unnamed Waterway,0,0
1098894378,canal,Unnamed Waterway,0,0
1098894379,canal,Unnamed Waterway,0,0
1098894380,canal,Unnamed Waterway,0,0
1098894381,canal,Unnamed Waterway,0,0
1098908347,canal,Unnamed Waterway,0,0
1098908348,canal,Unnamed Waterway,0,0
1098908349,canal,Unnamed Waterway,0,0
1098908350,canal,Unnamed Waterway,0,0
1098908353,canal,Unnamed Waterway,0,0
1098908354,canal,Unnamed Waterway,0,0
1098908355,canal,Unnamed Waterway,0,0
1098908356,canal,Unnamed Waterway,0,0
1098908357,canal,Unnamed Waterway,0,0
1098908358,canal,Unnamed Waterway,0,0
1098908359,canal,Unnamed Waterway,0,0
1098908360,canal,Unnamed Waterway,0,0
1098908361,canal,Unnamed Waterway,0,0
1098908362,canal,Unnamed Waterway,0,0
1098908363,canal,Unnamed Waterway,0,0
1098908364,canal,Unnamed Waterway,0,0
1098908365,canal,Unnamed Waterway,0,0
1098908366,canal,Unnamed Waterway,0,0
1098908367,canal,Unnamed Waterway,0,0
1098908368,canal,Unnamed Waterway,0,0
1098908369,canal,Unnamed Waterway,0,0
1098908370,canal,Unnamed Waterway,0,0
1098908371,canal,Unnamed Waterway,0,0
1098908372,canal,Unnamed Waterway,0,0
1098953432,river,Unnamed Waterway,0,0
1098953433,river,Unnamed Waterway,0,0
1098953434,canal,Unnamed Waterway,0,0
1098953435,canal,Unnamed Waterway,0,0
1098953436,river,Unnamed Waterway,0,0
1098953451,river,Unnamed Waterway,0,0
1098953452,river,Unnamed Waterway,0,0
1098953453,river,Unnamed Waterway,0,0
1098953454,river,Unnamed Waterway,0,0
1098953455,river,Unnamed Waterway,0,0
1098953465,river,Unnamed Waterway,0,0
1098953466,river,Unnamed Waterway,0,0
1098953467,river,Unnamed Waterway,0,0
1098953468,river,Unnamed Waterway,0,0
1098953469,canal,Unnamed Waterway,0,0
1098953470,canal,Unnamed Waterway,0,0
1098953471,canal,Unnamed Waterway,0,0
1098953472,canal,Unnamed Waterway,0,0
1098953473,canal,Unnamed Waterway,0,0
1098953474,canal,Unnamed Waterway,0,0
1098953475,canal,Unnamed Waterway,0,0
1098953476,canal,Unnamed Waterway,0,0
1098953477,canal,Unnamed Waterway,0,0
1098953479,river,Unnamed Waterway,0,0
1098953480,stream,Unnamed Waterway,0,0
1098953487,canal,Unnamed Waterway,0,0
1098953488,river,Unnamed Waterway,0,0
1098953496,river,Unnamed Waterway,0,0
1098953497,river,Unnamed Waterway,0,0
1098953498,river,Unnamed Waterway,0,0
1098953499,canal,Unnamed Waterway,0,0
1098953500,river,Unnamed Waterway,0,0
1098953503,canal,Unnamed Waterway,0,0
1098953504,canal,Unnamed Waterway,0,0
1098953508,river,Unnamed Waterway,0,0
1098953509,canal,Unnamed Waterway,0,0
1098953510,canal,Unnamed Waterway,0,0
1098953511,river,Unnamed Waterway,0,0
1098953512,river,Unnamed Waterway,0,0
1098953513,river,Unnamed Waterway,0,0
1098953514,river,Unnamed Waterway,0,0
1098953523,river,Unnamed Waterway,0,0
1098953526,canal,Unnamed Waterway,0,0
1098953531,canal,Unnamed Waterway,0,0
1098953534,canal,Unnamed Waterway,0,0
1098953535,canal,Unnamed Waterway,0,0
1098953536,river,Unnamed Waterway,0,0
1098953537,canal,Unnamed Waterway,0,0
1098953551,river,Unnamed Waterway,0,0
1098953552,river,Unnamed Waterway,0,0
1098953553,river,Unnamed Waterway,0,0
1098953554,river,Unnamed Waterway,0,0
1098953555,river,Unnamed Waterway,0,0
1098953556,canal,Mubarak Canal,0,0
1098953557,canal,Unnamed Waterway,0,0
1098953562,river,Unnamed Waterway,0,0
1098953563,river,Unnamed Waterway,0,0
1098953572,river,Unnamed Waterway,0,0
1098953583,river,Unnamed Waterway,0,0
1098953584,river,Unnamed Waterway,0,0
1098953585,river,Unnamed Waterway,0,0
1098953586,river,Unnamed Waterway,0,0
1098953587,river,Unnamed Waterway,0,0
1098953599,river,Unnamed Waterway,0,0
1098953600,canal,Unnamed Waterway,0,0
1098953601,canal,Unnamed Waterway,0,0
1098953602,canal,Mubarak Canal,0,0
1098953603,canal,Mubarak Canal,0,0
1098953606,canal,Unnamed Waterway,0,0
1098953607,canal,Unnamed Waterway,0,0
1098953608,canal,Unnamed Waterway,0,0
1098953617,canal,Unnamed Waterway,0,0
1098953618,canal,Unnamed Waterway,0,0
1098953619,canal,Unnamed Waterway,0,0
1098953620,canal,Unnamed Waterway,0,0
1098953621,canal,Unnamed Waterway,0,0
1098953622,canal,Mubarak Canal,0,0
1098953623,canal,Unnamed Waterway,0,0
1098953624,canal,Unnamed Waterway,0,0
1098953625,canal,Unnamed Waterway,0,0
1098953636,river,Unnamed Waterway,0,0
1098953637,river,Unnamed Waterway,0,0
1098953638,river,Unnamed Waterway,0,0
1098953639,river,Unnamed Waterway,0,0
1098953641,river,Unnamed Waterway,0,0
1098953642,river,Unnamed Waterway,0,0
1098953643,river,Unnamed Waterway,0,0
1098953646,canal,Unnamed Waterway,0,0
1098953647,canal,Unnamed Waterway,0,0
1098953648,canal,Unnamed Waterway,0,0
1098953654,canal,Unnamed Waterway,0,0
1098953655,canal,Unnamed Waterway,0,0
1098953656,canal,Unnamed Waterway,0,0
1098953657,canal,Unnamed Waterway,0,0
1098953658,canal,Unnamed Waterway,0,0
1098953659,canal,Unnamed Waterway,0,0
1098953685,canal,Unnamed Waterway,0,0
1098953686,canal,Unnamed Waterway,0,0
1098953701,canal,Unnamed Waterway,0,0
1098953702,canal,Unnamed Waterway,0,0
1098953703,canal,Unnamed Waterway,0,0
1098953704,canal,Unnamed Waterway,0,0
1098953715,canal,Unnamed Waterway,0,0
1098953716,canal,Unnamed Waterway,0,0
1098953720,canal,Unnamed Waterway,0,0
1098953721,canal,Unnamed Waterway,0,0
1098953722,canal,Unnamed Waterway,0,0
1098953723,canal,Unnamed Waterway,0,0
1098953724,canal,Unnamed Waterway,0,0
1098953725,canal,Unnamed Waterway,0,0
1098953743,canal,Unnamed Waterway,0,0
1098953744,canal,Unnamed Waterway,0,0
1098953745,canal,Unnamed Waterway,0,0
1098953746,canal,Unnamed Waterway,0,0
1098953747,canal,Unnamed Waterway,0,0
1098953757,canal,Unnamed Waterway,0,0
1098953758,canal,Unnamed Waterway,0,0
1098953759,canal,Unnamed Waterway,0,0
1098953766,canal,Unnamed Waterway,0,0
1098953767,canal,Unnamed Waterway,0,0
1098953768,canal,Unnamed Waterway,0,0
1098953769,canal,Unnamed Waterway,0,0
1098953770,canal,Unnamed Waterway,0,0
1098953804,canal,Manka Canal,0,0
1098953815,canal,Unnamed Waterway,0,0
1098953816,canal,Unnamed Waterway,0,0
1098953818,canal,Unnamed Waterway,0,0
1098953820,canal,Unnamed Waterway,0,0
1098953821,canal,Unnamed Waterway,0,0
1098953822,canal,Unnamed Waterway,0,0
1098953824,canal,Unnamed Waterway,0,0
1098953825,canal,Unnamed Waterway,0,0
1098953826,canal,Unnamed Waterway,0,0
1098953845,river,Unnamed Waterway,0,0
1098953846,river,Unnamed Waterway,0,0
1098953847,river,Unnamed Waterway,0,0
1098953848,river,Unnamed Waterway,0,0
1098953849,river,Unnamed Waterway,0,0
1098953851,canal,Unnamed Waterway,0,0
1098958371,river,Unnamed Waterway,0,0
1098958372,river,Unnamed Waterway,0,0
1098958383,canal,Unnamed Waterway,0,0
1098958384,canal,Unnamed Waterway,0,0
1098958385,canal,Unnamed Waterway,0,0
1098958391,river,Unnamed Waterway,0,0
1098958392,river,Unnamed Waterway,0,0
1098958393,river,Machi Vala,0,0
1098958394,river,Machi Vala,0,0
1098958397,river,Unnamed Waterway,0,0
1098958398,river,Unnamed Waterway,0,0
1098958399,river,Unnamed Waterway,0,0
1098958414,river,Unnamed Waterway,0,0
1098958421,river,Unnamed Waterway,0,0
1098958422,river,Unnamed Waterway,0,0
1098958423,canal,Unnamed Waterway,0,0
1098958427,river,Unnamed Waterway,0,0
1098958428,river,Unnamed Waterway,0,0
1098958429,river,Unnamed Waterway,0,0
1098958430,river,Unnamed Waterway,0,0
1098958431,river,Unnamed Waterway,0,0
1098958432,river,Unnamed Waterway,0,0
1098958439,river,Unnamed Waterway,0,0
1098958440,river,Unnamed Waterway,0,0
1098958441,river,Unnamed Waterway,0,0
1098958449,river,Unnamed Waterway,0,0
1098958450,river,Unnamed Waterway,0,0
1098958451,river,Unnamed Waterway,0,0
1099004720,canal,Unnamed Waterway,0,0
1099004721,canal,Unnamed Waterway,0,0
1099004722,canal,Unnamed Waterway,0,0
1099004723,canal,Unnamed Waterway,0,0
1099377124,canal,Unnamed Waterway,0,0
1099377125,canal,Unnamed Waterway,0,0
1099412084,river,Unnamed Waterway,0,0
1099412085,river,Lehri River,0,0
1099412086,river,Unnamed Waterway,0,0
1099412090,canal,Unnamed Waterway,0,0
1099412091,river,Unnamed Waterway,0,0
1099412096,river,Unnamed Waterway,0,0
1099412101,river,Unnamed Waterway,0,0
1099412105,canal,Unnamed Waterway,0,0
1099412106,canal,Unnamed Waterway,0,0
1099412108,canal,Unnamed Waterway,0,0
1099412115,canal,Unnamed Waterway,0,0
1099412116,river,Unnamed Waterway,0,0
1099412117,canal,Unnamed Waterway,0,0
1099412120,river,Unnamed Waterway,0,0
1099412124,river,Unnamed Waterway,0,0
1099412125,river,Unnamed Waterway,0,0
1099412126,river,Unnamed Waterway,0,0
1099412127,river,Unnamed Waterway,0,0
1099412128,river,Unnamed Waterway,0,0
1099412129,river,Unnamed Waterway,0,0
1099412130,river,Unnamed Waterway,0,0
1099412131,river,Unnamed Waterway,0,0
1099412133,river,Unnamed Waterway,0,0
1099412134,stream,Unnamed Waterway,0,0
1099412135,stream,Unnamed Waterway,0,0
1099412136,stream,Unnamed Waterway,0,0
1099412137,stream,Unnamed Waterway,0,0
1099412138,stream,Unnamed Waterway,0,0
1099412139,stream,Unnamed Waterway,0,0
1099412140,stream,Unnamed Waterway,0,0
1099412141,stream,Unnamed Waterway,0,0
1099412142,stream,Unnamed Waterway,0,0
1099412143,stream,Unnamed Waterway,0,0
1099412144,stream,Unnamed Waterway,0,0
1099412145,stream,Unnamed Waterway,0,0
1099412146,stream,Unnamed Waterway,0,0
1099412147,stream,Unnamed Waterway,0,0
1099412148,stream,Unnamed Waterway,0,0
1099412163,river,Unnamed Waterway,0,0
1099412164,river,Unnamed Waterway,0,0
1099412165,river,Unnamed Waterway,0,0
1099412166,stream,Unnamed Waterway,0,0
1099412167,stream,Unnamed Waterway,0,0
1099412168,stream,Unnamed Waterway,0,0
1099412170,river,Unnamed Waterway,0,0
1099412171,river,Unnamed Waterway,0,0
1099412172,river,Unnamed Waterway,0,0
1099412176,stream,Unnamed Waterway,0,0
1099412177,stream,Unnamed Waterway,0,0
1099412178,stream,Unnamed Waterway,0,0
1099412181,stream,Unnamed Waterway,0,0
1099412182,stream,Unnamed Waterway,0,0
1099412183,stream,Unnamed Waterway,0,0
1099412184,stream,Unnamed Waterway,0,0
1099412185,stream,Unnamed Waterway,0,0
1099412186,stream,Unnamed Waterway,0,0
1099412187,stream,Unnamed Waterway,0,0
1099412188,stream,Unnamed Waterway,0,0
1099412189,stream,Unnamed Waterway,0,0
1099412190,stream,Unnamed Waterway,0,0
1099412191,stream,Unnamed Waterway,0,0
1099412192,stream,Unnamed Waterway,0,0
1099412194,stream,Unnamed Waterway,0,0
1099412195,river,Unnamed Waterway,0,0
1099412196,river,Unnamed Waterway,0,0
1099412201,river,Unnamed Waterway,0,0
1099412202,river,Unnamed Waterway,0,0
1099412203,river,Unnamed Waterway,0,0
1099412204,canal,Unnamed Waterway,0,0
1099412205,canal,Unnamed Waterway,0,0
1099412206,canal,Unnamed Waterway,0,0
1099412207,stream,Unnamed Waterway,0,0
1099412208,stream,Unnamed Waterway,0,0
1099412209,river,Unnamed Waterway,0,0
1099412216,river,Unnamed Waterway,0,0
1099417336,canal,Unnamed Waterway,0,0
1099417338,canal,Unnamed Waterway,0,0
1099417341,canal,Unnamed Waterway,0,0
1099417344,canal,Unnamed Waterway,0,0
1099417345,canal,Unnamed Waterway,0,0
1099417346,stream,Unnamed Waterway,0,0
1099417349,stream,Unnamed Waterway,0,0
1099435042,canal,Unnamed Waterway,0,0
1099435043,canal,Unnamed Waterway,0,0
1099435044,canal,Unnamed Waterway,0,0
1099435045,river,Unnamed Waterway,0,0
1099435057,river,Unnamed Waterway,0,0
1099435061,river,Unnamed Waterway,0,0
1099435062,river,Unnamed Waterway,0,0
1099435063,river,Unnamed Waterway,0,0
1099435069,canal,Unnamed Waterway,0,0
1099435070,canal,Unnamed Waterway,0,0
1099435072,canal,Unnamed Waterway,0,0
1099435073,canal,Unnamed Waterway,0,0
1099435074,canal,Unnamed Waterway,0,0
1099435075,stream,Unnamed Waterway,0,0
1099435097,canal,Unnamed Waterway,0,0
1099435098,canal,Unnamed Waterway,0,0
1099435106,river,Unnamed Waterway,0,0
1099435107,river,Unnamed Waterway,0,0
1099435108,river,Unnamed Waterway,0,0
1099435111,river,Unnamed Waterway,0,0
1099435112,river,Unnamed Waterway,0,0
1099435113,river,Unnamed Waterway,0,0
1099435114,river,Unnamed Waterway,0,0
1099435115,river,Unnamed Waterway,0,0
1099435116,canal,Unnamed Waterway,0,0
1099435117,canal,Unnamed Waterway,0,0
1099435120,canal,Unnamed Waterway,0,0
1099435123,river,Unnamed Waterway,0,0
1099435124,river,Unnamed Waterway,0,0
1099435128,river,Unnamed Waterway,0,0
1099435138,canal,Unnamed Waterway,0,0
1099435139,river,Unnamed Waterway,0,0
1099435140,canal,Unnamed Waterway,0,0
1099435141,canal,Unnamed Waterway,0,0
1099435142,canal,Unnamed Waterway,0,0
1099442520,river,Unnamed Waterway,0,0
1099442526,river,Unnamed Waterway,0,0
1099442527,river,Bolan River / ردياۓ بولان,0,0
1099442531,stream,Unnamed Waterway,0,0
1099442532,stream,Unnamed Waterway,0,0
1099442533,stream,Unnamed Waterway,0,0
1099442534,river,Unnamed Waterway,0,0
1099442537,river,Unnamed Waterway,0,0
1099442539,river,Noshman Rud,0,0
1099442542,river,Unnamed Waterway,0,0
1099442543,river,Unnamed Waterway,0,0
1099442544,river,Unnamed Waterway,0,0
1099442545,river,Unnamed Waterway,0,0
1099442546,river,Unnamed Waterway,0,0
1099442547,river,Unnamed Waterway,0,0
1099442548,river,Unnamed Waterway,0,0
1099442549,river,Unnamed Waterway,0,0
1099442550,river,Unnamed Waterway,0,0
1099442553,stream,Unnamed Waterway,0,0
1099442554,river,Unnamed Waterway,0,0
1099442555,river,Unnamed Waterway,0,0
1099442556,river,Unnamed Waterway,0,0
1099442557,river,Unnamed Waterway,0,0
1099442560,canal,Unnamed Waterway,0,0
1099442563,river,Unnamed Waterway,0,0
1099444015,canal,Unnamed Waterway,0,0
1099444016,canal,Unnamed Waterway,0,0
1099445506,canal,Unnamed Waterway,0,0
1099445507,canal,Unnamed Waterway,0,0
1099445508,canal,Unnamed Waterway,0,0
1099445517,canal,Mithri Canal,0,0
1099445530,canal,Gandakha Shaakh,0,0
1099448080,river,Unnamed Waterway,0,0
1099448081,canal,Unnamed Waterway,0,0
1099448082,river,Unnamed Waterway,0,0
1099450202,river,Unnamed Waterway,0,0
1099450203,river,Unnamed Waterway,0,0
1099476910,canal,Unnamed Waterway,0,0
1099478692,canal,Unnamed Waterway,0,0
1099708512,canal,Unnamed Waterway,0,0
1099708513,canal,Unnamed Waterway,0,0
1099708518,canal,Unnamed Waterway,0,0
1099708519,canal,Unnamed Waterway,0,0
1099708520,canal,Unnamed Waterway,0,0
1099708521,canal,Unnamed Waterway,0,0
1099739147,canal,Unnamed Waterway,0,0
1099739165,canal,Unnamed Waterway,0,0
1099739173,canal,Unnamed Waterway,0,0
1099739196,canal,Unnamed Waterway,0,0
1099739197,canal,Unnamed Waterway,0,0
1099739198,canal,Unnamed Waterway,0,0
1099739207,canal,unar canal,0,0
1099739208,canal,Unnamed Waterway,0,0
1099739224,canal,Unnamed Waterway,0,0
1099739271,river,Unnamed Waterway,0,0
1099739272,river,Unnamed Waterway,0,0
1099739287,canal,Unnamed Waterway,0,0
1099745599,canal,Unnamed Waterway,0,0
1099745617,canal,Unnamed Waterway,0,0
1099745652,canal,Unnamed Waterway,0,0
1099745673,canal,Unnamed Waterway,0,0
1099745674,canal,Unnamed Waterway,0,0
1099752299,canal,Taial Distributary,0,0
1099752300,canal,Taial Distributary,0,0
1099752301,canal,Hamid Wah,0,0
1099752302,canal,Hamid Wah,0,0
1099752304,canal,Unnamed Waterway,0,0
1099752305,canal,Unnamed Waterway,0,0
1099752322,canal,Unnamed Waterway,0,0
1099752338,canal,Unnamed Waterway,0,0
1099752343,canal,Unnamed Waterway,0,0
1099752345,canal,Unnamed Waterway,0,0
1099752346,canal,Unnamed Waterway,0,0
1099752366,canal,Unnamed Waterway,0,0
1099754349,river,Unnamed Waterway,0,0
1099754350,river,Unnamed Waterway,0,0
1099754351,river,Unnamed Waterway,0,0
1099754352,river,Unnamed Waterway,0,0
1099754353,river,Unnamed Waterway,0,0
1099754354,river,Unnamed Waterway,0,0
1099754355,river,Unnamed Waterway,0,0
1099754356,river,Unnamed Waterway,0,0
1099754364,canal,Unnamed Waterway,0,0
1099757802,canal,Unnamed Waterway,0,0
1099757803,canal,Unnamed Waterway,0,0
1099757804,canal,Unnamed Waterway,0,0
1099757805,canal,Unnamed Waterway,0,0
1099758650,river,Unnamed Waterway,0,0
1099758651,river,Unnamed Waterway,0,0
1099758657,river,Unnamed Waterway,0,0
1099758659,river,Unnamed Waterway,0,0
1099758660,river,Unnamed Waterway,0,0
1099758666,river,Unnamed Waterway,0,0
1099758669,river,Unnamed Waterway,0,0
1099758670,river,Unnamed Waterway,0,0
1099758671,river,Unnamed Waterway,0,0
1099758672,river,Unnamed Waterway,0,0
1099758674,river,Unnamed Waterway,0,0
1099758675,river,Unnamed Waterway,0,0
1099758680,river,Unnamed Waterway,0,0
1099758681,river,Unnamed Waterway,0,0
1099758683,river,Unnamed Waterway,0,0
1099758684,river,Unnamed Waterway,0,0
1099758686,river,Unnamed Waterway,0,0
1099758687,river,Unnamed Waterway,0,0
1099758689,river,Unnamed Waterway,0,0
1099758690,river,Unnamed Waterway,0,0
1099758692,river,Unnamed Waterway,0,0
1099758693,river,Unnamed Waterway,0,0
1099758698,river,Unnamed Waterway,0,0
1099758699,river,Unnamed Waterway,0,0
1099758701,river,Unnamed Waterway,0,0
1099758702,river,Unnamed Waterway,0,0
1099758704,river,Unnamed Waterway,0,0
1099758705,river,Unnamed Waterway,0,0
1099758707,river,Unnamed Waterway,0,0
1099758708,river,Unnamed Waterway,0,0
1099758710,river,Unnamed Waterway,0,0
1099758711,river,Unnamed Waterway,0,0
1099758714,river,Unnamed Waterway,0,0
1099758715,river,Unnamed Waterway,0,0
1099758717,river,Unnamed Waterway,0,0
1099758718,river,Unnamed Waterway,0,0
1099758720,river,Unnamed Waterway,0,0
1099758721,river,Unnamed Waterway,0,0
1099758723,river,Unnamed Waterway,0,0
1099758724,river,Unnamed Waterway,0,0
1099758725,river,Unnamed Waterway,0,0
1099758726,river,Unnamed Waterway,0,0
1099758731,river,Unnamed Waterway,0,0
1099758732,river,Unnamed Waterway,0,0
1099758737,river,Unnamed Waterway,0,0
1099758742,river,Unnamed Waterway,0,0
1099758748,river,Unnamed Waterway,0,0
1099758754,river,Unnamed Waterway,0,0
1099758766,river,Unnamed Waterway,0,0
1099758772,river,Unnamed Waterway,0,0
1099758777,river,Unnamed Waterway,0,0
1099758783,river,Unnamed Waterway,0,0
1099758789,river,Unnamed Waterway,0,0
1099758795,river,Unnamed Waterway,0,0
1099758801,river,Unnamed Waterway,0,0
1099758807,river,Unnamed Waterway,0,0
1099758813,river,Unnamed Waterway,0,0
1099758819,river,Unnamed Waterway,0,0
1099758828,river,Unnamed Waterway,0,0
1099758834,river,Unnamed Waterway,0,0
1099758840,river,Unnamed Waterway,0,0
1099758846,river,Unnamed Waterway,0,0
1099758851,river,Unnamed Waterway,0,0
1099761569,canal,Unnamed Waterway,0,0
1099761570,canal,Unnamed Waterway,0,0
1099776665,canal,Unnamed Waterway,0,0
1099787934,canal,Unnamed Waterway,0,0
1099787935,canal,Unnamed Waterway,0,0
1099787936,canal,Unnamed Waterway,0,0
1099787946,canal,Unnamed Waterway,0,0
1099787947,canal,Unnamed Waterway,0,0
1099787950,canal,Unnamed Waterway,0,0
1099787951,canal,Unnamed Waterway,0,0
1099787952,canal,Unnamed Waterway,0,0
1099787953,canal,Unnamed Waterway,0,0
1099787954,canal,Unnamed Waterway,0,0
1099787955,canal,Unnamed Waterway,0,0
1099787956,canal,Unnamed Waterway,0,0
1099787957,canal,Unnamed Waterway,0,0
1099787958,canal,Unnamed Waterway,0,0
1099787959,canal,Unnamed Waterway,0,0
1099791509,canal,Unnamed Waterway,0,0
1099791510,canal,Unnamed Waterway,0,0
1099791511,river,Unnamed Waterway,0,0
1099791512,canal,Unnamed Waterway,0,0
1099791513,canal,Unnamed Waterway,0,0
1099791514,canal,Unnamed Waterway,0,0
1099791517,canal,Unnamed Waterway,0,0
1099791518,canal,Unnamed Waterway,0,0
1099791520,canal,Unnamed Waterway,0,0
1099791521,river,Unnamed Waterway,0,0
1099791525,canal,Unnamed Waterway,0,0
1099813599,canal,Unnamed Waterway,0,0
1099813600,canal,Unnamed Waterway,0,0
1099813601,canal,Unnamed Waterway,0,0
1099959342,canal,Unnamed Waterway,0,0
1099959343,canal,Unnamed Waterway,0,0
1099959344,canal,Unnamed Waterway,0,0
1099959345,canal,Unnamed Waterway,0,0
1099959346,canal,Unnamed Waterway,0,0
1099959347,stream,Unnamed Waterway,0,0
1099959348,canal,Unnamed Waterway,0,0
1099959351,canal,Unnamed Waterway,0,0
1099959352,canal,Unnamed Waterway,0,0
1099959353,canal,Unnamed Waterway,0,0
1099963358,canal,Unnamed Waterway,0,0
1099963359,canal,Unnamed Waterway,0,0
1099963362,canal,Unnamed Waterway,0,0
1099963370,canal,Unnamed Waterway,0,0
1099963371,canal,Unnamed Waterway,0,0
1099963373,canal,Unnamed Waterway,0,0
1099963376,canal,Unnamed Waterway,0,0
1099963382,canal,Unnamed Waterway,0,0
1099966396,stream,Unnamed Waterway,0,0
1099976619,canal,Unnamed Waterway,0,0
1099976620,canal,Unnamed Waterway,0,0
1099976626,canal,Unnamed Waterway,0,0
1099976628,canal,Unnamed Waterway,0,0
1099976629,canal,Unnamed Waterway,0,0
1099976636,canal,Unnamed Waterway,0,0
1099976643,canal,Unnamed Waterway,0,0
1099976651,canal,Unnamed Waterway,0,0
1099976652,canal,Unnamed Waterway,0,0
1099976655,canal,Unnamed Waterway,0,0
1099977861,stream,Unnamed Waterway,0,0
1100568015,canal,Unnamed Waterway,0,0
1100568019,canal,Unnamed Waterway,0,0
1100568020,canal,Unnamed Waterway,0,0
1100568023,canal,Unnamed Waterway,0,0
1100568024,canal,Unnamed Waterway,0,0
1100568026,canal,Unnamed Waterway,0,0
1100635308,river,Unnamed Waterway,0,0
1100952519,canal,Unnamed Waterway,0,0
1101328469,canal,Unnamed Waterway,0,0
1101328470,canal,Unnamed Waterway,0,0
1101328476,canal,Unnamed Waterway,0,0
1101328477,canal,Unnamed Waterway,0,0
1101328478,canal,Unnamed Waterway,0,0
1101328480,canal,Unnamed Waterway,0,0
1101328481,canal,Unnamed Waterway,0,0
1101328482,canal,Unnamed Waterway,0,0
1101328483,canal,Unnamed Waterway,0,0
1101328487,canal,Unnamed Waterway,0,0
1101328488,canal,Unnamed Waterway,0,0
1101328510,canal,Unnamed Waterway,0,0
1101328511,canal,Unnamed Waterway,0,0
1101328514,canal,Unnamed Waterway,0,0
1101328515,canal,Unnamed Waterway,0,0
1101328535,canal,Unnamed Waterway,0,0
1101328536,canal,Unnamed Waterway,0,0
1101330079,canal,Unnamed Waterway,0,0
1101330080,canal,Unnamed Waterway,0,0
1101330096,canal,Unnamed Waterway,0,0
1101330097,canal,Unnamed Waterway,0,0
1101330103,canal,Unnamed Waterway,0,0
1101330104,canal,Unnamed Waterway,0,0
1101330105,canal,Unnamed Waterway,0,0
1101336848,river,Unnamed Waterway,0,0
1101336900,river,Unnamed Waterway,0,0
1101336901,river,Unnamed Waterway,0,0
1101336912,river,Unnamed Waterway,0,0
1101336917,river,Unnamed Waterway,0,0
1101336947,river,Unnamed Waterway,0,0
1101336950,river,Unnamed Waterway,0,0
1101336955,river,Unnamed Waterway,0,0
1101336958,river,Unnamed Waterway,0,0
1101336961,river,Unnamed Waterway,0,0
1101336964,river,Unnamed Waterway,0,0
1101336967,river,Unnamed Waterway,0,0
1101336970,river,Unnamed Waterway,0,0
1101336973,river,Unnamed Waterway,0,0
1101336974,river,Unnamed Waterway,0,0
1101336977,river,Unnamed Waterway,0,0
1101336980,river,Unnamed Waterway,0,0
1101336983,river,Unnamed Waterway,0,0
1101338528,river,Unnamed Waterway,0,0
1101341187,canal,Unnamed Waterway,0,0
1101341192,canal,Unnamed Waterway,0,0
1101343855,river,Unnamed Waterway,0,0
1101343856,river,Unnamed Waterway,0,0
1101343860,river,Unnamed Waterway,0,0
1101343866,canal,Unnamed Waterway,0,0
1101343867,canal,Unnamed Waterway,0,0
1101343870,canal,Unnamed Waterway,0,0
1101406317,stream,Unnamed Waterway,0,0
1101406318,stream,Unnamed Waterway,0,0
1101406319,stream,Unnamed Waterway,0,0
1101406661,stream,Unnamed Waterway,0,0
1101449642,river,Unnamed Waterway,0,0
1101469813,canal,Unnamed Waterway,0,0
1101469814,canal,Unnamed Waterway,0,0
1101469815,canal,Unnamed Waterway,0,0
1101469849,canal,Unnamed Waterway,0,0
1101545335,canal,Unnamed Waterway,0,0
1101545357,canal,Unnamed Waterway,0,0
1101545358,canal,Unnamed Waterway,0,0
1101545383,canal,Unnamed Waterway,0,0
1101550198,canal,Unnamed Waterway,0,0
1101550199,canal,Unnamed Waterway,0,0
1101550208,canal,Unnamed Waterway,0,0
1101550209,canal,Unnamed Waterway,0,0
1101550226,canal,Unnamed Waterway,0,0
1101550263,canal,Unnamed Waterway,0,0
1101550264,canal,Unnamed Waterway,0,0
1101550265,canal,Unnamed Waterway,0,0
1101555755,canal,Unnamed Waterway,0,0
1101555756,canal,Unnamed Waterway,0,0
1101555811,canal,Unnamed Waterway,0,0
1101555812,canal,Unnamed Waterway,0,0
1101555826,canal,Unnamed Waterway,0,0
1101555827,river,Unnamed Waterway,0,0
1101555828,canal,Unnamed Waterway,0,0
1101555829,canal,Unnamed Waterway,0,0
1101555830,river,Unnamed Waterway,0,0
1101555831,river,Unnamed Waterway,0,0
1101564737,canal,Unnamed Waterway,0,0
1101564738,canal,Unnamed Waterway,0,0
1101564740,canal,Unnamed Waterway,0,0
1101564748,canal,Unnamed Waterway,0,0
1101564750,canal,Unnamed Waterway,0,0
1101564751,canal,Unnamed Waterway,0,0
1101564753,canal,Unnamed Waterway,0,0
1101564754,canal,Unnamed Waterway,0,0
1101564755,canal,Unnamed Waterway,0,0
1101564760,canal,Mohabat Wah,0,0
1101564763,canal,Unnamed Waterway,0,0
1101564764,canal,Unnamed Waterway,0,0
1101566612,canal,Unnamed Waterway,0,0
1101566613,canal,Unnamed Waterway,0,0
1101566614,canal,Unnamed Waterway,0,0
1101566615,canal,Mirwah,0,0
1101566616,canal,Unnamed Waterway,0,0
1101567877,canal,Nasrana Distributary,0,0
1101567878,canal,Nasrana Distributary,0,0
1101567879,canal,Nasrana Distributary,0,0
1101567880,canal,Nasrana Distributary,0,0
1101575022,canal,Unnamed Waterway,0,0
1101575023,canal,Unnamed Waterway,0,0
1101575033,canal,Unnamed Waterway,0,0
1101576242,canal,Unnamed Waterway,0,0
1101576243,canal,Unnamed Waterway,0,0
1101576244,canal,Unnamed Waterway,0,0
1101576248,river,روہڑی نہر,0,0
1101577183,river,روہڑی نہر,0,0
1101577193,canal,Unnamed Waterway,0,0
1101577194,canal,Unnamed Waterway,0,0
1101577195,canal,Unnamed Waterway,0,0
1101577196,canal,Unnamed Waterway,0,0
1101577197,canal,Unnamed Waterway,0,0
1101577198,canal,Unnamed Waterway,0,0
1101578749,river,Unnamed Waterway,0,0
1101578750,river,Unnamed Waterway,0,0
1101578751,river,Unnamed Waterway,0,0
1101578752,river,Unnamed Waterway,0,0
1101581427,canal,Unnamed Waterway,0,0
1101581428,canal,Unnamed Waterway,0,0
1101581429,canal,Unnamed Waterway,0,0
1101581430,canal,Unnamed Waterway,0,0
1101581431,canal,Unnamed Waterway,0,0
1101581446,canal,Unnamed Waterway,0,0
1101581448,canal,Unnamed Waterway,0,0
1101581450,canal,Unnamed Waterway,0,0
1101583924,canal,Unnamed Waterway,0,0
1101584916,stream,Unnamed Waterway,0,0
1101584917,stream,Unnamed Waterway,0,0
1101584918,stream,Unnamed Waterway,0,0
1101584919,stream,Unnamed Waterway,0,0
1101658429,canal,Unnamed Waterway,0,0
1101658430,canal,Unnamed Waterway,0,0
1101658431,canal,Unnamed Waterway,0,0
1101658432,canal,Unnamed Waterway,0,0
1101658434,canal,Unnamed Waterway,0,0
1101658435,canal,Unnamed Waterway,0,0
1101701307,canal,Unnamed Waterway,0,0
1101701308,canal,Unnamed Waterway,0,0
1101701309,canal,Unnamed Waterway,0,0
1101701313,canal,Unnamed Waterway,0,0
1101701314,canal,Unnamed Waterway,0,0
1101701315,canal,Unnamed Waterway,0,0
1101701316,canal,Unnamed Waterway,0,0
1101701317,canal,Unnamed Waterway,0,0
1101701318,canal,Unnamed Waterway,0,0
1101701320,canal,Unnamed Waterway,0,0
1101701321,canal,Unnamed Waterway,0,0
1101701322,canal,Unnamed Waterway,0,0
1101701323,canal,Unnamed Waterway,0,0
1101701324,canal,Unnamed Waterway,0,0
1101701325,canal,Unnamed Waterway,0,0
1101701326,canal,Unnamed Waterway,0,0
1101752453,stream,Unnamed Waterway,0,0
1101752454,stream,Unnamed Waterway,0,0
1101844803,canal,Unnamed Waterway,0,0
1101844804,canal,Unnamed Waterway,0,0
1101844805,canal,Unnamed Waterway,0,0
1101844806,canal,Unnamed Waterway,0,0
1101844807,canal,Unnamed Waterway,0,0
1101845507,canal,Unnamed Waterway,0,0
1101879146,canal,Unnamed Waterway,0,0
1102259114,canal,Unnamed Waterway,0,0
1102315950,canal,Unnamed Waterway,0,0
1102315951,canal,Unnamed Waterway,0,0
1102315952,canal,Unnamed Waterway,0,0
1102315953,canal,Unnamed Waterway,0,0
1102323568,canal,Unnamed Waterway,0,0
1102323569,canal,Unnamed Waterway,0,0
1102323570,canal,Unnamed Waterway,0,0
1102323571,canal,Unnamed Waterway,0,0
1102323572,canal,Unnamed Waterway,0,0
1102323576,canal,Unnamed Waterway,0,0
1102323577,canal,Unnamed Waterway,0,0
1102323578,canal,Unnamed Waterway,0,0
1102323580,canal,Unnamed Waterway,0,0
1102323581,canal,Unnamed Waterway,0,0
1102323582,canal,Unnamed Waterway,0,0
1102323583,canal,Unnamed Waterway,0,0
1102323584,canal,Unnamed Waterway,0,0
1102323585,canal,Unnamed Waterway,0,0
1102323586,canal,Unnamed Waterway,0,0
1102323587,canal,Unnamed Waterway,0,0
1102323589,canal,Unnamed Waterway,0,0
1102323590,canal,Unnamed Waterway,0,0
1102323593,canal,Unnamed Waterway,0,0
1102323594,canal,Unnamed Waterway,0,0
1102323598,canal,Unnamed Waterway,0,0
1102323599,canal,Unnamed Waterway,0,0
1102323600,canal,Unnamed Waterway,0,0
1102323601,canal,Unnamed Waterway,0,0
1102323602,canal,Unnamed Waterway,0,0
1102323603,canal,Unnamed Waterway,0,0
1102426910,canal,Unnamed Waterway,0,0
1102426936,canal,Unnamed Waterway,0,0
1102426946,canal,Unnamed Waterway,0,0
1102426947,canal,Unnamed Waterway,0,0
1102426948,canal,Unnamed Waterway,0,0
1102426949,canal,Unnamed Waterway,0,0
1102426950,canal,Unnamed Waterway,0,0
1102426957,canal,Unnamed Waterway,0,0
1102426965,canal,Unnamed Waterway,0,0
1102426966,canal,Unnamed Waterway,0,0
1102426967,canal,Unnamed Waterway,0,0
1102426968,canal,Unnamed Waterway,0,0
1102426969,canal,Unnamed Waterway,0,0
1102426970,canal,Unnamed Waterway,0,0
1102426986,canal,Unnamed Waterway,0,0
1102426989,canal,Unnamed Waterway,0,0
1102426990,canal,Unnamed Waterway,0,0
1102426994,canal,Unnamed Waterway,0,0
1102426995,canal,Unnamed Waterway,0,0
1102426997,canal,Unnamed Waterway,0,0
1102426998,canal,Unnamed Waterway,0,0
1102426999,canal,Unnamed Waterway,0,0
1102427000,canal,Unnamed Waterway,0,0
1102427001,canal,Unnamed Waterway,0,0
1102427002,canal,Unnamed Waterway,0,0
1102427024,canal,Unnamed Waterway,0,0
1102427025,canal,Unnamed Waterway,0,0
1102427028,canal,Unnamed Waterway,0,0
1102427031,canal,Unnamed Waterway,0,0
1102427037,canal,Unnamed Waterway,0,0
1102427059,canal,Unnamed Waterway,0,0
1102427067,canal,Unnamed Waterway,0,0
1102427068,canal,Unnamed Waterway,0,0
1102427069,canal,Unnamed Waterway,0,0
1102427074,canal,Unnamed Waterway,0,0
1102427092,canal,Unnamed Waterway,0,0
1102427110,canal,Unnamed Waterway,0,0
1102427111,canal,Unnamed Waterway,0,0
1102427112,canal,Unnamed Waterway,0,0
1102427121,canal,Unnamed Waterway,0,0
1102427134,canal,Unnamed Waterway,0,0
1102431044,canal,Unnamed Waterway,0,0
1102431045,canal,Unnamed Waterway,0,0
1102431046,canal,Unnamed Waterway,0,0
1102431047,canal,Unnamed Waterway,0,0
1102431048,canal,Unnamed Waterway,0,0
1102431049,canal,Unnamed Waterway,0,0
1102435440,canal,Unnamed Waterway,0,0
1102435441,canal,Unnamed Waterway,0,0
1102435442,canal,Unnamed Waterway,0,0
1102435453,canal,Unnamed Waterway,0,0
1102435454,canal,Unnamed Waterway,0,0
1102435473,canal,Unnamed Waterway,0,0
1102435483,canal,Unnamed Waterway,0,0
1102502404,stream,Unnamed Waterway,0,0
1102561746,canal,Unnamed Waterway,0,0
1102561747,canal,Unnamed Waterway,0,0
1102561750,canal,Unnamed Waterway,0,0
1102561751,canal,Unnamed Waterway,0,0
1102561752,canal,Unnamed Waterway,0,0
1102561755,canal,Unnamed Waterway,0,0
1102561764,canal,Unnamed Waterway,0,0
1102561765,canal,Unnamed Waterway,0,0
1102561767,canal,Unnamed Waterway,0,0
1102561768,canal,Unnamed Waterway,0,0
1102561769,canal,Unnamed Waterway,0,0
1102561788,canal,Unnamed Waterway,0,0
1102567931,canal,Unnamed Waterway,0,0
1102584196,canal,Unnamed Waterway,0,0
1102584197,canal,Unnamed Waterway,0,0
1102584198,canal,Unnamed Waterway,0,0
1102584199,canal,Unnamed Waterway,0,0
1102584200,canal,Unnamed Waterway,0,0
1102584217,canal,Unnamed Waterway,0,0
1102584218,canal,Unnamed Waterway,0,0
1102584219,canal,Unnamed Waterway,0,0
1102714616,stream,Unnamed Waterway,0,0
1102714617,stream,Unnamed Waterway,0,0
1102724291,canal,Unnamed Waterway,0,0
1102747409,canal,Unnamed Waterway,0,0
1102747410,river,Unnamed Waterway,0,0
1102747411,canal,Begari Canal,0,0
1102913124,canal,Unnamed Waterway,0,0
1102913125,canal,Unnamed Waterway,0,0
1102913126,canal,Unnamed Waterway,0,0
1102913127,canal,Unnamed Waterway,0,0
1102913128,canal,Unnamed Waterway,0,0
1102913129,canal,Unnamed Waterway,0,0
1102913130,canal,Unnamed Waterway,0,0
1102913131,canal,Unnamed Waterway,0,0
1102913136,canal,Unnamed Waterway,0,0
1102913137,canal,Unnamed Waterway,0,0
1102913139,canal,Unnamed Waterway,0,0
1102913140,canal,Unnamed Waterway,0,0
1103154605,canal,Unnamed Waterway,0,0
1103293629,canal,Unnamed Waterway,0,0
1103293630,canal,Unnamed Waterway,0,0
1103293637,canal,Unnamed Waterway,0,0
1103293638,canal,Unnamed Waterway,0,0
1103382013,canal,Unnamed Waterway,0,0
1103567421,stream,Unnamed Waterway,0,0
1103567422,stream,Unnamed Waterway,0,0
1103567423,stream,Unnamed Waterway,0,0
1103570036,stream,Unnamed Waterway,0,0
1103570037,stream,Unnamed Waterway,0,0
1103570038,stream,Unnamed Waterway,0,0
1103570039,stream,Unnamed Waterway,0,0
1103570040,stream,Unnamed Waterway,0,0
1103570041,stream,Unnamed Waterway,0,0
1103570042,stream,Unnamed Waterway,0,0
1103570043,stream,Unnamed Waterway,0,0
1103570044,stream,Unnamed Waterway,0,0
1103570045,stream,Unnamed Waterway,0,0
1103570046,stream,Unnamed Waterway,0,0
1103570047,stream,Unnamed Waterway,0,0
1103772540,stream,Unnamed Waterway,0,0
1104156779,canal,Unnamed Waterway,0,0
1104156781,canal,Unnamed Waterway,0,0
1104156782,canal,Unnamed Waterway,0,0
1104156789,canal,Unnamed Waterway,0,0
1104156790,canal,Unnamed Waterway,0,0
1104156791,canal,Unnamed Waterway,0,0
1104156792,canal,Unnamed Waterway,0,0
1104156807,canal,Unnamed Waterway,0,0
1104156814,canal,Unnamed Waterway,0,0
1104156816,canal,Unnamed Waterway,0,0
1104156821,canal,Unnamed Waterway,0,0
1104156822,canal,Unnamed Waterway,0,0
1104156831,canal,Unnamed Waterway,0,0
1104156832,canal,Unnamed Waterway,0,0
1104156833,canal,اڪرم واھ,0,0
1104156846,canal,Unnamed Waterway,0,0
1104156847,canal,Unnamed Waterway,0,0
1104156848,canal,Unnamed Waterway,0,0
1104156858,canal,Unnamed Waterway,0,0
1104156865,canal,Unnamed Waterway,0,0
1104156866,canal,Unnamed Waterway,0,0
1104156880,canal,Unnamed Waterway,0,0
1104156894,canal,Unnamed Waterway,0,0
1104177826,canal,Unnamed Waterway,0,0
1104177827,canal,Unnamed Waterway,0,0
1104177828,canal,Unnamed Waterway,0,0
1104177838,canal,Unnamed Waterway,0,0
1104177839,canal,Unnamed Waterway,0,0
1104177840,canal,Unnamed Waterway,0,0
1104177849,canal,Unnamed Waterway,0,0
1104177850,canal,Unnamed Waterway,0,0
1104177851,canal,Unnamed Waterway,0,0
1104177852,canal,Unnamed Waterway,0,0
1104177857,canal,Unnamed Waterway,0,0
1104177858,canal,Unnamed Waterway,0,0
1104177859,canal,Unnamed Waterway,0,0
1104178074,canal,Unnamed Waterway,0,0
1104182033,canal,Unnamed Waterway,0,0
1104188842,river,Unnamed Waterway,0,0
1104188843,river,Unnamed Waterway,0,0
1104188844,river,Unnamed Waterway,0,0
1104188851,river,Unnamed Waterway,0,0
1104188853,river,Unnamed Waterway,0,0
1104188856,river,Unnamed Waterway,0,0
1104188857,river,Unnamed Waterway,0,0
1104188858,river,Unnamed Waterway,0,0
1104188861,canal,Unnamed Waterway,0,0
1104188862,canal,Unnamed Waterway,0,0
1104188863,canal,Unnamed Waterway,0,0
1104188864,river,Unnamed Waterway,0,0
1104188865,river,Unnamed Waterway,0,0
1104188866,river,Unnamed Waterway,0,0
1104188874,canal,Unnamed Waterway,0,0
1104188875,canal,Unnamed Waterway,0,0
1104188876,canal,Unnamed Waterway,0,0
1104188877,canal,Unnamed Waterway,0,0
1104188878,canal,Unnamed Waterway,0,0
1104188879,canal,Unnamed Waterway,0,0
1104188880,canal,Unnamed Waterway,0,0
1104188881,canal,Unnamed Waterway,0,0
1104188883,canal,Unnamed Waterway,0,0
1104188884,canal,Unnamed Waterway,0,0
1104188885,canal,Unnamed Waterway,0,0
1104188886,canal,Unnamed Waterway,0,0
1104188887,canal,Unnamed Waterway,0,0
1104188888,canal,Unnamed Waterway,0,0
1104188889,canal,Unnamed Waterway,0,0
1104188890,canal,Unnamed Waterway,0,0
1104188891,canal,Unnamed Waterway,0,0
1104188892,canal,Unnamed Waterway,0,0
1104188893,canal,Unnamed Waterway,0,0
1104188894,canal,Unnamed Waterway,0,0
1104188899,river,Unnamed Waterway,0,0
1104188905,river,Unnamed Waterway,0,0
1104188906,river,Unnamed Waterway,0,0
1104188912,river,Unnamed Waterway,0,0
1104188920,river,Unnamed Waterway,0,0
1104188921,river,Unnamed Waterway,0,0
1104188922,river,Unnamed Waterway,0,0
1104188931,river,Unnamed Waterway,0,0
1104188932,river,Unnamed Waterway,0,0
1104188933,canal,Unnamed Waterway,0,0
1104188934,river,Unnamed Waterway,0,0
1104188936,river,Unnamed Waterway,0,0
1104188937,river,Unnamed Waterway,0,0
1104188947,canal,Unnamed Waterway,0,0
1104188948,canal,Unnamed Waterway,0,0
1104188949,canal,Unnamed Waterway,0,0
1104188955,river,Unnamed Waterway,0,0
1104188956,river,Unnamed Waterway,0,0
1104188957,river,Unnamed Waterway,0,0
1104191190,river,Unnamed Waterway,0,0
1104191191,river,Unnamed Waterway,0,0
1104191199,river,Unnamed Waterway,0,0
1104191200,river,Unnamed Waterway,0,0
1104191201,river,Unnamed Waterway,0,0
1104191203,river,Unnamed Waterway,0,0
1104191206,river,Unnamed Waterway,0,0
1104191207,canal,Unnamed Waterway,0,0
1104191208,canal,Unnamed Waterway,0,0
1104191209,canal,Unnamed Waterway,0,0
1104191210,canal,Unnamed Waterway,0,0
1104191211,canal,Unnamed Waterway,0,0
1104191212,canal,Unnamed Waterway,0,0
1104191213,canal,Unnamed Waterway,0,0
1104191214,canal,Unnamed Waterway,0,0
1104191215,canal,Unnamed Waterway,0,0
1104191218,river,Unnamed Waterway,0,0
1104196695,canal,Unnamed Waterway,0,0
1104196701,canal,Unnamed Waterway,0,0
1104196706,canal,Unnamed Waterway,0,0
1104196707,canal,Unnamed Waterway,0,0
1104196708,canal,Unnamed Waterway,0,0
1104196709,canal,Unnamed Waterway,0,0
1104196747,canal,Unnamed Waterway,0,0
1104196748,canal,Unnamed Waterway,0,0
1104196749,canal,Unnamed Waterway,0,0
1104196750,canal,Unnamed Waterway,0,0
1104196751,canal,Unnamed Waterway,0,0
1104196752,canal,Unnamed Waterway,0,0
1104196755,canal,Unnamed Waterway,0,0
1104196786,canal,Unnamed Waterway,0,0
1104196787,canal,Unnamed Waterway,0,0
1104196790,canal,Unnamed Waterway,0,0
1104196791,canal,Unnamed Waterway,0,0
1104196808,canal,Unnamed Waterway,0,0
1104196809,canal,Unnamed Waterway,0,0
1104196810,canal,Unnamed Waterway,0,0
1104196811,canal,Unnamed Waterway,0,0
1104196814,canal,Unnamed Waterway,0,0
1104196815,canal,Unnamed Waterway,0,0
1104196816,canal,Unnamed Waterway,0,0
1104196837,canal,Unnamed Waterway,0,0
1104196838,canal,Unnamed Waterway,0,0
1104196845,canal,Unnamed Waterway,0,0
1104196846,canal,Unnamed Waterway,0,0
1104196847,canal,Unnamed Waterway,0,0
1104370671,stream,Unnamed Waterway,0,0
1104370672,river,Unnamed Waterway,0,0
1104370673,river,Unnamed Waterway,0,0
1104370726,river,Unnamed Waterway,0,0
1104397864,canal,R-1,0,0
1104397865,canal,R-1,0,0
1104397890,canal,Unnamed Waterway,0,0
1104397893,canal,Unnamed Waterway,0,0
1104397894,canal,Unnamed Waterway,0,0
1104397897,canal,Unnamed Waterway,0,0
1104397931,canal,Unnamed Waterway,0,0
1104397932,canal,Unnamed Waterway,0,0
1104397948,river,Unnamed Waterway,0,0
1104397951,canal,Unnamed Waterway,0,0
1104397975,canal,Unnamed Waterway,0,0
1104401326,canal,Unnamed Waterway,0,0
1104401652,canal,Unnamed Waterway,0,0
1104401653,canal,Unnamed Waterway,0,0
1104405937,canal,Unnamed Waterway,0,0
1104405938,canal,Unnamed Waterway,0,0
1104407371,canal,Unnamed Waterway,0,0
1104407372,canal,Unnamed Waterway,0,0
1104407373,canal,Unnamed Waterway,0,0
1104407380,canal,Unnamed Waterway,0,0
1104407381,canal,Unnamed Waterway,0,0
1104407382,canal,Unnamed Waterway,0,0
1104408903,canal,6-R Canal,0,0
1104408904,canal,6-R Canal,0,0
1104477040,stream,Unnamed Waterway,0,0
1104477041,stream,Unnamed Waterway,0,0
1104477048,stream,Unnamed Waterway,0,0
1104477049,stream,Unnamed Waterway,0,0
1104477050,stream,Unnamed Waterway,0,0
1104477051,stream,Unnamed Waterway,0,0
1104477052,stream,Unnamed Waterway,0,0
1104477053,stream,Unnamed Waterway,0,0
1104477054,stream,Unnamed Waterway,0,0
1104477055,stream,Unnamed Waterway,0,0
1104477056,stream,Unnamed Waterway,0,0
1104477057,stream,Unnamed Waterway,0,0
1104477058,stream,Unnamed Waterway,0,0
1104477059,stream,Unnamed Waterway,0,0
1104477060,stream,Unnamed Waterway,0,0
1104477061,stream,Unnamed Waterway,0,0
1104477062,stream,Unnamed Waterway,0,0
1104477063,stream,Unnamed Waterway,0,0
1104495908,canal,Unnamed Waterway,0,0
1104495909,canal,Unnamed Waterway,0,0
1104719598,stream,Unnamed Waterway,0,0
1104719599,stream,Unnamed Waterway,0,0
1104719600,stream,Unnamed Waterway,0,0
1104719601,stream,Unnamed Waterway,0,0
1104719602,stream,Unnamed Waterway,0,0
1104719603,stream,Unnamed Waterway,0,0
1104719605,stream,Unnamed Waterway,0,0
1104719606,stream,Unnamed Waterway,0,0
1104719607,stream,Unnamed Waterway,0,0
1104719608,stream,Unnamed Waterway,0,0
1104719609,stream,Unnamed Waterway,0,0
1104719610,stream,Unnamed Waterway,0,0
1104725441,canal,Unnamed Waterway,0,0
1104725445,canal,Unnamed Waterway,0,0
1104725449,stream,Unnamed Waterway,0,0
1104791757,canal,Unnamed Waterway,0,0
1104791758,canal,Unnamed Waterway,0,0
1104791759,canal,Unnamed Waterway,0,0
1104791760,canal,Unnamed Waterway,0,0
1104791761,canal,Unnamed Waterway,0,0
1104792828,river,Unnamed Waterway,0,0
1104792829,river,Unnamed Waterway,0,0
1104792830,river,Unnamed Waterway,0,0
1104792831,river,Unnamed Waterway,0,0
1104792832,river,Unnamed Waterway,0,0
1104792833,river,Unnamed Waterway,0,0
1104792840,canal,Unnamed Waterway,0,0
1104792841,river,Unnamed Waterway,0,0
1104795401,canal,Unnamed Waterway,0,0
1104795402,canal,Unnamed Waterway,0,0
1104795409,canal,Unnamed Waterway,0,0
1104795410,canal,Unnamed Waterway,0,0
1104795411,canal,Unnamed Waterway,0,0
1104795412,canal,Unnamed Waterway,0,0
1104795413,canal,Unnamed Waterway,0,0
1104806749,canal,Unnamed Waterway,0,0
1104806777,canal,Unnamed Waterway,0,0
1104811572,canal,Unnamed Waterway,0,0
1104811573,canal,Unnamed Waterway,0,0
1104811574,canal,Unnamed Waterway,0,0
1104811577,canal,Unnamed Waterway,0,0
1104811593,canal,Fazil Wah,0,0
1104811594,canal,Unnamed Waterway,0,0
1104879117,canal,Unnamed Waterway,0,0
1104879118,canal,Unnamed Waterway,0,0
1104879119,canal,Unnamed Waterway,0,0
1104879120,canal,Unnamed Waterway,0,0
1104879122,canal,Unnamed Waterway,0,0
1104895963,canal,Unnamed Waterway,0,0
1104895965,canal,Unnamed Waterway,0,0
1104982973,canal,Unnamed Waterway,0,0
1104982974,canal,Unnamed Waterway,0,0
1104982975,canal,Unnamed Waterway,0,0
1104982976,canal,Unnamed Waterway,0,0
1104982977,canal,Unnamed Waterway,0,0
1105220503,canal,Khal Distributary,0,0
1105220504,canal,Unnamed Waterway,0,0
1105220507,canal,Unnamed Waterway,0,0
1105220508,canal,Unnamed Waterway,0,0
1105220509,canal,Unnamed Waterway,0,0
1105220510,canal,Unnamed Waterway,0,0
1105220511,canal,Unnamed Waterway,0,0
1105220512,canal,Unnamed Waterway,0,0
1105287636,stream,Unnamed Waterway,0,0
1106107256,canal,Unnamed Waterway,0,0
1106107257,canal,Unnamed Waterway,0,0
1106126337,canal,Unnamed Waterway,0,0
1106126338,canal,Unnamed Waterway,0,0
1106406472,canal,Unnamed Waterway,0,0
1106406473,canal,Unnamed Waterway,0,0
1106436335,river,Unnamed Waterway,0,0
1106436336,river,Unnamed Waterway,0,0
1106663054,canal,Unnamed Waterway,0,0
1106663055,canal,Unnamed Waterway,0,0
1106663056,canal,Unnamed Waterway,0,0
1106663057,canal,Unnamed Waterway,0,0
1106689118,canal,Unnamed Waterway,0,0
1106692834,stream,Unnamed Waterway,0,0
1106805368,canal,Unnamed Waterway,0,0
1106805369,canal,Unnamed Waterway,0,0
1106805378,canal,Unnamed Waterway,0,0
1106805379,canal,Unnamed Waterway,0,0
1106883868,canal,Unnamed Waterway,0,0
1106918932,canal,Unnamed Waterway,0,0
1106918933,canal,Unnamed Waterway,0,0
1106918934,canal,Unnamed Waterway,0,0
1106918935,canal,Unnamed Waterway,0,0
1106918936,canal,Unnamed Waterway,0,0
1106918937,canal,Unnamed Waterway,0,0
1107034163,river,Unnamed Waterway,0,0
1107130857,canal,Unnamed Waterway,0,0
1107130858,canal,Unnamed Waterway,0,0
1107134383,canal,Unnamed Waterway,0,0
1107134392,canal,Unnamed Waterway,0,0
1107137929,canal,Unnamed Waterway,0,0
1107137930,canal,Unnamed Waterway,0,0
1107141671,canal,Unnamed Waterway,0,0
1107141672,canal,Unnamed Waterway,0,0
1107141673,canal,Unnamed Waterway,0,0
1107141674,canal,Unnamed Waterway,0,0
1107540398,canal,Unnamed Waterway,0,0
1107540399,canal,Unnamed Waterway,0,0
1107670974,canal,Unnamed Waterway,0,0
1107670975,canal,Unnamed Waterway,0,0
1107670978,canal,Unnamed Waterway,0,0
1107698079,canal,Unnamed Waterway,0,0
1107698080,canal,Unnamed Waterway,0,0
1107810046,canal,Unnamed Waterway,0,0
1107810047,canal,Unnamed Waterway,0,0
1107984962,canal,Unnamed Waterway,0,0
1107984976,canal,Unnamed Waterway,0,0
1108029089,canal,Unnamed Waterway,0,0
1108112459,stream,Unnamed Waterway,0,0
1108588043,canal,Unnamed Waterway,0,0
1108590143,canal,Unnamed Waterway,0,0
1108603834,canal,Unnamed Waterway,0,0
1108606830,canal,Unnamed Waterway,0,0
1108606831,canal,Unnamed Waterway,0,0
1108606832,canal,Unnamed Waterway,0,0
1108606833,canal,Unnamed Waterway,0,0
1108606834,canal,Unnamed Waterway,0,0
1108606835,canal,Unnamed Waterway,0,0
1108606836,canal,Unnamed Waterway,0,0
1108606837,canal,Unnamed Waterway,0,0
1108783580,canal,Unnamed Waterway,0,0
1108783581,canal,Unnamed Waterway,0,0
1109056388,river,Unnamed Waterway,0,0
1109056389,river,Unnamed Waterway,0,0
1109056390,stream,Unnamed Waterway,0,0
1109056391,stream,Unnamed Waterway,0,0
1109056392,river,Unnamed Waterway,0,0
1109075103,canal,Unnamed Waterway,0,0
1109075104,canal,Unnamed Waterway,0,0
1109075105,canal,Unnamed Waterway,0,0
1109075106,canal,Unnamed Waterway,0,0
1109151787,canal,Unnamed Waterway,0,0
1109608690,canal,Unnamed Waterway,0,0
1109611489,canal,Unnamed Waterway,0,0
1109612222,canal,Unnamed Waterway,0,0
1109612223,canal,Unnamed Waterway,0,0
1109612231,canal,Unnamed Waterway,0,0
1109612232,canal,Unnamed Waterway,0,0
1109615582,canal,Unnamed Waterway,0,0
1109615583,canal,Unnamed Waterway,0,0
1109637032,canal,Unnamed Waterway,0,0
1109654653,stream,Unnamed Waterway,0,0
1109654656,canal,Unnamed Waterway,0,0
1109654659,canal,Unnamed Waterway,0,0
1109654660,canal,Unnamed Waterway,0,0
1109976787,canal,Unnamed Waterway,0,0
1109976788,canal,Unnamed Waterway,0,0
1110053844,canal,Unnamed Waterway,0,0
1110162755,river,Unnamed Waterway,0,0
1110167594,river,Unnamed Waterway,0,0
1110242677,river,Unnamed Waterway,0,0
1110247210,canal,Unnamed Waterway,0,0
1110253447,canal,Unnamed Waterway,0,0
1110253448,canal,Unnamed Waterway,0,0
1110311439,canal,Unnamed Waterway,0,0
1110500295,canal,Unnamed Waterway,0,0
1110503692,canal,Unnamed Waterway,0,0
1110503693,canal,Unnamed Waterway,0,0
1110503694,canal,Unnamed Waterway,0,0
1110503695,canal,Unnamed Waterway,0,0
1110546524,river,Unnamed Waterway,0,0
1110546525,river,Unnamed Waterway,0,0
1110550135,canal,Unnamed Waterway,0,0
1110550136,canal,Unnamed Waterway,0,0
1110550139,canal,Unnamed Waterway,0,0
1110550140,canal,Unnamed Waterway,0,0
1110550141,canal,Unnamed Waterway,0,0
1110550148,canal,Unnamed Waterway,0,0
1110666083,river,Unnamed Waterway,0,0
1110666084,river,Unnamed Waterway,0,0
1110666086,river,Unnamed Waterway,0,0
1110667919,river,Unnamed Waterway,0,0
1110667925,river,Unnamed Waterway,0,0
1110667926,river,Unnamed Waterway,0,0
1110667927,river,Unnamed Waterway,0,0
1110667928,river,Unnamed Waterway,0,0
1110691372,river,Unnamed Waterway,0,0
1110696412,river,Unnamed Waterway,0,0
1110696416,river,Unnamed Waterway,0,0
1110696417,stream,Unnamed Waterway,0,0
1110696418,river,Unnamed Waterway,0,0
1110696424,river,Unnamed Waterway,0,0
1110696703,river,Unnamed Waterway,0,0
1110725298,canal,Unnamed Waterway,0,0
1110725299,canal,Unnamed Waterway,0,0
1110725303,canal,Unnamed Waterway,0,0
1110725304,canal,Unnamed Waterway,0,0
1110728208,canal,Unnamed Waterway,0,0
1110728209,stream,Unnamed Waterway,0,0
1110751482,canal,Unnamed Waterway,0,0
1110779679,canal,Unnamed Waterway,0,0
1110779680,canal,Unnamed Waterway,0,0
1111018035,canal,Unnamed Waterway,0,0
1111026182,canal,Unnamed Waterway,0,0
1111026183,canal,Unnamed Waterway,0,0
1111032470,river,Unnamed Waterway,0,0
1111032477,river,Unnamed Waterway,0,0
1111037614,canal,Unnamed Waterway,0,0
1111040705,river,Unnamed Waterway,0,0
1111041032,canal,Unnamed Waterway,0,0
1111041033,canal,Unnamed Waterway,0,0
1111041045,canal,Unnamed Waterway,0,0
1111041046,canal,Unnamed Waterway,0,0
1111041048,canal,Unnamed Waterway,0,0
1111041049,canal,Unnamed Waterway,0,0
1111041051,canal,Unnamed Waterway,0,0
1111041052,canal,Unnamed Waterway,0,0
1111041054,canal,Unnamed Waterway,0,0
1111041055,canal,Unnamed Waterway,0,0
1111048366,canal,Unnamed Waterway,0,0
1111048367,canal,Unnamed Waterway,0,0
1111048369,canal,Unnamed Waterway,0,0
1111048370,canal,Unnamed Waterway,0,0
1111124333,stream,Unnamed Waterway,0,0
1111157055,stream,Unnamed Waterway,0,0
1111157056,stream,Unnamed Waterway,0,0
1111157057,stream,Unnamed Waterway,0,0
1111157058,stream,Unnamed Waterway,0,0
1111164386,stream,Unnamed Waterway,0,0
1111164387,stream,Unnamed Waterway,0,0
1111247949,river,Unnamed Waterway,0,0
1111274554,stream,Unnamed Waterway,0,0
1111524233,stream,Unnamed Waterway,0,0
1111524278,stream,Unnamed Waterway,0,0
1111598178,stream,Unnamed Waterway,0,0
1111658734,canal,Unnamed Waterway,0,0
1111736450,canal,Unnamed Waterway,0,0
1111739803,river,Unnamed Waterway,0,0
1111800463,stream,Unnamed Waterway,0,0
1111800464,stream,Unnamed Waterway,0,0
1111800469,stream,Unnamed Waterway,0,0
1111800470,stream,Unnamed Waterway,0,0
1111843352,canal,Unnamed Waterway,0,0
1111843353,canal,Unnamed Waterway,0,0
1111859027,stream,Unnamed Waterway,0,0
1112462876,stream,Unnamed Waterway,0,0
1112462877,stream,Unnamed Waterway,0,0
1112462878,stream,Unnamed Waterway,0,0
1112462879,stream,Unnamed Waterway,0,0
1112462880,stream,Unnamed Waterway,0,0
1112462881,stream,Unnamed Waterway,0,0
1112641685,river,Unnamed Waterway,0,0
1112641687,river,Unnamed Waterway,0,0
1112642377,river,Unnamed Waterway,0,0
1112688120,canal,Unnamed Waterway,0,0
1112688121,canal,Unnamed Waterway,0,0
1112688122,canal,Unnamed Waterway,0,0
1112688123,canal,Unnamed Waterway,0,0
1112688124,canal,Unnamed Waterway,0,0
1112688125,canal,Unnamed Waterway,0,0
1112688126,canal,Unnamed Waterway,0,0
1112688127,canal,Unnamed Waterway,0,0
1112688128,canal,Unnamed Waterway,0,0
1112688129,canal,Unnamed Waterway,0,0
1112688130,canal,Unnamed Waterway,0,0
1112688131,canal,Unnamed Waterway,0,0
1112688132,canal,Unnamed Waterway,0,0
1112688133,canal,Unnamed Waterway,0,0
1112688134,canal,Unnamed Waterway,0,0
1112688135,canal,Unnamed Waterway,0,0
1112688136,canal,Unnamed Waterway,0,0
1112688137,canal,Unnamed Waterway,0,0
1112688138,canal,Unnamed Waterway,0,0
1112688139,canal,Unnamed Waterway,0,0
1112688140,canal,Unnamed Waterway,0,0
1112688141,canal,Unnamed Waterway,0,0
1112688147,canal,Unnamed Waterway,0,0
1112688148,canal,Unnamed Waterway,0,0
1112688149,canal,Unnamed Waterway,0,0
1112688150,canal,Unnamed Waterway,0,0
1112688151,canal,Unnamed Waterway,0,0
1112688152,canal,Unnamed Waterway,0,0
1112688153,canal,Unnamed Waterway,0,0
1112688154,canal,Unnamed Waterway,0,0
1112688155,canal,Unnamed Waterway,0,0
1112688156,canal,Unnamed Waterway,0,0
1112688157,canal,Unnamed Waterway,0,0
1112688158,canal,Unnamed Waterway,0,0
1112688160,canal,Unnamed Waterway,0,0
1112688161,canal,Unnamed Waterway,0,0
1112688162,canal,Unnamed Waterway,0,0
1112688163,canal,Unnamed Waterway,0,0
1112688170,canal,Unnamed Waterway,0,0
1112688172,canal,Unnamed Waterway,0,0
1112688173,canal,Unnamed Waterway,0,0
1112688174,canal,Unnamed Waterway,0,0
1112688175,canal,Unnamed Waterway,0,0
1112688176,canal,Unnamed Waterway,0,0
1112688177,canal,Unnamed Waterway,0,0
1112688178,canal,Unnamed Waterway,0,0
1112688179,canal,Unnamed Waterway,0,0
1112693702,canal,Unnamed Waterway,0,0
1112717042,stream,Unnamed Waterway,0,0
1112717043,stream,Unnamed Waterway,0,0
1113001207,canal,Unnamed Waterway,0,0
1113001208,canal,Unnamed Waterway,0,0
1113001209,canal,Unnamed Waterway,0,0
1113001210,canal,Unnamed Waterway,0,0
1113001211,canal,Unnamed Waterway,0,0
1113382660,canal,Unnamed Waterway,0,0
1113382661,canal,Unnamed Waterway,0,0
1113382662,canal,Unnamed Waterway,0,0
1113382663,canal,Unnamed Waterway,0,0
1113382664,canal,Unnamed Waterway,0,0
1113382665,canal,Unnamed Waterway,0,0
1113382666,canal,Unnamed Waterway,0,0
1113382667,canal,Unnamed Waterway,0,0
1113382668,canal,Unnamed Waterway,0,0
1113382669,canal,Unnamed Waterway,0,0
1113382670,canal,Unnamed Waterway,0,0
1113382671,canal,Unnamed Waterway,0,0
1113382672,canal,Unnamed Waterway,0,0
1113382673,canal,Unnamed Waterway,0,0
1113382674,canal,Unnamed Waterway,0,0
1113382675,canal,Unnamed Waterway,0,0
1113382676,canal,Unnamed Waterway,0,0
1113382678,canal,Unnamed Waterway,0,0
1113382679,canal,Unnamed Waterway,0,0
1113382680,canal,Unnamed Waterway,0,0
1113382681,canal,Unnamed Waterway,0,0
1113382682,canal,Unnamed Waterway,0,0
1113382683,canal,Unnamed Waterway,0,0
1113382684,canal,Unnamed Waterway,0,0
1113382685,canal,Unnamed Waterway,0,0
1113382686,canal,Magsi Shaakh,0,0
1113382687,canal,Unnamed Waterway,0,0
1113382689,canal,Unnamed Waterway,0,0
1113382690,canal,Mgasi Shaakh,0,0
1113382691,canal,Unnamed Waterway,0,0
1113382692,canal,Unnamed Waterway,0,0
1113382693,canal,Unnamed Waterway,0,0
1113382695,canal,Magsi Shaakh,0,0
1113382696,canal,Unnamed Waterway,0,0
1113382697,canal,Magsi Shaakh,0,0
1113382698,canal,Unnamed Waterway,0,0
1113382699,canal,Unnamed Waterway,0,0
1113382700,canal,Unnamed Waterway,0,0
1113382701,canal,Unnamed Waterway,0,0
1113382702,canal,Unnamed Waterway,0,0
1113382703,canal,Unnamed Waterway,0,0
1113382704,canal,Unnamed Waterway,0,0
1113382705,canal,Unnamed Waterway,0,0
1113382706,canal,Unnamed Waterway,0,0
1113382707,canal,Unnamed Waterway,0,0
1113382708,canal,Unnamed Waterway,0,0
1113382709,canal,Unnamed Waterway,0,0
1113627172,canal,Unnamed Waterway,0,0
1113627173,canal,Unnamed Waterway,0,0
1113627175,canal,Unnamed Waterway,0,0
1113627176,canal,Unnamed Waterway,0,0
1113627177,canal,Unnamed Waterway,0,0
1113627178,canal,Unnamed Waterway,0,0
1113627179,canal,Unnamed Waterway,0,0
1113627180,canal,Unnamed Waterway,0,0
1113627181,canal,Unnamed Waterway,0,0
1113627183,canal,Unnamed Waterway,0,0
1113627184,canal,Unnamed Waterway,0,0
1113627185,canal,Unnamed Waterway,0,0
1113627186,canal,Unnamed Waterway,0,0
1113627187,canal,Unnamed Waterway,0,0
1113627188,canal,Unnamed Waterway,0,0
1113627189,canal,Unnamed Waterway,0,0
1113627190,canal,Unnamed Waterway,0,0
1113627191,canal,Unnamed Waterway,0,0
1113627192,canal,Unnamed Waterway,0,0
1113627193,canal,Unnamed Waterway,0,0
1113775175,stream,Unnamed Waterway,0,0
1113775176,stream,Unnamed Waterway,0,0
1113775179,stream,Unnamed Waterway,0,0
1113775180,stream,Unnamed Waterway,0,0
1114999368,stream,Unnamed Waterway,0,0
1114999369,stream,Unnamed Waterway,0,0
1115015550,canal,Unnamed Waterway,0,0
1115015551,canal,Unnamed Waterway,0,0
1115152582,river,Unnamed Waterway,0,0
1116363529,stream,Unnamed Waterway,0,0
1116363530,stream,Unnamed Waterway,0,0
1116880937,canal,Unnamed Waterway,0,0
1116880938,canal,Unnamed Waterway,0,0
1116880939,canal,Unnamed Waterway,0,0
1116880940,canal,Unnamed Waterway,0,0
1116880941,canal,Unnamed Waterway,0,0
1116880942,canal,Unnamed Waterway,0,0
1116880943,canal,Unnamed Waterway,0,0
1116880944,canal,Unnamed Waterway,0,0
1116880945,canal,Unnamed Waterway,0,0
1116880946,canal,Unnamed Waterway,0,0
1116917443,river,Unnamed Waterway,0,0
1116931392,stream,Unnamed Waterway,0,0
1116931393,stream,Unnamed Waterway,0,0
1116944425,canal,Unnamed Waterway,0,0
1116944426,river,Unnamed Waterway,0,0
1116944430,river,Unnamed Waterway,0,0
1116944431,river,Unnamed Waterway,0,0
1117154290,canal,Unnamed Waterway,0,0
1117154291,canal,Unnamed Waterway,0,0
1117154292,canal,Unnamed Waterway,0,0
1117154293,canal,Unnamed Waterway,0,0
1117154294,canal,Unnamed Waterway,0,0
1117154295,canal,Unnamed Waterway,0,0
1117154296,canal,Unnamed Waterway,0,0
1117154303,canal,Unnamed Waterway,0,0
1117154304,canal,Unnamed Waterway,0,0
1117154305,canal,Unnamed Waterway,0,0
1117154306,canal,Unnamed Waterway,0,0
1117154308,canal,Unnamed Waterway,0,0
1117154309,canal,Unnamed Waterway,0,0
1117154310,canal,Unnamed Waterway,0,0
1117154311,canal,Unnamed Waterway,0,0
1117154312,canal,Unnamed Waterway,0,0
1117154313,canal,Unnamed Waterway,0,0
1117154314,canal,Unnamed Waterway,0,0
1117154315,canal,Unnamed Waterway,0,0
1117154316,canal,Unnamed Waterway,0,0
1117154317,canal,Unnamed Waterway,0,0
1117154320,canal,Unnamed Waterway,0,0
1117154321,canal,Unnamed Waterway,0,0
1117154322,canal,Unnamed Waterway,0,0
1117154323,canal,Unnamed Waterway,0,0
1117154324,canal,Unnamed Waterway,0,0
1117154325,canal,Unnamed Waterway,0,0
1117154326,canal,Unnamed Waterway,0,0
1117154327,canal,Unnamed Waterway,0,0
1117154328,canal,Unnamed Waterway,0,0
1117154329,canal,Unnamed Waterway,0,0
1117154330,canal,Unnamed Waterway,0,0
1117154331,canal,Unnamed Waterway,0,0
1117154332,canal,Unnamed Waterway,0,0
1117154333,canal,Unnamed Waterway,0,0
1117154334,canal,Unnamed Waterway,0,0
1117154335,canal,Unnamed Waterway,0,0
1117154336,canal,Unnamed Waterway,0,0
1117154337,canal,Unnamed Waterway,0,0
1117154338,canal,Unnamed Waterway,0,0
1117154339,canal,Unnamed Waterway,0,0
1117154340,canal,Unnamed Waterway,0,0
1117154341,canal,Unnamed Waterway,0,0
1117154342,canal,Unnamed Waterway,0,0
1117154343,canal,Unnamed Waterway,0,0
1117154344,canal,Unnamed Waterway,0,0
1117154345,canal,Unnamed Waterway,0,0
1117154346,canal,Unnamed Waterway,0,0
1117336067,river,Unnamed Waterway,0,0
1117336068,river,Unnamed Waterway,0,0
1117336069,river,Unnamed Waterway,0,0
1117530277,canal,Unnamed Waterway,0,0
1117530278,canal,Unnamed Waterway,0,0
1117530279,canal,Unnamed Waterway,0,0
1117530280,canal,Unnamed Waterway,0,0
1117530281,canal,Unnamed Waterway,0,0
1117530282,canal,Unnamed Waterway,0,0
1117530283,canal,Unnamed Waterway,0,0
1117530285,canal,Unnamed Waterway,0,0
1117530286,canal,Unnamed Waterway,0,0
1117530287,canal,Unnamed Waterway,0,0
1117530288,canal,Unnamed Waterway,0,0
1117530289,canal,Unnamed Waterway,0,0
1117530290,canal,Unnamed Waterway,0,0
1117530291,canal,Unnamed Waterway,0,0
1117530292,canal,Unnamed Waterway,0,0
1117530293,canal,Unnamed Waterway,0,0
1117530294,canal,Unnamed Waterway,0,0
1117530295,canal,Unnamed Waterway,0,0
1117530296,canal,Unnamed Waterway,0,0
1117530297,canal,Unnamed Waterway,0,0
1117530298,canal,Unnamed Waterway,0,0
1117530300,canal,Unnamed Waterway,0,0
1117697287,canal,Unnamed Waterway,0,0
1117697288,canal,Unnamed Waterway,0,0
1117697289,canal,Unnamed Waterway,0,0
1117697290,canal,Unnamed Waterway,0,0
1117697291,canal,Unnamed Waterway,0,0
1117697292,canal,Unnamed Waterway,0,0
1117697293,canal,Unnamed Waterway,0,0
1117697294,canal,Unnamed Waterway,0,0
1117697295,canal,Unnamed Waterway,0,0
1117697296,canal,Unnamed Waterway,0,0
1117697297,canal,Unnamed Waterway,0,0
1117697298,canal,Unnamed Waterway,0,0
1117697299,canal,Unnamed Waterway,0,0
1117697300,canal,Unnamed Waterway,0,0
1117697302,canal,Unnamed Waterway,0,0
1117697303,canal,Unnamed Waterway,0,0
1117697304,canal,Unnamed Waterway,0,0
1117792195,stream,Unnamed Waterway,0,0
1117793807,stream,Unnamed Waterway,0,0
1117934422,river,Unnamed Waterway,0,0
1117934425,canal,Unnamed Waterway,0,0
1118063184,canal,Unnamed Waterway,0,0
1118063185,canal,Unnamed Waterway,0,0
1118063186,canal,Unnamed Waterway,0,0
1118063187,canal,Unnamed Waterway,0,0
1118063188,canal,Unnamed Waterway,0,0
1118063189,canal,Unnamed Waterway,0,0
1118063190,canal,Unnamed Waterway,0,0
1118063191,canal,Unnamed Waterway,0,0
1118063192,canal,Unnamed Waterway,0,0
1118063193,canal,Unnamed Waterway,0,0
1118063194,canal,Bari Distributary,0,0
1118063195,canal,Unnamed Waterway,0,0
1118063196,canal,Unnamed Waterway,0,0
1118063197,canal,Unnamed Waterway,0,0
1118063198,canal,Unnamed Waterway,0,0
1118063199,canal,Unnamed Waterway,0,0
1118063200,canal,Unnamed Waterway,0,0
1118063201,canal,Unnamed Waterway,0,0
1118063202,canal,Unnamed Waterway,0,0
1118063203,canal,Unnamed Waterway,0,0
1118063204,canal,Unnamed Waterway,0,0
1118063205,canal,Unnamed Waterway,0,0
1118197334,canal,Unnamed Waterway,0,0
1118197335,canal,Unnamed Waterway,0,0
1118197336,canal,Unnamed Waterway,0,0
1118197337,canal,Unnamed Waterway,0,0
1118197338,canal,Unnamed Waterway,0,0
1118197339,canal,Unnamed Waterway,0,0
1118197340,canal,Unnamed Waterway,0,0
1118197341,canal,Unnamed Waterway,0,0
1118197342,canal,Unnamed Waterway,0,0
1118197343,canal,Unnamed Waterway,0,0
1118197344,canal,Unnamed Waterway,0,0
1118197345,canal,Unnamed Waterway,0,0
1118197346,canal,Unnamed Waterway,0,0
1118197347,canal,Unnamed Waterway,0,0
1118197348,canal,Unnamed Waterway,0,0
1118197357,canal,Unnamed Waterway,0,0
1118197358,canal,Unnamed Waterway,0,0
1118197359,canal,Unnamed Waterway,0,0
1118197360,canal,Unnamed Waterway,0,0
1118197361,canal,Unnamed Waterway,0,0
1118197362,canal,Unnamed Waterway,0,0
1118197363,canal,Unnamed Waterway,0,0
1118197364,canal,Unnamed Waterway,0,0
1118297560,canal,Unnamed Waterway,0,0
1118297562,canal,Unnamed Waterway,0,0
1118509848,canal,Unnamed Waterway,0,0
1118550806,canal,Unnamed Waterway,0,0
1118550939,canal,Unnamed Waterway,0,0
1118638730,stream,Unnamed Waterway,0,0
1118638731,stream,Unnamed Waterway,0,0
1118638732,stream,Unnamed Waterway,0,0
1118638733,stream,Unnamed Waterway,0,0
1118717075,river,Unnamed Waterway,0,0
1118717076,river,Unnamed Waterway,0,0
1118717077,stream,Unnamed Waterway,0,0
1118723132,river,Unnamed Waterway,0,0
1118723133,river,Unnamed Waterway,0,0
1118723134,river,Unnamed Waterway,0,0
1118723135,river,Unnamed Waterway,0,0
1118723136,river,Unnamed Waterway,0,0
1118723137,river,Unnamed Waterway,0,0
1118723138,river,Unnamed Waterway,0,0
1118723139,river,Unnamed Waterway,0,0
1118723140,river,Unnamed Waterway,0,0
1118723141,river,Unnamed Waterway,0,0
1118723142,river,Unnamed Waterway,0,0
1118723143,river,Unnamed Waterway,0,0
1118723144,river,Unnamed Waterway,0,0
1118723145,river,Unnamed Waterway,0,0
1118723146,river,Unnamed Waterway,0,0
1118723147,river,Unnamed Waterway,0,0
1118723148,river,Unnamed Waterway,0,0
1118770608,canal,Unnamed Waterway,0,0
1118770609,canal,Unnamed Waterway,0,0
1118770655,canal,Unnamed Waterway,0,0
1118770656,canal,Unnamed Waterway,0,0
1118770657,canal,Unnamed Waterway,0,0
1118770658,canal,Unnamed Waterway,0,0
1118770659,canal,Unnamed Waterway,0,0
1118770661,canal,Unnamed Waterway,0,0
1118770662,canal,Unnamed Waterway,0,0
1118770740,canal,Unnamed Waterway,0,0
1118770741,canal,Unnamed Waterway,0,0
1118791114,canal,Unnamed Waterway,0,0
1118842259,river,Unnamed Waterway,0,0
1118842260,river,Unnamed Waterway,0,0
1118842261,river,Unnamed Waterway,0,0
1118842262,river,Unnamed Waterway,0,0
1118842263,river,Unnamed Waterway,0,0
1118842264,river,Unnamed Waterway,0,0
1118842265,river,Unnamed Waterway,0,0
1118842266,canal,Unnamed Waterway,0,0
1118842267,river,Unnamed Waterway,0,0
1118842268,river,Unnamed Waterway,0,0
1118842269,river,Unnamed Waterway,0,0
1118842270,river,Unnamed Waterway,0,0
1118842271,river,Unnamed Waterway,0,0
1118842272,canal,Umrani Shaakh,0,0
1118842273,river,Unnamed Waterway,0,0
1118842274,river,Unnamed Waterway,0,0
1118842275,river,Unnamed Waterway,0,0
1118842276,river,Unnamed Waterway,0,0
1118842277,river,Unnamed Waterway,0,0
1118842278,river,Unnamed Waterway,0,0
1118842279,river,Unnamed Waterway,0,0
1118842280,river,Unnamed Waterway,0,0
1118842281,river,Unnamed Waterway,0,0
1118842282,river,Unnamed Waterway,0,0
1118842283,river,Unnamed Waterway,0,0
1118842284,river,Unnamed Waterway,0,0
1118842288,river,Unnamed Waterway,0,0
1118842289,river,Unnamed Waterway,0,0
1118915880,canal,Unnamed Waterway,0,0
1118920776,canal,Unnamed Waterway,0,0
1118920798,canal,Unnamed Waterway,0,0
1118920799,canal,Unnamed Waterway,0,0
1119065256,river,Unnamed Waterway,0,0
1119065257,river,Unnamed Waterway,0,0
1119065258,river,Unnamed Waterway,0,0
1119065260,river,Unnamed Waterway,0,0
1119065261,canal,Unnamed Waterway,0,0
1119065262,river,Unnamed Waterway,0,0
1119065263,canal,Unnamed Waterway,0,0
1119065264,canal,Unnamed Waterway,0,0
1119270045,canal,Unnamed Waterway,0,0
1119270046,canal,Unnamed Waterway,0,0
1119270047,canal,Unnamed Waterway,0,0
1119270048,canal,Unnamed Waterway,0,0
1119270049,canal,Unnamed Waterway,0,0
1119270050,canal,Unnamed Waterway,0,0
1119270051,canal,Unnamed Waterway,0,0
1119270052,canal,Unnamed Waterway,0,0
1119270053,canal,Unnamed Waterway,0,0
1119270054,canal,Unnamed Waterway,0,0
1119270055,canal,Unnamed Waterway,0,0
1119270056,canal,Unnamed Waterway,0,0
1119270057,canal,Unnamed Waterway,0,0
1119270058,canal,Unnamed Waterway,0,0
1119270059,canal,Unnamed Waterway,0,0
1119270060,canal,Unnamed Waterway,0,0
1119270061,canal,Unnamed Waterway,0,0
1119270062,canal,Unnamed Waterway,0,0
1119270063,canal,Unnamed Waterway,0,0
1119270064,canal,Unnamed Waterway,0,0
1119270065,canal,Unnamed Waterway,0,0
1119270066,canal,Unnamed Waterway,0,0
1119270067,canal,Unnamed Waterway,0,0
1119270069,canal,Unnamed Waterway,0,0
1119270070,canal,Unnamed Waterway,0,0
1119372070,canal,Unnamed Waterway,0,0
1119372071,canal,Unnamed Waterway,0,0
1119372090,canal,Unnamed Waterway,0,0
1119372093,canal,Unnamed Waterway,0,0
1119372094,canal,Unnamed Waterway,0,0
1119472928,stream,Unnamed Waterway,0,0
1119503685,canal,Unnamed Waterway,0,0
1119503848,stream,Silmo,0,0
1119504312,canal,Unnamed Waterway,0,0
1119504744,canal,Unnamed Waterway,0,0
1119505158,canal,Unnamed Waterway,0,0
1119508776,canal,Unnamed Waterway,0,0
1119508777,canal,Unnamed Waterway,0,0
1119508778,canal,Unnamed Waterway,0,0
1119508779,canal,Unnamed Waterway,0,0
1119508780,canal,Unnamed Waterway,0,0
1119508781,canal,Unnamed Waterway,0,0
1119508782,canal,Unnamed Waterway,0,0
1119508783,canal,Unnamed Waterway,0,0
1119508784,canal,Unnamed Waterway,0,0
1119508785,canal,Unnamed Waterway,0,0
1119508786,canal,Unnamed Waterway,0,0
1119508787,canal,Unnamed Waterway,0,0
1119508788,canal,Unnamed Waterway,0,0
1119508789,canal,Unnamed Waterway,0,0
1119508790,canal,Unnamed Waterway,0,0
1119508791,canal,Unnamed Waterway,0,0
1119508792,canal,Unnamed Waterway,0,0
1119508793,canal,Unnamed Waterway,0,0
1119508794,canal,Unnamed Waterway,0,0
1119508795,canal,Unnamed Waterway,0,0
1119508796,canal,Unnamed Waterway,0,0
1119508797,canal,Unnamed Waterway,0,0
1119508798,canal,Unnamed Waterway,0,0
1119508799,canal,Unnamed Waterway,0,0
1119508800,canal,Unnamed Waterway,0,0
1119508801,canal,Unnamed Waterway,0,0
1119508802,canal,Unnamed Waterway,0,0
1119508803,canal,Unnamed Waterway,0,0
1119508804,canal,Unnamed Waterway,0,0
1119508805,canal,Unnamed Waterway,0,0
1119508806,canal,Unnamed Waterway,0,0
1119508807,canal,Unnamed Waterway,0,0
1119508808,canal,Unnamed Waterway,0,0
1119508809,canal,Unnamed Waterway,0,0
1119508810,canal,Unnamed Waterway,0,0
1119508811,canal,Unnamed Waterway,0,0
1119508812,canal,Unnamed Waterway,0,0
1119693630,canal,Unnamed Waterway,0,0
1119721979,canal,Unnamed Waterway,0,0
1119721980,canal,Unnamed Waterway,0,0
1119721981,canal,Unnamed Waterway,0,0
1119721982,canal,Unnamed Waterway,0,0
1119721983,canal,Unnamed Waterway,0,0
1119721985,canal,Unnamed Waterway,0,0
1119721986,canal,Unnamed Waterway,0,0
1119721987,canal,Unnamed Waterway,0,0
1119721988,canal,Unnamed Waterway,0,0
1119721989,canal,Unnamed Waterway,0,0
1119721990,canal,Unnamed Waterway,0,0
1119721991,canal,Unnamed Waterway,0,0
1119721992,canal,Unnamed Waterway,0,0
1119721993,canal,Unnamed Waterway,0,0
1119721994,canal,Unnamed Waterway,0,0
1119721995,canal,Unnamed Waterway,0,0
1119721996,canal,Unnamed Waterway,0,0
1119721997,canal,Unnamed Waterway,0,0
1119721998,canal,Unnamed Waterway,0,0
1119721999,canal,Unnamed Waterway,0,0
1119722000,canal,Unnamed Waterway,0,0
1119722001,canal,Unnamed Waterway,0,0
1119722002,canal,Unnamed Waterway,0,0
1119722003,canal,Unnamed Waterway,0,0
1119722004,canal,Unnamed Waterway,0,0
1119722005,canal,Unnamed Waterway,0,0
1119722006,canal,Unnamed Waterway,0,0
1119722007,canal,Unnamed Waterway,0,0
1119722008,canal,Unnamed Waterway,0,0
1119722009,canal,Unnamed Waterway,0,0
1119722010,canal,Unnamed Waterway,0,0
1119722011,canal,Unnamed Waterway,0,0
1119722012,canal,Unnamed Waterway,0,0
1119722013,canal,Unnamed Waterway,0,0
1119722014,canal,Unnamed Waterway,0,0
1119722015,canal,Unnamed Waterway,0,0
1119722016,canal,Unnamed Waterway,0,0
1119722017,canal,Unnamed Waterway,0,0
1119722018,canal,Unnamed Waterway,0,0
1119722019,canal,Unnamed Waterway,0,0
1119722020,canal,Unnamed Waterway,0,0
1119722021,canal,Unnamed Waterway,0,0
1119722022,canal,Unnamed Waterway,0,0
1119722023,canal,Unnamed Waterway,0,0
1119722024,canal,Unnamed Waterway,0,0
1119722025,canal,Unnamed Waterway,0,0
1119722026,canal,Unnamed Waterway,0,0
1119722027,canal,Unnamed Waterway,0,0
1119722028,canal,Unnamed Waterway,0,0
1119722029,canal,Unnamed Waterway,0,0
1119722030,canal,Unnamed Waterway,0,0
1119722031,canal,Unnamed Waterway,0,0
1119722032,canal,Unnamed Waterway,0,0
1119722033,canal,Unnamed Waterway,0,0
1119722034,canal,Unnamed Waterway,0,0
1119722035,canal,Unnamed Waterway,0,0
1119722036,canal,Unnamed Waterway,0,0
1119722037,canal,Unnamed Waterway,0,0
1119722038,canal,Unnamed Waterway,0,0
1119722039,canal,Unnamed Waterway,0,0
1119722040,canal,Unnamed Waterway,0,0
1119722041,canal,Unnamed Waterway,0,0
1119722042,canal,Unnamed Waterway,0,0
1119722043,canal,Unnamed Waterway,0,0
1119722044,canal,Unnamed Waterway,0,0
1119726485,stream,Unnamed Waterway,0,0
1119726486,stream,Unnamed Waterway,0,0
1119726487,stream,Unnamed Waterway,0,0
1119726488,stream,Unnamed Waterway,0,0
1119726489,stream,Unnamed Waterway,0,0
1119726490,stream,Unnamed Waterway,0,0
1119740364,canal,Unnamed Waterway,0,0
1119742192,canal,Unnamed Waterway,0,0
1119742193,canal,Unnamed Waterway,0,0
1119742194,canal,Unnamed Waterway,0,0
1119742319,canal,Unnamed Waterway,0,0
1119939468,canal,Unnamed Waterway,0,0
1119939469,canal,Unnamed Waterway,0,0
1119939470,canal,Unnamed Waterway,0,0
1119939471,canal,Unnamed Waterway,0,0
1119939473,canal,Unnamed Waterway,0,0
1119939474,canal,Unnamed Waterway,0,0
1119939475,canal,Unnamed Waterway,0,0
1119939476,canal,Unnamed Waterway,0,0
1119939478,canal,Unnamed Waterway,0,0
1119939479,canal,Unnamed Waterway,0,0
1119939480,canal,Unnamed Waterway,0,0
1119939481,canal,Unnamed Waterway,0,0
1119939486,canal,Unnamed Waterway,0,0
1119939487,canal,Unnamed Waterway,0,0
1119939488,canal,Unnamed Waterway,0,0
1119939489,canal,Unnamed Waterway,0,0
1119939490,canal,Unnamed Waterway,0,0
1119939491,canal,Unnamed Waterway,0,0
1120008508,canal,Unnamed Waterway,0,0
1120008509,canal,Unnamed Waterway,0,0
1120008510,canal,Unnamed Waterway,0,0
1120008511,canal,Unnamed Waterway,0,0
1120008512,canal,Unnamed Waterway,0,0
1120008513,canal,Unnamed Waterway,0,0
1120008516,canal,Unnamed Waterway,0,0
1120008517,canal,Unnamed Waterway,0,0
1120008518,canal,Unnamed Waterway,0,0
1120008519,canal,Unnamed Waterway,0,0
1120008520,canal,Unnamed Waterway,0,0
1120008521,canal,Unnamed Waterway,0,0
1120008522,canal,Unnamed Waterway,0,0
1120008523,canal,Unnamed Waterway,0,0
1120008524,canal,Unnamed Waterway,0,0
1120008525,canal,Unnamed Waterway,0,0
1120008526,canal,Unnamed Waterway,0,0
1120008527,canal,Unnamed Waterway,0,0
1120008528,canal,Unnamed Waterway,0,0
1120008529,canal,Unnamed Waterway,0,0
1120008530,canal,Unnamed Waterway,0,0
1120008531,canal,Unnamed Waterway,0,0
1120008532,canal,Unnamed Waterway,0,0
1120008533,canal,Unnamed Waterway,0,0
1120008534,canal,Unnamed Waterway,0,0
1120008535,canal,Unnamed Waterway,0,0
1120008536,canal,Unnamed Waterway,0,0
1120008537,canal,Unnamed Waterway,0,0
1120008538,canal,Unnamed Waterway,0,0
1120008539,canal,Unnamed Waterway,0,0
1120008540,canal,Unnamed Waterway,0,0
1120008541,canal,Unnamed Waterway,0,0
1120008542,canal,Unnamed Waterway,0,0
1120008543,canal,Unnamed Waterway,0,0
1120008544,canal,Unnamed Waterway,0,0
1120008545,canal,Unnamed Waterway,0,0
1120008546,canal,Unnamed Waterway,0,0
1120008547,canal,Unnamed Waterway,0,0
1120008548,canal,Unnamed Waterway,0,0
1120008549,canal,Unnamed Waterway,0,0
1120008550,canal,Unnamed Waterway,0,0
1120008551,canal,Unnamed Waterway,0,0
1120008552,canal,Unnamed Waterway,0,0
1120008553,canal,Unnamed Waterway,0,0
1120008554,canal,Unnamed Waterway,0,0
1120237023,canal,Unnamed Waterway,0,0
1120243182,canal,Unnamed Waterway,0,0
1120306797,stream,Unnamed Waterway,0,0
1120306798,stream,Unnamed Waterway,0,0
1120306800,stream,Unnamed Waterway,0,0
1120339232,canal,Unnamed Waterway,0,0
1120339233,canal,Unnamed Waterway,0,0
1120426971,canal,Unnamed Waterway,0,0
1120426972,canal,Unnamed Waterway,0,0
1120426973,canal,Unnamed Waterway,0,0
1120428119,canal,Unnamed Waterway,0,0
1120428120,canal,Unnamed Waterway,0,0
1120428121,canal,Unnamed Waterway,0,0
1120428122,canal,Unnamed Waterway,0,0
1120428123,canal,Unnamed Waterway,0,0
1120428124,canal,Unnamed Waterway,0,0
1120428125,canal,Unnamed Waterway,0,0
1120428126,canal,Unnamed Waterway,0,0
1120428127,canal,Unnamed Waterway,0,0
1120428128,canal,Unnamed Waterway,0,0
1120428129,canal,Unnamed Waterway,0,0
1120428130,canal,Unnamed Waterway,0,0
1120428131,canal,Unnamed Waterway,0,0
1120428132,canal,Unnamed Waterway,0,0
1120428133,canal,Unnamed Waterway,0,0
1120428134,canal,Unnamed Waterway,0,0
1120428135,canal,Unnamed Waterway,0,0
1120428136,canal,Unnamed Waterway,0,0
1120428137,canal,Unnamed Waterway,0,0
1120428138,canal,Unnamed Waterway,0,0
1120428139,canal,Unnamed Waterway,0,0
1120428140,canal,Unnamed Waterway,0,0
1120428141,canal,Unnamed Waterway,0,0
1120428142,canal,Unnamed Waterway,0,0
1120428143,canal,Unnamed Waterway,0,0
1120428144,canal,Unnamed Waterway,0,0
1120428145,canal,Unnamed Waterway,0,0
1120428146,canal,Unnamed Waterway,0,0
1120428147,canal,Unnamed Waterway,0,0
1120428148,canal,Unnamed Waterway,0,0
1120428149,canal,Unnamed Waterway,0,0
1120428150,canal,Unnamed Waterway,0,0
1120428151,canal,Unnamed Waterway,0,0
1120428152,canal,Unnamed Waterway,0,0
1120428153,canal,Unnamed Waterway,0,0
1120428154,canal,Unnamed Waterway,0,0
1120428155,canal,Unnamed Waterway,0,0
1120428156,canal,Unnamed Waterway,0,0
1120428157,canal,Unnamed Waterway,0,0
1120428158,canal,Unnamed Waterway,0,0
1120428159,canal,Unnamed Waterway,0,0
1120428160,canal,Unnamed Waterway,0,0
1120428161,canal,Unnamed Waterway,0,0
1120428162,canal,Unnamed Waterway,0,0
1120428163,canal,Unnamed Waterway,0,0
1120428164,canal,Unnamed Waterway,0,0
1120428165,canal,Unnamed Waterway,0,0
1120428166,canal,Unnamed Waterway,0,0
1120428167,canal,Unnamed Waterway,0,0
1120428168,canal,Unnamed Waterway,0,0
1120428169,canal,Unnamed Waterway,0,0
1120428170,canal,Unnamed Waterway,0,0
1120490624,canal,Unnamed Waterway,0,0
1120490625,canal,Unnamed Waterway,0,0
1120490626,canal,Unnamed Waterway,0,0
1120490627,canal,Unnamed Waterway,0,0
1120490628,canal,Unnamed Waterway,0,0
1120490629,canal,Unnamed Waterway,0,0
1120490630,canal,Unnamed Waterway,0,0
1120490631,canal,Unnamed Waterway,0,0
1120490632,canal,Unnamed Waterway,0,0
1120490633,canal,Unnamed Waterway,0,0
1120490634,canal,Unnamed Waterway,0,0
1120490635,canal,Unnamed Waterway,0,0
1120490638,canal,Unnamed Waterway,0,0
1120490639,canal,Unnamed Waterway,0,0
1120490640,canal,Unnamed Waterway,0,0
1120490641,canal,Unnamed Waterway,0,0
1120490642,canal,Unnamed Waterway,0,0
1120490643,canal,Unnamed Waterway,0,0
1120490644,canal,Unnamed Waterway,0,0
1120490645,canal,Unnamed Waterway,0,0
1120490646,canal,Unnamed Waterway,0,0
1120490647,canal,Unnamed Waterway,0,0
1120490648,canal,Unnamed Waterway,0,0
1120490649,canal,Unnamed Waterway,0,0
1120490650,canal,Unnamed Waterway,0,0
1120490651,canal,Unnamed Waterway,0,0
1120490652,canal,Unnamed Waterway,0,0
1120490653,canal,Unnamed Waterway,0,0
1120490654,canal,Unnamed Waterway,0,0
1120490655,canal,Unnamed Waterway,0,0
1120490656,canal,Unnamed Waterway,0,0
1120490657,canal,Unnamed Waterway,0,0
1120490658,canal,Unnamed Waterway,0,0
1120555155,canal,Unnamed Waterway,0,0
1120627702,canal,Unnamed Waterway,0,0
1120628489,canal,Unnamed Waterway,0,0
1120628495,canal,Unnamed Waterway,0,0
1120628894,canal,Unnamed Waterway,0,0
1120635084,canal,Unnamed Waterway,0,0
1120636745,canal,Unnamed Waterway,0,0
1120696964,canal,Unnamed Waterway,0,0
1120696965,canal,Unnamed Waterway,0,0
1120696966,canal,Unnamed Waterway,0,0
1120696967,canal,Unnamed Waterway,0,0
1120696968,canal,Unnamed Waterway,0,0
1120696969,canal,Unnamed Waterway,0,0
1120696970,canal,Unnamed Waterway,0,0
1120696971,canal,Unnamed Waterway,0,0
1120696972,canal,Unnamed Waterway,0,0
1120696973,canal,Unnamed Waterway,0,0
1120696974,canal,Unnamed Waterway,0,0
1120696975,canal,Unnamed Waterway,0,0
1120696976,canal,Unnamed Waterway,0,0
1120696977,canal,Unnamed Waterway,0,0
1120696978,canal,Unnamed Waterway,0,0
1120696979,canal,Unnamed Waterway,0,0
1120696980,canal,Unnamed Waterway,0,0
1120696981,canal,Unnamed Waterway,0,0
1120696982,canal,Unnamed Waterway,0,0
1120696984,canal,Unnamed Waterway,0,0
1120696985,canal,Unnamed Waterway,0,0
1120696986,canal,Unnamed Waterway,0,0
1120696987,canal,Unnamed Waterway,0,0
1120696988,canal,Unnamed Waterway,0,0
1120696989,canal,Unnamed Waterway,0,0
1120696990,canal,Unnamed Waterway,0,0
1120696991,canal,Unnamed Waterway,0,0
1120696992,canal,Unnamed Waterway,0,0
1120696993,canal,Unnamed Waterway,0,0
1120696994,canal,Unnamed Waterway,0,0
1120696995,canal,Unnamed Waterway,0,0
1120696996,canal,Unnamed Waterway,0,0
1120696997,canal,Unnamed Waterway,0,0
1120728687,stream,Unnamed Waterway,0,0
1120728688,stream,Unnamed Waterway,0,0
1120728690,stream,Unnamed Waterway,0,0
1120728692,stream,Unnamed Waterway,0,0
1120728693,stream,Unnamed Waterway,0,0
1120729728,stream,Unnamed Waterway,0,0
1120729729,stream,Unnamed Waterway,0,0
1120733248,stream,Unnamed Waterway,0,0
1120733249,stream,Unnamed Waterway,0,0
1120733255,stream,Unnamed Waterway,0,0
1120733256,stream,Unnamed Waterway,0,0
1120747251,stream,Unnamed Waterway,0,0
1120747252,stream,Unnamed Waterway,0,0
1120747996,canal,Unnamed Waterway,0,0
1120747997,canal,Unnamed Waterway,0,0
1120771050,stream,Unnamed Waterway,0,0
1120771051,stream,Unnamed Waterway,0,0
1120771052,stream,Unnamed Waterway,0,0
1120799745,canal,Unnamed Waterway,0,0
1120799746,canal,Unnamed Waterway,0,0
1120799747,canal,Unnamed Waterway,0,0
1120799748,canal,Unnamed Waterway,0,0
1120799749,canal,Unnamed Waterway,0,0
1120799750,canal,Unnamed Waterway,0,0
1120799751,canal,Unnamed Waterway,0,0
1120799752,canal,Unnamed Waterway,0,0
1120799753,canal,Unnamed Waterway,0,0
1120799754,canal,Unnamed Waterway,0,0
1120799755,canal,Unnamed Waterway,0,0
1120799756,canal,Unnamed Waterway,0,0
1120799757,canal,Unnamed Waterway,0,0
1120799765,stream,Unnamed Waterway,0,0
1120799766,stream,Unnamed Waterway,0,0
1120799776,canal,Unnamed Waterway,0,0
1120799777,canal,Unnamed Waterway,0,0
1120799778,canal,Unnamed Waterway,0,0
1120799779,canal,Unnamed Waterway,0,0
1120799780,canal,Unnamed Waterway,0,0
1120799781,canal,Unnamed Waterway,0,0
1120929804,canal,Unnamed Waterway,0,0
1120929805,canal,Unnamed Waterway,0,0
1120929806,canal,Unnamed Waterway,0,0
1120929807,canal,Unnamed Waterway,0,0
1120929808,canal,Unnamed Waterway,0,0
1120929809,canal,Unnamed Waterway,0,0
1120929810,canal,Unnamed Waterway,0,0
1120929811,canal,Unnamed Waterway,0,0
1120929812,canal,Unnamed Waterway,0,0
1120929813,canal,Unnamed Waterway,0,0
1120929814,canal,Unnamed Waterway,0,0
1120929815,canal,Unnamed Waterway,0,0
1120929816,canal,Unnamed Waterway,0,0
1120929817,canal,Unnamed Waterway,0,0
1120929818,canal,Unnamed Waterway,0,0
1120929819,canal,Unnamed Waterway,0,0
1120929820,canal,Unnamed Waterway,0,0
1120929821,canal,Unnamed Waterway,0,0
1120929822,canal,Unnamed Waterway,0,0
1120929823,canal,Unnamed Waterway,0,0
1120929824,canal,Unnamed Waterway,0,0
1120929825,canal,Unnamed Waterway,0,0
1120929826,canal,Unnamed Waterway,0,0
1120929827,canal,Unnamed Waterway,0,0
1120929828,canal,Ganok Waahi,0,0
1120929829,canal,Unnamed Waterway,0,0
1120929830,canal,Ganok Waahi,0,0
1120929831,river,Dhorr,0,0
1120929832,river,Unnamed Waterway,0,0
1120929833,river,Dhorr,0,0
1120929834,river,Unnamed Waterway,0,0
1120929835,river,Dhorr,0,0
1120929836,river,Unnamed Waterway,0,0
1120929837,river,Unnamed Waterway,0,0
1120929838,canal,Unnamed Waterway,0,0
1120929839,river,Unnamed Waterway,0,0
1120929840,river,Unnamed Waterway,0,0
1120929841,river,Unnamed Waterway,0,0
1120929842,river,Unnamed Waterway,0,0
1120929843,canal,Unnamed Waterway,0,0
1120929844,canal,Unnamed Waterway,0,0
1120929845,canal,Unnamed Waterway,0,0
1120929846,canal,Unnamed Waterway,0,0
1120929847,canal,Unnamed Waterway,0,0
1120929848,canal,Unnamed Waterway,0,0
1120929849,canal,Unnamed Waterway,0,0
1120929850,canal,Unnamed Waterway,0,0
1120929851,canal,Unnamed Waterway,0,0
1120929852,canal,Unnamed Waterway,0,0
1120929853,canal,Unnamed Waterway,0,0
1120929854,canal,Unnamed Waterway,0,0
1120929856,canal,Unnamed Waterway,0,0
1120929857,canal,Unnamed Waterway,0,0
1120929865,canal,Unnamed Waterway,0,0
1120929866,canal,Unnamed Waterway,0,0
1120929867,canal,Unnamed Waterway,0,0
1120929868,canal,Unnamed Waterway,0,0
1120929869,canal,Unnamed Waterway,0,0
1120929870,canal,Unnamed Waterway,0,0
1120929871,canal,Unnamed Waterway,0,0
1120929872,canal,Unnamed Waterway,0,0
1120929873,canal,Unnamed Waterway,0,0
1120929874,canal,Unnamed Waterway,0,0
1121133972,canal,Unnamed Waterway,0,0
1121191339,canal,Unnamed Waterway,0,0
1121191340,canal,Unnamed Waterway,0,0
1121191341,canal,Unnamed Waterway,0,0
1121191342,canal,Unnamed Waterway,0,0
1121191343,canal,Unnamed Waterway,0,0
1121191344,canal,Unnamed Waterway,0,0
1121191345,canal,Unnamed Waterway,0,0
1121191346,canal,Unnamed Waterway,0,0
1121191347,canal,Unnamed Waterway,0,0
1121191348,canal,Unnamed Waterway,0,0
1121191349,canal,Unnamed Waterway,0,0
1121191350,canal,Unnamed Waterway,0,0
1121191351,canal,Unnamed Waterway,0,0
1121191352,canal,Unnamed Waterway,0,0
1121191353,canal,Unnamed Waterway,0,0
1121191354,canal,Unnamed Waterway,0,0
1121191355,canal,Unnamed Waterway,0,0
1121191356,canal,Unnamed Waterway,0,0
1121191357,canal,Unnamed Waterway,0,0
1121191358,canal,Unnamed Waterway,0,0
1121191359,canal,Unnamed Waterway,0,0
1121191360,canal,Unnamed Waterway,0,0
1121191361,canal,Unnamed Waterway,0,0
1121191362,canal,Unnamed Waterway,0,0
1121191363,canal,Unnamed Waterway,0,0
1121191364,canal,Unnamed Waterway,0,0
1121191365,canal,Unnamed Waterway,0,0
1121191366,canal,Unnamed Waterway,0,0
1121204099,stream,Unnamed Waterway,0,0
1121204100,stream,Unnamed Waterway,0,0
1121204104,stream,Unnamed Waterway,0,0
1121206471,canal,Unnamed Waterway,0,0
1121475879,canal,Unnamed Waterway,0,0
1121587191,canal,Unnamed Waterway,0,0
1121587192,canal,Unnamed Waterway,0,0
1121597458,stream,Unnamed Waterway,0,0
1121597459,stream,Unnamed Waterway,0,0
1121635970,canal,Unnamed Waterway,0,0
1121635971,canal,Unnamed Waterway,0,0
1121635972,canal,Unnamed Waterway,0,0
1121635973,canal,Unnamed Waterway,0,0
1121635974,canal,Unnamed Waterway,0,0
1121635975,canal,Unnamed Waterway,0,0
1121635976,canal,Unnamed Waterway,0,0
1121635977,canal,Unnamed Waterway,0,0
1121635978,canal,Unnamed Waterway,0,0
1121635979,canal,Unnamed Waterway,0,0
1121635980,canal,Unnamed Waterway,0,0
1121635981,canal,Unnamed Waterway,0,0
1121635982,canal,Unnamed Waterway,0,0
1121635983,canal,Unnamed Waterway,0,0
1121635984,canal,Unnamed Waterway,0,0
1121635985,canal,Unnamed Waterway,0,0
1121635986,canal,Unnamed Waterway,0,0
1121635987,canal,Unnamed Waterway,0,0
1121635988,canal,Unnamed Waterway,0,0
1121635989,canal,Unnamed Waterway,0,0
1121635990,canal,Unnamed Waterway,0,0
1121635991,canal,Unnamed Waterway,0,0
1121635992,canal,Unnamed Waterway,0,0
1121635993,canal,Unnamed Waterway,0,0
1121635994,canal,Unnamed Waterway,0,0
1121635995,canal,Unnamed Waterway,0,0
1121635997,river,Unnamed Waterway,0,0
1121635998,canal,Unnamed Waterway,0,0
1121635999,canal,Unnamed Waterway,0,0
1121636000,river,Unnamed Waterway,0,0
1121636001,canal,Unnamed Waterway,0,0
1121636002,canal,Unnamed Waterway,0,0
1121636003,canal,Unnamed Waterway,0,0
1121636004,canal,Unnamed Waterway,0,0
1121636005,canal,Unnamed Waterway,0,0
1121636006,canal,Unnamed Waterway,0,0
1121636007,canal,Unnamed Waterway,0,0
1121636008,canal,Unnamed Waterway,0,0
1121636009,canal,Unnamed Waterway,0,0
1121636010,canal,Unnamed Waterway,0,0
1121636011,river,Unnamed Waterway,0,0
1121636012,canal,Unnamed Waterway,0,0
1121636013,canal,Unnamed Waterway,0,0
1121636631,canal,Unnamed Waterway,0,0
1121636632,canal,Unnamed Waterway,0,0
1121644178,canal,Unnamed Waterway,0,0
1121644179,canal,Unnamed Waterway,0,0
1121968254,canal,Unnamed Waterway,0,0
1121968255,canal,Unnamed Waterway,0,0
1121971466,canal,Unnamed Waterway,0,0
1121971467,canal,Unnamed Waterway,0,0
1121971468,canal,Unnamed Waterway,0,0
1121971469,canal,Unnamed Waterway,0,0
1122034899,river,Unnamed Waterway,0,0
1122034900,river,Unnamed Waterway,0,0
1122059591,stream,Unnamed Waterway,0,0
1122059592,stream,Unnamed Waterway,0,0
1122065385,canal,Unnamed Waterway,0,0
1122065386,canal,Unnamed Waterway,0,0
1122065387,canal,Unnamed Waterway,0,0
1122065388,canal,Unnamed Waterway,0,0
1122065389,canal,Unnamed Waterway,0,0
1122065390,canal,Unnamed Waterway,0,0
1122065391,canal,Unnamed Waterway,0,0
1122065392,canal,Unnamed Waterway,0,0
1122065393,canal,Unnamed Waterway,0,0
1122065399,canal,Unnamed Waterway,0,0
1122065400,canal,Unnamed Waterway,0,0
1122065401,canal,Unnamed Waterway,0,0
1122065402,canal,Unnamed Waterway,0,0
1122065403,canal,Unnamed Waterway,0,0
1122065404,canal,Unnamed Waterway,0,0
1122065405,canal,Unnamed Waterway,0,0
1122065418,canal,Unnamed Waterway,0,0
1122069845,river,Unnamed Waterway,0,0
1122069846,river,Unnamed Waterway,0,0
1122240311,canal,Unnamed Waterway,0,0
1122240312,canal,Unnamed Waterway,0,0
1122240313,canal,Unnamed Waterway,0,0
1122240314,canal,Unnamed Waterway,0,0
1122241436,canal,Unnamed Waterway,0,0
1122241437,canal,Unnamed Waterway,0,0
1122241438,canal,Unnamed Waterway,0,0
1122241439,canal,Unnamed Waterway,0,0
1122241440,canal,Unnamed Waterway,0,0
1122241441,canal,Unnamed Waterway,0,0
1122241442,canal,Unnamed Waterway,0,0
1122241443,canal,Unnamed Waterway,0,0
1122241444,canal,Unnamed Waterway,0,0
1122241445,canal,Unnamed Waterway,0,0
1122241446,canal,Unnamed Waterway,0,0
1122241447,canal,Unnamed Waterway,0,0
1122241448,canal,Unnamed Waterway,0,0
1122241449,canal,Unnamed Waterway,0,0
1122241450,canal,Unnamed Waterway,0,0
1122241451,canal,Unnamed Waterway,0,0
1122283455,canal,Unnamed Waterway,0,0
1122283456,canal,Unnamed Waterway,0,0
1122319304,stream,Unnamed Waterway,0,0
1122319305,stream,Unnamed Waterway,0,0
1122534931,stream,Unnamed Waterway,0,0
1122534932,stream,Unnamed Waterway,0,0
1122544031,river,Unnamed Waterway,0,0
1122580956,canal,Unnamed Waterway,0,0
1122580957,canal,Unnamed Waterway,0,0
1122580958,canal,Unnamed Waterway,0,0
1122580959,canal,Unnamed Waterway,0,0
1122580960,canal,Unnamed Waterway,0,0
1122580961,canal,Unnamed Waterway,0,0
1122580962,canal,Unnamed Waterway,0,0
1122580963,canal,Unnamed Waterway,0,0
1122580964,canal,Unnamed Waterway,0,0
1122580965,canal,Unnamed Waterway,0,0
1122580966,canal,Unnamed Waterway,0,0
1122580967,canal,Unnamed Waterway,0,0
1122580968,canal,Unnamed Waterway,0,0
1122580969,canal,Unnamed Waterway,0,0
1122580970,canal,Unnamed Waterway,0,0
1122580971,canal,Unnamed Waterway,0,0
1122580972,canal,Unnamed Waterway,0,0
1122580973,canal,Unnamed Waterway,0,0
1122580974,canal,Unnamed Waterway,0,0
1122580975,canal,Unnamed Waterway,0,0
1122580976,canal,Unnamed Waterway,0,0
1122580977,canal,Unnamed Waterway,0,0
1122596177,canal,Unnamed Waterway,0,0
1122596183,canal,Unnamed Waterway,0,0
1122607613,stream,Unnamed Waterway,0,0
1122607614,stream,Unnamed Waterway,0,0
1122849817,canal,Unnamed Waterway,0,0
1122894637,canal,Unnamed Waterway,0,0
1122894638,canal,Unnamed Waterway,0,0
1122894639,canal,Unnamed Waterway,0,0
1122894640,canal,Unnamed Waterway,0,0
1122894641,canal,Unnamed Waterway,0,0
1122894642,canal,Unnamed Waterway,0,0
1122894643,canal,Unnamed Waterway,0,0
1122894644,canal,Unnamed Waterway,0,0
1122894645,canal,Unnamed Waterway,0,0
1122894646,canal,Unnamed Waterway,0,0
1122894647,canal,Unnamed Waterway,0,0
1122894648,canal,Unnamed Waterway,0,0
1122894649,canal,Unnamed Waterway,0,0
1122894650,canal,Unnamed Waterway,0,0
1122894651,canal,Unnamed Waterway,0,0
1122894652,canal,Unnamed Waterway,0,0
1122894653,canal,Unnamed Waterway,0,0
1122894654,canal,Unnamed Waterway,0,0
1122894655,canal,Unnamed Waterway,0,0
1122894656,canal,Unnamed Waterway,0,0
1122894657,canal,Unnamed Waterway,0,0
1122959169,canal,Unnamed Waterway,0,0
1122959173,canal,Unnamed Waterway,0,0
1123016403,canal,Unnamed Waterway,0,0
1123063779,canal,Unnamed Waterway,0,0
1123063780,canal,Unnamed Waterway,0,0
1123063781,canal,Unnamed Waterway,0,0
1123063782,canal,Unnamed Waterway,0,0
1123063783,canal,Unnamed Waterway,0,0
1123063784,canal,Unnamed Waterway,0,0
1123063785,canal,Unnamed Waterway,0,0
1123063786,canal,Unnamed Waterway,0,0
1123063787,canal,Unnamed Waterway,0,0
1123063788,canal,Unnamed Waterway,0,0
1123063789,canal,Unnamed Waterway,0,0
1123063790,canal,Unnamed Waterway,0,0
1123063791,canal,Unnamed Waterway,0,0
1123063792,canal,Unnamed Waterway,0,0
1123063793,canal,Unnamed Waterway,0,0
1123063794,canal,Unnamed Waterway,0,0
1123063795,canal,Unnamed Waterway,0,0
1123063796,canal,Unnamed Waterway,0,0
1123063797,canal,Unnamed Waterway,0,0
1123063798,canal,Unnamed Waterway,0,0
1123063799,canal,Unnamed Waterway,0,0
1123254293,canal,Unnamed Waterway,0,0
1123254294,canal,Unnamed Waterway,0,0
1123254295,canal,Unnamed Waterway,0,0
1123254296,canal,Unnamed Waterway,0,0
1123254297,canal,Unnamed Waterway,0,0
1123254298,canal,Unnamed Waterway,0,0
1123254299,canal,Unnamed Waterway,0,0
1123254300,canal,Unnamed Waterway,0,0
1123254301,canal,Unnamed Waterway,0,0
1123254302,stream,Unnamed Waterway,0,0
1123254303,canal,Unnamed Waterway,0,0
1123254304,stream,Unnamed Waterway,0,0
1123254305,canal,Unnamed Waterway,0,0
1123254306,stream,Unnamed Waterway,0,0
1123254307,stream,Unnamed Waterway,0,0
1123254308,stream,Unnamed Waterway,0,0
1123254309,stream,Unnamed Waterway,0,0
1123254310,stream,Unnamed Waterway,0,0
1123254311,stream,Unnamed Waterway,0,0
1123254312,stream,Unnamed Waterway,0,0
1123254313,stream,Unnamed Waterway,0,0
1123254314,stream,Unnamed Waterway,0,0
1123254315,stream,Unnamed Waterway,0,0
1123283073,canal,Unnamed Waterway,0,0
1123432792,canal,Unnamed Waterway,0,0
1123432793,canal,Unnamed Waterway,0,0
1123432794,canal,Unnamed Waterway,0,0
1123432798,canal,Unnamed Waterway,0,0
1123432799,canal,Unnamed Waterway,0,0
1123432800,canal,Unnamed Waterway,0,0
1123556146,canal,Unnamed Waterway,0,0
1123556147,canal,Unnamed Waterway,0,0
1123556148,canal,Unnamed Waterway,0,0
1123556149,canal,Unnamed Waterway,0,0
1123556150,canal,Unnamed Waterway,0,0
1123556151,canal,Unnamed Waterway,0,0
1123556152,canal,Unnamed Waterway,0,0
1123556153,canal,Unnamed Waterway,0,0
1123556154,canal,Unnamed Waterway,0,0
1123556157,canal,Unnamed Waterway,0,0
1123556158,canal,Unnamed Waterway,0,0
1123556159,canal,Unnamed Waterway,0,0
1123556160,canal,Unnamed Waterway,0,0
1123556161,canal,Unnamed Waterway,0,0
1123556162,canal,Unnamed Waterway,0,0
1123556167,canal,Unnamed Waterway,0,0
1123556168,canal,Unnamed Waterway,0,0
1123556169,canal,Unnamed Waterway,0,0
1123556170,canal,Noorpur Canal,0,0
1123556171,canal,Unnamed Waterway,0,0
1123556172,canal,Unnamed Waterway,0,0
1123556173,canal,Unnamed Waterway,0,0
1123556174,canal,Unnamed Waterway,0,0
1123556175,canal,Unnamed Waterway,0,0
1123556176,canal,Gandakho Shaakh,0,0
1123556177,canal,Unnamed Waterway,0,0
1123556178,canal,Seerwah Canal,0,0
1123556179,canal,Unnamed Waterway,0,0
1123556180,canal,Unnamed Waterway,0,0
1123718262,canal,Unnamed Waterway,0,0
1123777417,canal,Unnamed Waterway,0,0
1123795439,canal,Unnamed Waterway,0,0
1123795688,canal,Unnamed Waterway,0,0
1123855023,canal,Unnamed Waterway,0,0
1123855024,canal,Unnamed Waterway,0,0
1123855025,canal,Unnamed Waterway,0,0
1123855026,canal,Unnamed Waterway,0,0
1123855027,canal,Unnamed Waterway,0,0
1123855028,canal,Unnamed Waterway,0,0
1123855029,canal,Unnamed Waterway,0,0
1123855030,canal,Unnamed Waterway,0,0
1123855031,canal,Unnamed Waterway,0,0
1123855032,canal,Unnamed Waterway,0,0
1123855033,canal,Unnamed Waterway,0,0
1123855034,canal,Unnamed Waterway,0,0
1123855035,canal,Unnamed Waterway,0,0
1123855036,canal,Unnamed Waterway,0,0
1123855037,canal,Unnamed Waterway,0,0
1123855038,canal,Unnamed Waterway,0,0
1123855039,canal,Unnamed Waterway,0,0
1123855040,canal,Unnamed Waterway,0,0
1123855041,canal,Unnamed Waterway,0,0
1123855042,canal,Unnamed Waterway,0,0
1123855043,canal,Unnamed Waterway,0,0
1123855044,canal,Unnamed Waterway,0,0
1123855045,canal,Unnamed Waterway,0,0
1123855046,canal,Unnamed Waterway,0,0
1123855047,canal,Unnamed Waterway,0,0
1123855048,canal,Unnamed Waterway,0,0
1123855049,canal,Unnamed Waterway,0,0
1123855050,canal,Unnamed Waterway,0,0
1123855051,canal,Unnamed Waterway,0,0
1123855052,canal,Unnamed Waterway,0,0
1123855053,canal,Unnamed Waterway,0,0
1123855054,canal,Unnamed Waterway,0,0
1123855055,canal,Unnamed Waterway,0,0
1123855056,canal,Unnamed Waterway,0,0
1123855057,canal,Unnamed Waterway,0,0
1123855058,canal,Unnamed Waterway,0,0
1123855059,canal,Unnamed Waterway,0,0
1123855060,canal,Unnamed Waterway,0,0
1123855061,canal,Unnamed Waterway,0,0
1123855062,canal,Unnamed Waterway,0,0
1123855063,canal,Unnamed Waterway,0,0
1123855064,canal,Unnamed Waterway,0,0
1123855065,canal,Unnamed Waterway,0,0
1123855066,canal,Unnamed Waterway,0,0
1123855067,canal,Unnamed Waterway,0,0
1123855068,canal,Unnamed Waterway,0,0
1123855069,canal,Unnamed Waterway,0,0
1123855070,canal,Unnamed Waterway,0,0
1123855071,canal,Unnamed Waterway,0,0
1123855072,canal,Unnamed Waterway,0,0
1123855073,canal,Unnamed Waterway,0,0
1123855074,canal,Unnamed Waterway,0,0
1123855075,canal,Unnamed Waterway,0,0
1123855076,canal,Unnamed Waterway,0,0
1123855077,canal,Unnamed Waterway,0,0
1123855078,canal,Unnamed Waterway,0,0
1123855079,canal,Unnamed Waterway,0,0
1123855080,canal,Unnamed Waterway,0,0
1123855081,canal,Unnamed Waterway,0,0
1123855082,canal,Unnamed Waterway,0,0
1123855083,canal,Unnamed Waterway,0,0
1123855084,canal,Unnamed Waterway,0,0
1123855085,canal,Unnamed Waterway,0,0
1123855086,canal,Unnamed Waterway,0,0
1123855087,canal,Unnamed Waterway,0,0
1123855088,canal,Unnamed Waterway,0,0
1123855089,canal,Unnamed Waterway,0,0
1123855090,canal,Unnamed Waterway,0,0
1123855091,canal,Unnamed Waterway,0,0
1123855092,canal,Unnamed Waterway,0,0
1123855093,canal,Unnamed Waterway,0,0
1123855094,canal,Unnamed Waterway,0,0
1123855095,canal,Unnamed Waterway,0,0
1123855096,canal,Unnamed Waterway,0,0
1123855097,canal,Unnamed Waterway,0,0
1123855098,canal,Unnamed Waterway,0,0
1123855099,canal,Unnamed Waterway,0,0
1123855100,canal,Unnamed Waterway,0,0
1123855101,canal,Unnamed Waterway,0,0
1123855102,canal,Unnamed Waterway,0,0
1123855103,canal,Unnamed Waterway,0,0
1123855104,canal,Unnamed Waterway,0,0
1123855105,canal,Unnamed Waterway,0,0
1123855106,canal,Unnamed Waterway,0,0
1123855107,canal,Unnamed Waterway,0,0
1123855108,canal,Unnamed Waterway,0,0
1123855109,canal,Unnamed Waterway,0,0
1123855110,canal,Unnamed Waterway,0,0
1123855111,canal,Unnamed Waterway,0,0
1123855112,canal,Unnamed Waterway,0,0
1123855113,canal,Unnamed Waterway,0,0
1123855114,canal,Unnamed Waterway,0,0
1123855115,canal,Unnamed Waterway,0,0
1123855116,canal,Unnamed Waterway,0,0
1123855117,canal,Unnamed Waterway,0,0
1123855118,canal,Unnamed Waterway,0,0
1123855119,canal,Unnamed Waterway,0,0
1123855120,canal,Unnamed Waterway,0,0
1123855121,canal,Unnamed Waterway,0,0
1123855122,canal,Unnamed Waterway,0,0
1123855123,canal,Unnamed Waterway,0,0
1123855124,canal,Unnamed Waterway,0,0
1123855125,canal,Unnamed Waterway,0,0
1123855126,canal,Unnamed Waterway,0,0
1123855127,canal,Unnamed Waterway,0,0
1123855128,canal,Unnamed Waterway,0,0
1123926240,canal,Unnamed Waterway,0,0
1123927116,canal,Unnamed Waterway,0,0
1123927849,canal,Unnamed Waterway,0,0
1123959365,canal,Unnamed Waterway,0,0
1123960981,canal,Unnamed Waterway,0,0
1123960982,canal,Unnamed Waterway,0,0
1124100527,canal,Unnamed Waterway,0,0
1124100528,canal,Unnamed Waterway,0,0
1124100529,canal,Unnamed Waterway,0,0
1124100530,canal,Unnamed Waterway,0,0
1124100531,canal,Unnamed Waterway,0,0
1124100532,canal,Unnamed Waterway,0,0
1124100533,canal,Unnamed Waterway,0,0
1124100534,canal,Unnamed Waterway,0,0
1124100535,canal,Unnamed Waterway,0,0
1124100536,canal,Unnamed Waterway,0,0
1124100537,canal,Unnamed Waterway,0,0
1124100538,stream,Unnamed Waterway,0,0
1124100539,canal,Unnamed Waterway,0,0
1124100540,canal,Unnamed Waterway,0,0
1124100541,canal,Unnamed Waterway,0,0
1124100542,canal,Unnamed Waterway,0,0
1124100543,canal,Unnamed Waterway,0,0
1124100544,canal,Unnamed Waterway,0,0
1124100545,canal,Unnamed Waterway,0,0
1124100546,canal,Unnamed Waterway,0,0
1124100547,canal,Unnamed Waterway,0,0
1124100548,canal,Unnamed Waterway,0,0
1124100549,canal,Unnamed Waterway,0,0
1124100550,canal,Unnamed Waterway,0,0
1124100551,canal,Unnamed Waterway,0,0
1124100552,canal,Unnamed Waterway,0,0
1124100553,canal,Unnamed Waterway,0,0
1124100554,canal,Unnamed Waterway,0,0
1124100555,canal,Unnamed Waterway,0,0
1124100556,canal,Unnamed Waterway,0,0
1124100557,canal,Unnamed Waterway,0,0
1124100558,canal,Unnamed Waterway,0,0
1124100559,canal,Unnamed Waterway,0,0
1124100560,canal,Unnamed Waterway,0,0
1124100561,canal,Unnamed Waterway,0,0
1124100562,canal,Unnamed Waterway,0,0
1124100563,canal,Unnamed Waterway,0,0
1124100564,canal,Unnamed Waterway,0,0
1124100565,canal,Unnamed Waterway,0,0
1124100566,canal,Unnamed Waterway,0,0
1124100567,canal,Unnamed Waterway,0,0
1124100568,canal,Unnamed Waterway,0,0
1124100569,canal,Unnamed Waterway,0,0
1124100570,canal,Unnamed Waterway,0,0
1124100571,canal,Unnamed Waterway,0,0
1124100572,canal,Unnamed Waterway,0,0
1124100573,canal,Unnamed Waterway,0,0
1124100574,canal,Unnamed Waterway,0,0
1124100575,canal,Unnamed Waterway,0,0
1124100576,canal,Unnamed Waterway,0,0
1124100577,canal,Unnamed Waterway,0,0
1124100578,canal,Unnamed Waterway,0,0
1124100579,canal,Unnamed Waterway,0,0
1124100580,canal,Unnamed Waterway,0,0
1124100581,canal,Unnamed Waterway,0,0
1124100582,canal,Unnamed Waterway,0,0
1124100583,canal,Unnamed Waterway,0,0
1124100584,canal,Unnamed Waterway,0,0
1124100585,canal,Unnamed Waterway,0,0
1124100586,canal,Unnamed Waterway,0,0
1124100587,canal,Unnamed Waterway,0,0
1124100588,canal,Unnamed Waterway,0,0
1124100589,canal,Unnamed Waterway,0,0
1124100590,canal,Unnamed Waterway,0,0
1124100591,canal,Unnamed Waterway,0,0
1124100592,canal,Unnamed Waterway,0,0
1124100593,canal,Unnamed Waterway,0,0
1124100594,canal,Unnamed Waterway,0,0
1124100595,canal,Unnamed Waterway,0,0
1124100596,canal,Unnamed Waterway,0,0
1124100597,canal,Unnamed Waterway,0,0
1124100598,canal,Unnamed Waterway,0,0
1124100599,canal,Unnamed Waterway,0,0
1124100601,canal,Unnamed Waterway,0,0
1124100602,canal,Unnamed Waterway,0,0
1124100603,canal,Unnamed Waterway,0,0
1124100604,canal,Unnamed Waterway,0,0
1124100605,canal,Unnamed Waterway,0,0
1124100606,canal,Unnamed Waterway,0,0
1124100607,canal,Unnamed Waterway,0,0
1124100608,canal,Unnamed Waterway,0,0
1124100609,canal,Unnamed Waterway,0,0
1124100610,canal,Unnamed Waterway,0,0
1124100611,canal,Unnamed Waterway,0,0
1124100612,canal,Unnamed Waterway,0,0
1124100613,canal,Unnamed Waterway,0,0
1124100614,canal,Unnamed Waterway,0,0
1124100615,canal,Unnamed Waterway,0,0
1124100616,canal,Unnamed Waterway,0,0
1124100617,canal,Unnamed Waterway,0,0
1124100618,canal,Unnamed Waterway,0,0
1124100619,canal,Unnamed Waterway,0,0
1124100620,canal,Unnamed Waterway,0,0
1124100621,canal,Unnamed Waterway,0,0
1124100622,canal,Unnamed Waterway,0,0
1124100623,canal,Unnamed Waterway,0,0
1124100624,canal,Unnamed Waterway,0,0
1124100625,canal,Unnamed Waterway,0,0
1124100626,canal,Unnamed Waterway,0,0
1124100627,canal,Unnamed Waterway,0,0
1124100628,canal,Unnamed Waterway,0,0
1124100629,canal,Unnamed Waterway,0,0
1124100630,canal,Unnamed Waterway,0,0
1124100631,canal,Unnamed Waterway,0,0
1124100632,canal,Unnamed Waterway,0,0
1124100633,canal,Unnamed Waterway,0,0
1124100634,canal,Unnamed Waterway,0,0
1124100635,canal,Unnamed Waterway,0,0
1124100636,canal,Unnamed Waterway,0,0
1124100637,canal,Unnamed Waterway,0,0
1124100638,canal,Unnamed Waterway,0,0
1124100639,canal,Unnamed Waterway,0,0
1124100640,canal,Unnamed Waterway,0,0
1124100641,canal,Unnamed Waterway,0,0
1124100642,canal,Unnamed Waterway,0,0
1124116448,canal,Unnamed Waterway,0,0
1124155554,canal,Unnamed Waterway,0,0
1124155555,canal,Unnamed Waterway,0,0
1124155556,canal,Unnamed Waterway,0,0
1124160309,canal,Unnamed Waterway,0,0
1124161770,canal,Unnamed Waterway,0,0
1124161771,canal,Unnamed Waterway,0,0
1124161772,canal,Unnamed Waterway,0,0
1124161773,canal,Unnamed Waterway,0,0
1124163627,canal,Unnamed Waterway,0,0
1124163628,canal,Unnamed Waterway,0,0
1124163629,canal,Unnamed Waterway,0,0
1124193406,canal,Unnamed Waterway,0,0
1124193407,canal,Unnamed Waterway,0,0
1124193408,canal,Unnamed Waterway,0,0
1124193409,canal,Unnamed Waterway,0,0
1124222255,canal,Unnamed Waterway,0,0
1124222257,canal,Unnamed Waterway,0,0
1124222258,canal,Unnamed Waterway,0,0
1124222259,canal,Unnamed Waterway,0,0
1124222260,canal,Unnamed Waterway,0,0
1124222261,canal,Unnamed Waterway,0,0
1124222262,canal,Unnamed Waterway,0,0
1124222263,canal,Unnamed Waterway,0,0
1124223818,canal,Unnamed Waterway,0,0
1124434569,canal,Unnamed Waterway,0,0
1124434570,canal,Unnamed Waterway,0,0
1124434571,canal,Unnamed Waterway,0,0
1124434572,canal,Unnamed Waterway,0,0
1124434573,canal,Unnamed Waterway,0,0
1124434574,canal,Unnamed Waterway,0,0
1124434575,canal,Unnamed Waterway,0,0
1124434576,canal,Unnamed Waterway,0,0
1124434577,canal,Unnamed Waterway,0,0
1124434578,canal,Unnamed Waterway,0,0
1124434579,canal,Unnamed Waterway,0,0
1124434580,canal,Unnamed Waterway,0,0
1124434581,canal,Unnamed Waterway,0,0
1124434582,canal,Unnamed Waterway,0,0
1124434583,canal,Unnamed Waterway,0,0
1124434584,canal,Unnamed Waterway,0,0
1124434585,canal,Unnamed Waterway,0,0
1124434586,canal,Unnamed Waterway,0,0
1124434587,canal,Unnamed Waterway,0,0
1124455154,canal,Unnamed Waterway,0,0
1124455155,canal,Unnamed Waterway,0,0
1124455156,canal,Unnamed Waterway,0,0
1124455157,canal,Unnamed Waterway,0,0
1124455161,canal,Unnamed Waterway,0,0
1124455162,canal,Unnamed Waterway,0,0
1124478505,canal,Unnamed Waterway,0,0
1124478506,canal,Unnamed Waterway,0,0
1124519138,canal,Talti Minor,0,0
1124666676,canal,Unnamed Waterway,0,0
1124666677,canal,Unnamed Waterway,0,0
1124670639,canal,Unnamed Waterway,0,0
1124670640,canal,Unnamed Waterway,0,0
1124796219,river,Unnamed Waterway,0,0
1124796233,canal,Unnamed Waterway,0,0
1124796234,canal,Unnamed Waterway,0,0
1124836073,canal,Unnamed Waterway,0,0
1124836074,canal,Unnamed Waterway,0,0
1124836075,canal,Unnamed Waterway,0,0
1124836076,canal,Unnamed Waterway,0,0
1124836077,canal,Unnamed Waterway,0,0
1124837076,canal,Unnamed Waterway,0,0
1124837077,canal,Unnamed Waterway,0,0
1124837078,canal,Unnamed Waterway,0,0
1124837079,canal,Unnamed Waterway,0,0
1124837593,canal,Unnamed Waterway,0,0
1124837594,canal,Unnamed Waterway,0,0
1124837968,stream,Unnamed Waterway,0,0
1124837969,stream,Unnamed Waterway,0,0
1124838020,canal,Unnamed Waterway,0,0
1124838021,canal,Unnamed Waterway,0,0
1124838022,canal,Unnamed Waterway,0,0
1124838195,canal,Unnamed Waterway,0,0
1124838196,canal,Unnamed Waterway,0,0
1124838197,canal,Unnamed Waterway,0,0
1124838482,canal,Unnamed Waterway,0,0
1124838483,canal,Unnamed Waterway,0,0
1124838484,canal,Unnamed Waterway,0,0
1124838485,canal,Unnamed Waterway,0,0
1124838486,canal,Unnamed Waterway,0,0
1124838487,canal,Unnamed Waterway,0,0
1124840074,canal,Unnamed Waterway,0,0
1124840075,canal,Unnamed Waterway,0,0
1124840076,canal,Unnamed Waterway,0,0
1124840077,canal,Unnamed Waterway,0,0
1124840078,canal,Unnamed Waterway,0,0
1124840079,canal,Unnamed Waterway,0,0
1124840080,canal,Unnamed Waterway,0,0
1124840081,canal,Unnamed Waterway,0,0
1124840118,canal,Unnamed Waterway,0,0
1124840544,canal,Unnamed Waterway,0,0
1124840545,canal,Unnamed Waterway,0,0
1124840546,canal,Unnamed Waterway,0,0
1124840690,canal,Unnamed Waterway,0,0
1124840691,canal,Unnamed Waterway,0,0
1124840692,canal,Unnamed Waterway,0,0
1124840693,canal,Unnamed Waterway,0,0
1124843919,canal,Unnamed Waterway,0,0
1124843920,canal,Unnamed Waterway,0,0
1124858808,canal,Unnamed Waterway,0,0
1124859114,canal,Unnamed Waterway,0,0
1124859115,canal,Unnamed Waterway,0,0
1124859116,canal,Unnamed Waterway,0,0
1124859300,canal,Unnamed Waterway,0,0
1124859550,canal,Unnamed Waterway,0,0
1124859551,canal,Unnamed Waterway,0,0
1124859552,canal,Unnamed Waterway,0,0
1124860081,canal,Unnamed Waterway,0,0
1124860082,canal,Unnamed Waterway,0,0
1124860083,canal,Unnamed Waterway,0,0
1124860618,canal,Unnamed Waterway,0,0
1124861352,canal,Unnamed Waterway,0,0
1124861353,canal,Unnamed Waterway,0,0
1124861354,canal,Unnamed Waterway,0,0
1124905764,river,Unnamed Waterway,0,0
1124934161,canal,Unnamed Waterway,0,0
1124934162,canal,Unnamed Waterway,0,0
1124934163,canal,Unnamed Waterway,0,0
1124934164,canal,Unnamed Waterway,0,0
1124934165,canal,Unnamed Waterway,0,0
1124934166,canal,Unnamed Waterway,0,0
1124934167,canal,Unnamed Waterway,0,0
1124934168,canal,Unnamed Waterway,0,0
1124934169,canal,Unnamed Waterway,0,0
1124934170,canal,Unnamed Waterway,0,0
1124934171,canal,Unnamed Waterway,0,0
1124934172,canal,Unnamed Waterway,0,0
1124934173,canal,Unnamed Waterway,0,0
1124934174,canal,Unnamed Waterway,0,0
1124934175,canal,Unnamed Waterway,0,0
1124934176,canal,Unnamed Waterway,0,0
1124934177,canal,Unnamed Waterway,0,0
1124934178,canal,Unnamed Waterway,0,0
1124934179,canal,Unnamed Waterway,0,0
1124934180,canal,Unnamed Waterway,0,0
1124934181,canal,Unnamed Waterway,0,0
1124934182,canal,Unnamed Waterway,0,0
1124934183,canal,Unnamed Waterway,0,0
1125307449,stream,Unnamed Waterway,0,0
1125307450,canal,Unnamed Waterway,0,0
1125307452,stream,Unnamed Waterway,0,0
1125366823,canal,Unnamed Waterway,0,0
1125366824,canal,Unnamed Waterway,0,0
1125366825,canal,Unnamed Waterway,0,0
1125366828,canal,Unnamed Waterway,0,0
1125366832,canal,Unnamed Waterway,0,0
1125366833,canal,Unnamed Waterway,0,0
1125366834,canal,Unnamed Waterway,0,0
1125366837,canal,Unnamed Waterway,0,0
1125366843,canal,Unnamed Waterway,0,0
1125366844,canal,Unnamed Waterway,0,0
1125366845,canal,Unnamed Waterway,0,0
1125366846,canal,Unnamed Waterway,0,0
1125366847,canal,Unnamed Waterway,0,0
1125366850,canal,Unnamed Waterway,0,0
1125366852,canal,Unnamed Waterway,0,0
1125366855,canal,Unnamed Waterway,0,0
1125366856,canal,Unnamed Waterway,0,0
1125366858,canal,Unnamed Waterway,0,0
1125366859,canal,Unnamed Waterway,0,0
1125366860,canal,Unnamed Waterway,0,0
1125366861,canal,Unnamed Waterway,0,0
1125366865,canal,Unnamed Waterway,0,0
1125435838,canal,Unnamed Waterway,0,0
1125456315,canal,Unnamed Waterway,0,0
1125456316,canal,Unnamed Waterway,0,0
1125456317,canal,Unnamed Waterway,0,0
1125456620,canal,Unnamed Waterway,0,0
1125456621,canal,Unnamed Waterway,0,0
1125456622,canal,Unnamed Waterway,0,0
1125456623,canal,Unnamed Waterway,0,0
1125502611,canal,Unnamed Waterway,0,0
1125502612,canal,Unnamed Waterway,0,0
1125502613,canal,Unnamed Waterway,0,0
1125502614,canal,Unnamed Waterway,0,0
1125502615,canal,Unnamed Waterway,0,0
1125506739,canal,Unnamed Waterway,0,0
1125506740,canal,Unnamed Waterway,0,0
1125511028,canal,Unnamed Waterway,0,0
1125511033,canal,Unnamed Waterway,0,0
1125511034,canal,Unnamed Waterway,0,0
1125695889,canal,Unnamed Waterway,0,0
1125695890,canal,Unnamed Waterway,0,0
1125732180,canal,Unnamed Waterway,0,0
1125732181,canal,Unnamed Waterway,0,0
1125732184,canal,Unnamed Waterway,0,0
1125732185,canal,Unnamed Waterway,0,0
1125778476,river,Unnamed Waterway,0,0
1125803485,canal,Unnamed Waterway,0,0
1125803486,canal,Unnamed Waterway,0,0
1125833789,canal,Unnamed Waterway,0,0
1125833790,canal,Unnamed Waterway,0,0
1125833792,canal,Unnamed Waterway,0,0
1125833793,canal,Unnamed Waterway,0,0
1125833795,canal,Unnamed Waterway,0,0
1125833796,canal,Unnamed Waterway,0,0
1125833797,canal,Unnamed Waterway,0,0
1125833798,canal,Unnamed Waterway,0,0
1125833799,canal,Unnamed Waterway,0,0
1125833800,canal,Unnamed Waterway,0,0
1125833801,canal,Unnamed Waterway,0,0
1125833802,canal,Unnamed Waterway,0,0
1125833803,canal,Unnamed Waterway,0,0
1125833809,canal,Unnamed Waterway,0,0
1125833810,canal,Unnamed Waterway,0,0
1125833813,canal,Unnamed Waterway,0,0
1125861085,canal,Unnamed Waterway,0,0
1125861086,canal,Unnamed Waterway,0,0
1125861093,canal,Unnamed Waterway,0,0
1125861094,canal,Unnamed Waterway,0,0
1125861095,canal,Unnamed Waterway,0,0
1125861096,canal,Unnamed Waterway,0,0
1125861098,canal,Unnamed Waterway,0,0
1125861099,canal,Unnamed Waterway,0,0
1125861100,canal,Unnamed Waterway,0,0
1125861101,canal,Unnamed Waterway,0,0
1125861102,canal,Unnamed Waterway,0,0
1125861103,canal,Unnamed Waterway,0,0
1125861104,canal,Unnamed Waterway,0,0
1125861105,canal,Unnamed Waterway,0,0
1125861106,canal,Unnamed Waterway,0,0
1125861107,canal,Unnamed Waterway,0,0
1125861108,canal,Unnamed Waterway,0,0
1125861109,canal,Unnamed Waterway,0,0
1125861110,canal,Unnamed Waterway,0,0
1125861111,canal,Unnamed Waterway,0,0
1125861112,canal,Unnamed Waterway,0,0
1125861113,canal,Unnamed Waterway,0,0
1125861114,canal,Unnamed Waterway,0,0
1125861115,canal,Unnamed Waterway,0,0
1125861116,canal,Unnamed Waterway,0,0
1125861117,canal,Unnamed Waterway,0,0
1125861118,canal,Unnamed Waterway,0,0
1125861119,canal,Unnamed Waterway,0,0
1125861120,canal,Unnamed Waterway,0,0
1125861121,canal,Unnamed Waterway,0,0
1125861122,canal,Unnamed Waterway,0,0
1125861771,canal,Unnamed Waterway,0,0
1125861772,canal,Unnamed Waterway,0,0
1125861774,canal,Unnamed Waterway,0,0
1125861775,canal,Unnamed Waterway,0,0
1125861776,canal,Unnamed Waterway,0,0
1125861777,canal,Unnamed Waterway,0,0
1125861778,canal,Unnamed Waterway,0,0
1125861779,canal,Unnamed Waterway,0,0
1125865731,canal,Unnamed Waterway,0,0
1125865732,canal,Unnamed Waterway,0,0
1125871548,canal,Unnamed Waterway,0,0
1125871549,canal,Unnamed Waterway,0,0
1125904747,canal,Unnamed Waterway,0,0
1125904748,canal,Unnamed Waterway,0,0
1125980935,canal,Unnamed Waterway,0,0
1125980936,canal,Unnamed Waterway,0,0
1125993715,stream,Unnamed Waterway,0,0
1125994692,canal,Unnamed Waterway,0,0
1126010919,canal,Unnamed Waterway,0,0
1126010920,canal,Unnamed Waterway,0,0
1126010921,canal,Unnamed Waterway,0,0
1126010922,canal,Unnamed Waterway,0,0
1126010923,canal,Unnamed Waterway,0,0
1126010924,canal,Unnamed Waterway,0,0
1126010925,canal,Unnamed Waterway,0,0
1126010926,canal,Unnamed Waterway,0,0
1126010927,canal,Unnamed Waterway,0,0
1126010928,canal,Unnamed Waterway,0,0
1126010929,canal,Unnamed Waterway,0,0
1126010930,canal,Unnamed Waterway,0,0
1126010931,canal,Unnamed Waterway,0,0
1126010932,canal,Unnamed Waterway,0,0
1126010933,canal,Unnamed Waterway,0,0
1126010934,canal,Unnamed Waterway,0,0
1126010935,canal,Unnamed Waterway,0,0
1126010936,canal,Unnamed Waterway,0,0
1126010937,canal,Unnamed Waterway,0,0
1126010938,canal,Unnamed Waterway,0,0
1126010939,canal,Unnamed Waterway,0,0
1126010940,canal,Unnamed Waterway,0,0
1126010941,canal,Unnamed Waterway,0,0
1126010942,canal,Unnamed Waterway,0,0
1126010943,canal,Unnamed Waterway,0,0
1126010944,canal,Unnamed Waterway,0,0
1126010945,canal,Unnamed Waterway,0,0
1126176745,river,Unnamed Waterway,0,0
1126176748,river,Unnamed Waterway,0,0
1126396088,stream,Grugurdo Nala,0,0
1126414069,canal,Unnamed Waterway,0,0
1126414070,canal,Unnamed Waterway,0,0
1126417801,canal,Unnamed Waterway,0,0
1126417802,canal,Unnamed Waterway,0,0
1126421217,canal,Unnamed Waterway,0,0
1126436335,river,Sill River,0,0
1126436336,river,Unnamed Waterway,0,0
1126444665,river,Unnamed Waterway,0,0
1126487991,canal,Unnamed Waterway,0,0
1126487992,canal,Unnamed Waterway,0,0
1126487993,canal,Unnamed Waterway,0,0
1126487994,canal,Unnamed Waterway,0,0
1126487995,canal,Unnamed Waterway,0,0
1126487996,canal,Unnamed Waterway,0,0
1126487997,canal,Unnamed Waterway,0,0
1126487998,canal,Unnamed Waterway,0,0
1126487999,canal,Unnamed Waterway,0,0
1126488000,canal,Unnamed Waterway,0,0
1126488001,canal,Unnamed Waterway,0,0
1126488002,canal,Unnamed Waterway,0,0
1126488003,canal,Unnamed Waterway,0,0
1126488004,canal,Unnamed Waterway,0,0
1126488005,canal,Unnamed Waterway,0,0
1126488006,canal,Unnamed Waterway,0,0
1126488007,canal,Unnamed Waterway,0,0
1126488008,canal,Unnamed Waterway,0,0
1126488009,canal,Unnamed Waterway,0,0
1126488010,canal,Unnamed Waterway,0,0
1126488011,canal,Unnamed Waterway,0,0
1126488012,canal,Unnamed Waterway,0,0
1126488013,canal,Unnamed Waterway,0,0
1126488014,canal,Unnamed Waterway,0,0
1126488015,canal,Unnamed Waterway,0,0
1126694854,canal,Unnamed Waterway,0,0
1126694855,canal,Unnamed Waterway,0,0
1126694856,canal,Unnamed Waterway,0,0
1126694857,canal,Unnamed Waterway,0,0
1126694858,canal,Unnamed Waterway,0,0
1126694859,canal,Unnamed Waterway,0,0
1126694860,canal,Unnamed Waterway,0,0
1126694861,canal,Unnamed Waterway,0,0
1126783091,canal,Unnamed Waterway,0,0
1126783092,canal,Unnamed Waterway,0,0
1126783096,canal,Unnamed Waterway,0,0
1126783097,canal,Unnamed Waterway,0,0
1126783098,canal,Unnamed Waterway,0,0
1126783099,canal,Unnamed Waterway,0,0
1126783100,canal,Unnamed Waterway,0,0
1126783101,canal,Unnamed Waterway,0,0
1126783102,canal,Unnamed Waterway,0,0
1126783103,canal,Unnamed Waterway,0,0
1126783104,canal,Unnamed Waterway,0,0
1126783105,canal,Unnamed Waterway,0,0
1126783106,canal,Unnamed Waterway,0,0
1126783110,canal,Unnamed Waterway,0,0
1126783113,canal,Unnamed Waterway,0,0
1126783114,canal,Unnamed Waterway,0,0
1126783115,canal,Unnamed Waterway,0,0
1126783116,canal,Unnamed Waterway,0,0
1126783117,canal,Unnamed Waterway,0,0
1126783118,canal,Unnamed Waterway,0,0
1126783119,canal,Unnamed Waterway,0,0
1126783120,canal,Unnamed Waterway,0,0
1126783121,canal,Unnamed Waterway,0,0
1126783122,canal,Unnamed Waterway,0,0
1126783123,canal,Unnamed Waterway,0,0
1126783124,canal,Unnamed Waterway,0,0
1126783125,canal,Unnamed Waterway,0,0
1126783126,canal,Unnamed Waterway,0,0
1126783127,canal,Unnamed Waterway,0,0
1126783128,canal,Unnamed Waterway,0,0
1126868636,stream,Unnamed Waterway,0,0
1126868637,stream,Unnamed Waterway,0,0
1126872757,canal,Unnamed Waterway,0,0
1126872758,canal,Unnamed Waterway,0,0
1126872759,canal,Unnamed Waterway,0,0
1126872760,canal,Unnamed Waterway,0,0
1126872761,canal,Unnamed Waterway,0,0
1126872762,canal,Unnamed Waterway,0,0
1126872763,canal,Unnamed Waterway,0,0
1126872764,canal,Unnamed Waterway,0,0
1126929018,canal,Unnamed Waterway,0,0
1126929019,canal,Unnamed Waterway,0,0
1126930205,canal,Unnamed Waterway,0,0
1126930206,canal,Unnamed Waterway,0,0
1126943388,stream,Unnamed Waterway,0,0
1126943389,stream,Unnamed Waterway,0,0
1126943390,stream,Unnamed Waterway,0,0
1126950085,canal,Unnamed Waterway,0,0
1126950086,canal,Unnamed Waterway,0,0
1126970642,canal,Unnamed Waterway,0,0
1126970643,canal,Unnamed Waterway,0,0
1126970644,canal,Unnamed Waterway,0,0
1126970645,canal,Unnamed Waterway,0,0
1126970646,canal,Unnamed Waterway,0,0
1126970647,canal,Unnamed Waterway,0,0
1126970648,canal,Unnamed Waterway,0,0
1126970649,canal,Unnamed Waterway,0,0
1126974348,canal,Unnamed Waterway,0,0
1126974349,canal,Unnamed Waterway,0,0
1126974352,canal,Unnamed Waterway,0,0
1126980199,canal,Unnamed Waterway,0,0
1126980200,canal,Unnamed Waterway,0,0
1126980201,canal,Unnamed Waterway,0,0
1126980202,canal,Unnamed Waterway,0,0
1126980203,canal,Unnamed Waterway,0,0
1126980204,canal,Unnamed Waterway,0,0
1126980205,canal,Unnamed Waterway,0,0
1126980206,canal,Unnamed Waterway,0,0
1126980207,canal,Unnamed Waterway,0,0
1126980208,canal,Unnamed Waterway,0,0
1126980209,canal,Unnamed Waterway,0,0
1126980210,canal,Unnamed Waterway,0,0
1126980211,canal,Unnamed Waterway,0,0
1126980212,canal,Unnamed Waterway,0,0
1126980213,canal,Unnamed Waterway,0,0
1126980214,canal,Unnamed Waterway,0,0
1126980215,canal,Unnamed Waterway,0,0
1126980216,canal,Unnamed Waterway,0,0
1126980217,canal,Unnamed Waterway,0,0
1126980218,canal,Unnamed Waterway,0,0
1126980219,canal,Unnamed Waterway,0,0
1126980220,canal,Unnamed Waterway,0,0
1126980221,canal,Unnamed Waterway,0,0
1126989207,stream,گنوخ نالہ,0,0
1127232267,river,Unnamed Waterway,0,0
1127232268,river,Unnamed Waterway,0,0
1127232269,river,Unnamed Waterway,0,0
1127358799,stream,Unnamed Waterway,0,0
1127358800,stream,Unnamed Waterway,0,0
1127358801,river,Unnamed Waterway,0,0
1127358803,stream,Unnamed Waterway,0,0
1127358804,stream,Unnamed Waterway,0,0
1127361043,stream,Khaira Distributroy,0,0
1127361044,stream,Khaira Distributroy,0,0
1127361045,stream,Khaira Distributroy,0,0
1127361046,stream,Khaira Distributroy,0,0
1127363089,stream,Unnamed Waterway,0,0
1127363090,stream,Unnamed Waterway,0,0
1127388184,stream,Unnamed Waterway,0,0
1127388185,stream,Unnamed Waterway,0,0
1127417425,canal,Unnamed Waterway,0,0
1127425637,canal,Unnamed Waterway,0,0
1127425638,canal,Unnamed Waterway,0,0
1127425639,canal,Unnamed Waterway,0,0
1127425640,canal,Unnamed Waterway,0,0
1127425641,canal,Unnamed Waterway,0,0
1127425642,canal,Unnamed Waterway,0,0
1127425643,canal,Unnamed Waterway,0,0
1127425644,canal,Unnamed Waterway,0,0
1127425645,canal,Unnamed Waterway,0,0
1127425646,canal,Unnamed Waterway,0,0
1127425647,canal,Unnamed Waterway,0,0
1127425648,canal,Unnamed Waterway,0,0
1127425649,canal,Unnamed Waterway,0,0
1127425650,canal,Unnamed Waterway,0,0
1127425651,canal,Unnamed Waterway,0,0
1127425652,canal,Unnamed Waterway,0,0
1127425654,canal,Unnamed Waterway,0,0
1127425655,canal,Unnamed Waterway,0,0
1127425656,canal,Unnamed Waterway,0,0
1127425657,canal,Unnamed Waterway,0,0
1127425658,canal,Unnamed Waterway,0,0
1127425659,canal,Unnamed Waterway,0,0
1127425660,canal,Unnamed Waterway,0,0
1127425661,canal,Unnamed Waterway,0,0
1127425662,canal,Unnamed Waterway,0,0
1127425663,canal,Unnamed Waterway,0,0
1127425664,canal,Unnamed Waterway,0,0
1127425665,canal,Unnamed Waterway,0,0
1127425666,canal,Unnamed Waterway,0,0
1127425667,canal,Unnamed Waterway,0,0
1127425668,canal,Unnamed Waterway,0,0
1127425669,canal,Unnamed Waterway,0,0
1127425670,canal,Unnamed Waterway,0,0
1127425671,canal,Unnamed Waterway,0,0
1127425672,canal,Unnamed Waterway,0,0
1127425673,canal,Unnamed Waterway,0,0
1127425674,canal,Unnamed Waterway,0,0
1127425675,canal,Unnamed Waterway,0,0
1127425676,canal,Unnamed Waterway,0,0
1127425677,canal,Unnamed Waterway,0,0
1127429181,river,Unnamed Waterway,0,0
1127429605,river,Unnamed Waterway,0,0
1127429873,river,Unnamed Waterway,0,0
1127530639,canal,Unnamed Waterway,0,0
1127530640,canal,Unnamed Waterway,0,0
1127534004,canal,Unnamed Waterway,0,0
1127588656,canal,Unnamed Waterway,0,0
1127588657,canal,Unnamed Waterway,0,0
1127588658,canal,Unnamed Waterway,0,0
1127588659,canal,Unnamed Waterway,0,0
1127588661,canal,Unnamed Waterway,0,0
1127588662,canal,Unnamed Waterway,0,0
1127592430,canal,Unnamed Waterway,0,0
1127592431,canal,Unnamed Waterway,0,0
1127592432,canal,Unnamed Waterway,0,0
1127654500,canal,Unnamed Waterway,0,0
1127656960,stream,Unnamed Waterway,0,0
1127665035,canal,Unnamed Waterway,0,0
1127665036,canal,Unnamed Waterway,0,0
1127665037,canal,Unnamed Waterway,0,0
1127665038,canal,Unnamed Waterway,0,0
1127665039,canal,Unnamed Waterway,0,0
1127665040,canal,Unnamed Waterway,0,0
1127665041,canal,Unnamed Waterway,0,0
1127665042,canal,Unnamed Waterway,0,0
1127665043,canal,Unnamed Waterway,0,0
1127665044,canal,Unnamed Waterway,0,0
1127665045,canal,Unnamed Waterway,0,0
1127665050,canal,Unnamed Waterway,0,0
1127665051,canal,Unnamed Waterway,0,0
1127665052,canal,Unnamed Waterway,0,0
1127665053,canal,Unnamed Waterway,0,0
1127665054,canal,Unnamed Waterway,0,0
1127665055,canal,Unnamed Waterway,0,0
1127665056,canal,Unnamed Waterway,0,0
1127665057,canal,Unnamed Waterway,0,0
1127665058,canal,Unnamed Waterway,0,0
1127665059,canal,Unnamed Waterway,0,0
1127665060,canal,Unnamed Waterway,0,0
1127665061,canal,Unnamed Waterway,0,0
1127665062,canal,Unnamed Waterway,0,0
1127665063,canal,Unnamed Waterway,0,0
1127665064,canal,Unnamed Waterway,0,0
1127665065,canal,Unnamed Waterway,0,0
1127665066,canal,Unnamed Waterway,0,0
1127665067,canal,Unnamed Waterway,0,0
1127665068,canal,Unnamed Waterway,0,0
1127665069,canal,Unnamed Waterway,0,0
1127665070,canal,Unnamed Waterway,0,0
1127665071,canal,Unnamed Waterway,0,0
1127861853,stream,Gondi Choo,0,0
1127941715,stream,Unnamed Waterway,0,0
1128018736,stream,Unnamed Waterway,0,0
1128078577,canal,Unnamed Waterway,0,0
1128078578,canal,Unnamed Waterway,0,0
1128078579,canal,Unnamed Waterway,0,0
1128078580,canal,Unnamed Waterway,0,0
1128078581,canal,Unnamed Waterway,0,0
1128078582,canal,Unnamed Waterway,0,0
1128078583,canal,Unnamed Waterway,0,0
1128078584,canal,Unnamed Waterway,0,0
1128078585,canal,Unnamed Waterway,0,0
1128078586,canal,Unnamed Waterway,0,0
1128078587,canal,Unnamed Waterway,0,0
1128078588,canal,Unnamed Waterway,0,0
1128078589,canal,Unnamed Waterway,0,0
1128078590,canal,Unnamed Waterway,0,0
1128078591,canal,Unnamed Waterway,0,0
1128078592,canal,Unnamed Waterway,0,0
1128078593,canal,Unnamed Waterway,0,0
1128078594,canal,Unnamed Waterway,0,0
1128078595,canal,Unnamed Waterway,0,0
1128078596,canal,Unnamed Waterway,0,0
1128078597,canal,Unnamed Waterway,0,0
1128078598,canal,Unnamed Waterway,0,0
1128078599,canal,Unnamed Waterway,0,0
1128078600,canal,Unnamed Waterway,0,0
1128078601,canal,Unnamed Waterway,0,0
1128078602,canal,Unnamed Waterway,0,0
1128078603,canal,Unnamed Waterway,0,0
1128078604,canal,Unnamed Waterway,0,0
1128078605,canal,Unnamed Waterway,0,0
1128078606,canal,Unnamed Waterway,0,0
1128078607,canal,Unnamed Waterway,0,0
1128078608,canal,Unnamed Waterway,0,0
1128078609,canal,Unnamed Waterway,0,0
1128078610,canal,Unnamed Waterway,0,0
1128078611,canal,Unnamed Waterway,0,0
1128078612,canal,Unnamed Waterway,0,0
1128078613,river,Unnamed Waterway,0,0
1128078614,canal,Unnamed Waterway,0,0
1128078615,canal,Unnamed Waterway,0,0
1128078616,canal,Unnamed Waterway,0,0
1128078617,river,Sim Canal,0,0
1128078618,canal,Unnamed Waterway,0,0
1128078619,river,Unnamed Waterway,0,0
1128078620,canal,Unnamed Waterway,0,0
1128234867,canal,Unnamed Waterway,0,0
1128234868,canal,Unnamed Waterway,0,0
1128268187,canal,Unnamed Waterway,0,0
1128268188,canal,Unnamed Waterway,0,0
1128268189,canal,Unnamed Waterway,0,0
1128268190,canal,Unnamed Waterway,0,0
1128268191,canal,Unnamed Waterway,0,0
1128268192,canal,Unnamed Waterway,0,0
1128268193,canal,Unnamed Waterway,0,0
1128268194,canal,Unnamed Waterway,0,0
1128268195,canal,Unnamed Waterway,0,0
1128268196,canal,Unnamed Waterway,0,0
1128268197,canal,Unnamed Waterway,0,0
1128268198,canal,Unnamed Waterway,0,0
1128268199,canal,Unnamed Waterway,0,0
1128268200,canal,Unnamed Waterway,0,0
1128268201,canal,Unnamed Waterway,0,0
1128268202,canal,Unnamed Waterway,0,0
1128268203,canal,Unnamed Waterway,0,0
1128268204,canal,Unnamed Waterway,0,0
1128268205,canal,Unnamed Waterway,0,0
1128268206,canal,Unnamed Waterway,0,0
1128268207,canal,Unnamed Waterway,0,0
1128268208,canal,Unnamed Waterway,0,0
1128268209,canal,Unnamed Waterway,0,0
1128268210,canal,Unnamed Waterway,0,0
1128268211,canal,Unnamed Waterway,0,0
1128268212,canal,Unnamed Waterway,0,0
1128268213,canal,Unnamed Waterway,0,0
1128268214,canal,Unnamed Waterway,0,0
1128268215,canal,Unnamed Waterway,0,0
1128268216,canal,Unnamed Waterway,0,0
1128268217,canal,Unnamed Waterway,0,0
1128268218,canal,Unnamed Waterway,0,0
1128268219,canal,Unnamed Waterway,0,0
1128268220,canal,Unnamed Waterway,0,0
1128268221,canal,Unnamed Waterway,0,0
1128268222,canal,Unnamed Waterway,0,0
1128268223,canal,Unnamed Waterway,0,0
1128268224,canal,Unnamed Waterway,0,0
1128268225,canal,Unnamed Waterway,0,0
1128268226,canal,Unnamed Waterway,0,0
1128268227,canal,Unnamed Waterway,0,0
1128432948,canal,Unnamed Waterway,0,0
1128432949,canal,Unnamed Waterway,0,0
1128464952,canal,Unnamed Waterway,0,0
1128464953,canal,Unnamed Waterway,0,0
1128464954,canal,Unnamed Waterway,0,0
1128464955,canal,Unnamed Waterway,0,0
1128464956,canal,Unnamed Waterway,0,0
1128464957,canal,Unnamed Waterway,0,0
1128464958,canal,Unnamed Waterway,0,0
1128464959,canal,Unnamed Waterway,0,0
1128464960,canal,Unnamed Waterway,0,0
1128464961,canal,Unnamed Waterway,0,0
1128464962,canal,Unnamed Waterway,0,0
1128464963,canal,Unnamed Waterway,0,0
1128464964,canal,Unnamed Waterway,0,0
1128464965,canal,Unnamed Waterway,0,0
1128464966,canal,Unnamed Waterway,0,0
1128464967,canal,Unnamed Waterway,0,0
1128464968,canal,Unnamed Waterway,0,0
1128464969,canal,Unnamed Waterway,0,0
1128464970,canal,Unnamed Waterway,0,0
1128464971,canal,Unnamed Waterway,0,0
1128464972,canal,Unnamed Waterway,0,0
1128464973,canal,Unnamed Waterway,0,0
1128464974,canal,Unnamed Waterway,0,0
1128464975,canal,Unnamed Waterway,0,0
1128464976,canal,Unnamed Waterway,0,0
1128464977,canal,Unnamed Waterway,0,0
1128464978,canal,Unnamed Waterway,0,0
1128464979,canal,Unnamed Waterway,0,0
1128464980,canal,Unnamed Waterway,0,0
1128464981,canal,Unnamed Waterway,0,0
1128464982,canal,Unnamed Waterway,0,0
1128464983,canal,Unnamed Waterway,0,0
1128464984,canal,Unnamed Waterway,0,0
1128464985,canal,Unnamed Waterway,0,0
1128464986,canal,Unnamed Waterway,0,0
1128464987,canal,Unnamed Waterway,0,0
1128464988,canal,Unnamed Waterway,0,0
1128905761,canal,Unnamed Waterway,0,0
1128905762,canal,Unnamed Waterway,0,0
1128905763,stream,Water,0,0
1130833749,river,Unnamed Waterway,0,0
1130833750,river,Unnamed Waterway,0,0
1130833754,stream,Unnamed Waterway,0,0
1130834880,stream,Unnamed Waterway,0,0
1130834881,stream,Unnamed Waterway,0,0
1130836775,stream,Unnamed Waterway,0,0
1130836778,river,Unnamed Waterway,0,0
1130838465,river,Unnamed Waterway,0,0
1130840525,river,Unnamed Waterway,0,0
1130840528,river,Unnamed Waterway,0,0
1130840827,river,Unnamed Waterway,0,0
1130840830,river,Unnamed Waterway,0,0
1130842037,stream,Unnamed Waterway,0,0
1130843933,river,Unnamed Waterway,0,0
1130858875,stream,Unnamed Waterway,0,0
1130942515,canal,Unnamed Waterway,0,0
1130942516,canal,Unnamed Waterway,0,0
1130942517,canal,Unnamed Waterway,0,0
1130942518,canal,Unnamed Waterway,0,0
1130942519,canal,Unnamed Waterway,0,0
1130942520,canal,Unnamed Waterway,0,0
1130942521,canal,Unnamed Waterway,0,0
1130942522,canal,Unnamed Waterway,0,0
1130942523,canal,Unnamed Waterway,0,0
1130942524,canal,Unnamed Waterway,0,0
1130942525,canal,Unnamed Waterway,0,0
1130942526,canal,Unnamed Waterway,0,0
1130942527,canal,Unnamed Waterway,0,0
1130942528,canal,Unnamed Waterway,0,0
1130942529,canal,Unnamed Waterway,0,0
1130942530,canal,Unnamed Waterway,0,0
1130942531,canal,Unnamed Waterway,0,0
1130942532,canal,Unnamed Waterway,0,0
1130942533,canal,Unnamed Waterway,0,0
1130942534,canal,Unnamed Waterway,0,0
1130942535,canal,Unnamed Waterway,0,0
1130942536,canal,Unnamed Waterway,0,0
1130942537,canal,Unnamed Waterway,0,0
1130942538,canal,Unnamed Waterway,0,0
1130942539,canal,Unnamed Waterway,0,0
1130942540,canal,Unnamed Waterway,0,0
1130942541,canal,Unnamed Waterway,0,0
1130942542,canal,Unnamed Waterway,0,0
1130942543,canal,Unnamed Waterway,0,0
1130942544,canal,Unnamed Waterway,0,0
1130942545,canal,Unnamed Waterway,0,0
1130942546,canal,Unnamed Waterway,0,0
1130942547,canal,Unnamed Waterway,0,0
1130942548,canal,Unnamed Waterway,0,0
1130942549,canal,Unnamed Waterway,0,0
1130989067,stream,Unnamed Waterway,0,0
1130989068,stream,Unnamed Waterway,0,0
1130990532,stream,Unnamed Waterway,0,0
1130990533,stream,Unnamed Waterway,0,0
1130990554,stream,Unnamed Waterway,0,0
1130990555,stream,Unnamed Waterway,0,0
1130990556,stream,Unnamed Waterway,0,0
1130990557,stream,Unnamed Waterway,0,0
1131028785,stream,Unnamed Waterway,0,0
1131028786,stream,Unnamed Waterway,0,0
1131089684,canal,Unnamed Waterway,0,0
1131089685,canal,Unnamed Waterway,0,0
1131167295,canal,Unnamed Waterway,0,0
1131183663,canal,Unnamed Waterway,0,0
1131183664,canal,Unnamed Waterway,0,0
1131285264,canal,Unnamed Waterway,0,0
1131296452,canal,Unnamed Waterway,0,0
1131297377,stream,Unnamed Waterway,0,0
1131592212,canal,Unnamed Waterway,0,0
1131592213,canal,Unnamed Waterway,0,0
1131617266,canal,Unnamed Waterway,0,0
1131617267,canal,Unnamed Waterway,0,0
1131617268,canal,Unnamed Waterway,0,0
1131617269,canal,Unnamed Waterway,0,0
1131617270,canal,Unnamed Waterway,0,0
1131617271,canal,Unnamed Waterway,0,0
1131617272,canal,Unnamed Waterway,0,0
1131617273,canal,Unnamed Waterway,0,0
1131617274,canal,Unnamed Waterway,0,0
1131617275,canal,Unnamed Waterway,0,0
1131617276,canal,Unnamed Waterway,0,0
1131617277,canal,Unnamed Waterway,0,0
1131617278,canal,Unnamed Waterway,0,0
1131617279,canal,Unnamed Waterway,0,0
1131617280,canal,Unnamed Waterway,0,0
1131617281,canal,Unnamed Waterway,0,0
1131617282,canal,Unnamed Waterway,0,0
1131617283,canal,Unnamed Waterway,0,0
1131617284,canal,Unnamed Waterway,0,0
1131617285,canal,Unnamed Waterway,0,0
1131617286,canal,Unnamed Waterway,0,0
1131617287,canal,Unnamed Waterway,0,0
1131617288,canal,Unnamed Waterway,0,0
1131617289,canal,Unnamed Waterway,0,0
1131617290,canal,Unnamed Waterway,0,0
1131617291,canal,Unnamed Waterway,0,0
1131617292,canal,Unnamed Waterway,0,0
1131617293,canal,Unnamed Waterway,0,0
1131617294,canal,Unnamed Waterway,0,0
1131865745,river,Unnamed Waterway,0,0
1131924049,canal,Unnamed Waterway,0,0
1131924050,canal,Unnamed Waterway,0,0
1131924051,canal,Unnamed Waterway,0,0
1131924052,canal,Unnamed Waterway,0,0
1131924053,canal,Unnamed Waterway,0,0
1131924054,canal,Unnamed Waterway,0,0
1131924055,canal,Unnamed Waterway,0,0
1131924056,canal,Unnamed Waterway,0,0
1131924057,canal,Unnamed Waterway,0,0
1131924058,canal,Unnamed Waterway,0,0
1131924059,canal,Unnamed Waterway,0,0
1131924060,canal,Unnamed Waterway,0,0
1131924061,canal,Unnamed Waterway,0,0
1131924062,canal,Unnamed Waterway,0,0
1131924063,canal,Unnamed Waterway,0,0
1131924064,canal,Unnamed Waterway,0,0
1131924065,canal,Unnamed Waterway,0,0
1131924066,canal,Unnamed Waterway,0,0
1131924067,canal,Unnamed Waterway,0,0
1131924068,canal,Unnamed Waterway,0,0
1131924069,canal,Unnamed Waterway,0,0
1131924070,canal,Unnamed Waterway,0,0
1131924071,canal,Unnamed Waterway,0,0
1131924072,canal,Unnamed Waterway,0,0
1131924073,canal,Unnamed Waterway,0,0
1131924074,canal,Unnamed Waterway,0,0
1131924075,canal,Unnamed Waterway,0,0
1131924076,canal,Unnamed Waterway,0,0
1131924077,canal,Unnamed Waterway,0,0
1131924078,canal,Unnamed Waterway,0,0
1131924079,canal,Unnamed Waterway,0,0
1131924080,canal,Unnamed Waterway,0,0
1131924081,canal,Unnamed Waterway,0,0
1131924082,canal,Unnamed Waterway,0,0
1131924083,canal,Unnamed Waterway,0,0
1131924085,canal,Unnamed Waterway,0,0
1131924086,canal,Unnamed Waterway,0,0
1131924087,canal,Unnamed Waterway,0,0
1131924088,canal,Unnamed Waterway,0,0
1131924089,canal,Unnamed Waterway,0,0
1131924091,canal,Unnamed Waterway,0,0
1131924092,canal,Unnamed Waterway,0,0
1131924093,canal,Unnamed Waterway,0,0
1131924094,canal,Unnamed Waterway,0,0
1131924095,canal,Unnamed Waterway,0,0
1131924096,canal,Unnamed Waterway,0,0
1131929407,canal,Unnamed Waterway,0,0
1131930475,river,Unnamed Waterway,0,0
1131939019,canal,Unnamed Waterway,0,0
1132017642,canal,Unnamed Waterway,0,0
1132017643,canal,Unnamed Waterway,0,0
1132017644,canal,Unnamed Waterway,0,0
1132017648,canal,Unnamed Waterway,0,0
1132017649,canal,Unnamed Waterway,0,0
1132017650,canal,Unnamed Waterway,0,0
1132017692,canal,Unnamed Waterway,0,0
1132017693,canal,Unnamed Waterway,0,0
1132030915,stream,Unnamed Waterway,0,0
1132159679,canal,Unnamed Waterway,0,0
1132159680,canal,Unnamed Waterway,0,0
1132159681,canal,Unnamed Waterway,0,0
1132159682,canal,Unnamed Waterway,0,0
1132159683,canal,Unnamed Waterway,0,0
1132159684,canal,Unnamed Waterway,0,0
1132159685,canal,Unnamed Waterway,0,0
1132159686,canal,Unnamed Waterway,0,0
1132159687,canal,Unnamed Waterway,0,0
1132159688,canal,Unnamed Waterway,0,0
1132159689,canal,Unnamed Waterway,0,0
1132159690,canal,Unnamed Waterway,0,0
1132159691,canal,Unnamed Waterway,0,0
1132159692,canal,Unnamed Waterway,0,0
1132159693,canal,Unnamed Waterway,0,0
1132159694,canal,Unnamed Waterway,0,0
1132159695,canal,Unnamed Waterway,0,0
1132159696,canal,Unnamed Waterway,0,0
1132159697,canal,Unnamed Waterway,0,0
1132159698,canal,Unnamed Waterway,0,0
1132159699,canal,Unnamed Waterway,0,0
1132159700,canal,Unnamed Waterway,0,0
1132159701,canal,Unnamed Waterway,0,0
1132159702,canal,Unnamed Waterway,0,0
1132159703,canal,Unnamed Waterway,0,0
1132159704,canal,Unnamed Waterway,0,0
1132159705,canal,Unnamed Waterway,0,0
1132159706,canal,Unnamed Waterway,0,0
1132159707,canal,Unnamed Waterway,0,0
1132159708,canal,Unnamed Waterway,0,0
1132159709,canal,Unnamed Waterway,0,0
1132159710,canal,Unnamed Waterway,0,0
1132159711,canal,Unnamed Waterway,0,0
1132159712,canal,Unnamed Waterway,0,0
1132159713,canal,Unnamed Waterway,0,0
1132159714,canal,Unnamed Waterway,0,0
1132159715,canal,Unnamed Waterway,0,0
1132159716,canal,Unnamed Waterway,0,0
1132159717,canal,Unnamed Waterway,0,0
1132159718,canal,Unnamed Waterway,0,0
1132168106,stream,Unnamed Waterway,0,0
1132172345,river,Unnamed Waterway,0,0
1132172464,river,Unnamed Waterway,0,0
1132172769,river,Unnamed Waterway,0,0
1132185405,canal,Unnamed Waterway,0,0
1132185406,canal,Unnamed Waterway,0,0
1132254768,stream,Unnamed Waterway,0,0
1132467518,canal,Unnamed Waterway,0,0
1132467519,canal,Unnamed Waterway,0,0
1132480518,canal,Unnamed Waterway,0,0
1132480519,canal,Unnamed Waterway,0,0
1133002185,stream,Unnamed Waterway,0,0
1133016272,canal,Unnamed Waterway,0,0
1133016273,canal,Unnamed Waterway,0,0
1133024163,canal,Buth Distributary,0,0
1133024170,canal,Unnamed Waterway,0,0
1133555737,stream,Unnamed Waterway,0,0
1133555738,stream,Unnamed Waterway,0,0
1133769349,river,Unnamed Waterway,0,0
1133799894,canal,Unnamed Waterway,0,0
1133800724,river,Unnamed Waterway,0,0
1133938243,canal,Unnamed Waterway,0,0
1133938244,canal,Unnamed Waterway,0,0
1134229115,stream,Unnamed Waterway,0,0
1134229116,stream,Unnamed Waterway,0,0
1134229117,stream,Unnamed Waterway,0,0
1134229118,stream,Unnamed Waterway,0,0
1134229119,stream,Unnamed Waterway,0,0
1134229399,canal,Unnamed Waterway,0,0
1134229400,canal,Unnamed Waterway,0,0
1134406419,stream,Unnamed Waterway,0,0
1134730787,stream,Unnamed Waterway,0,0
1134730791,stream,Unnamed Waterway,0,0
1134731440,stream,Unnamed Waterway,0,0
1134731441,stream,Unnamed Waterway,0,0
1134732780,stream,Unnamed Waterway,0,0
1134732782,stream,Unnamed Waterway,0,0
1134745391,stream,Unnamed Waterway,0,0
1134783244,river,Unnamed Waterway,0,0
1134797030,stream,Unnamed Waterway,0,0
1134802209,river,Unnamed Waterway,0,0
1134809441,stream,Unnamed Waterway,0,0
1135144569,stream,Unnamed Waterway,0,0
1135144571,stream,Unnamed Waterway,0,0
1135144576,stream,Unnamed Waterway,0,0
1135145248,stream,Unnamed Waterway,0,0
1135148311,stream,Unnamed Waterway,0,0
1135148314,stream,Unnamed Waterway,0,0
1135150101,stream,Unnamed Waterway,0,0
1135154325,stream,Unnamed Waterway,0,0
1135367970,canal,Unnamed Waterway,0,0
1135367971,canal,Unnamed Waterway,0,0
1135367972,canal,Unnamed Waterway,0,0
1135367973,canal,Unnamed Waterway,0,0
1135367974,canal,Unnamed Waterway,0,0
1135367975,canal,Unnamed Waterway,0,0
1135367976,canal,Unnamed Waterway,0,0
1135367977,canal,Unnamed Waterway,0,0
1135367980,canal,Unnamed Waterway,0,0
1135367981,canal,Unnamed Waterway,0,0
1135367982,canal,Unnamed Waterway,0,0
1135371626,canal,Unnamed Waterway,0,0
1135371627,canal,Unnamed Waterway,0,0
1135371628,canal,Unnamed Waterway,0,0
1135486676,stream,Unnamed Waterway,0,0
1135682289,canal,Unnamed Waterway,0,0
1135682293,canal,Unnamed Waterway,0,0
1135682294,canal,Unnamed Waterway,0,0
1135682519,canal,Unnamed Waterway,0,0
1135682526,canal,Unnamed Waterway,0,0
1135682911,canal,Unnamed Waterway,0,0
1136010665,stream,Unnamed Waterway,0,0
1136381472,canal,Unnamed Waterway,0,0
1136381473,canal,Unnamed Waterway,0,0
1136381474,canal,Unnamed Waterway,0,0
1136381668,canal,Unnamed Waterway,0,0
1136383760,stream,Unnamed Waterway,0,0
1136403763,stream,Unnamed Waterway,0,0
1136579847,canal,Unnamed Waterway,0,0
1136717806,stream,Unnamed Waterway,0,0
1136717807,stream,Unnamed Waterway,0,0
1136717808,stream,Unnamed Waterway,0,0
1136858972,canal,Unnamed Waterway,0,0
1136858973,canal,Unnamed Waterway,0,0
1136973814,stream,Unnamed Waterway,0,0
1136973816,stream,Unnamed Waterway,0,0
1137106638,canal,Hussainabad Water Channel,0,0
1137353894,stream,Unnamed Waterway,0,0
1137353899,stream,Unnamed Waterway,0,0
1137353900,stream,Unnamed Waterway,0,0
1137353901,stream,Unnamed Waterway,0,0
1137447463,stream,Unnamed Waterway,0,0
1137586940,canal,Unnamed Waterway,0,0
1137586942,canal,Unnamed Waterway,0,0
1137587412,river,Unnamed Waterway,0,0
1137906874,stream,Unnamed Waterway,0,0
1138004714,stream,Unnamed Waterway,0,0
1138004716,stream,Unnamed Waterway,0,0
1138004719,stream,Unnamed Waterway,0,0
1138083803,stream,Unnamed Waterway,0,0
1138089740,stream,Unnamed Waterway,0,0
1138089743,stream,Unnamed Waterway,0,0
1138092059,canal,Unnamed Waterway,0,0
1138092060,canal,Unnamed Waterway,0,0
1138092061,canal,Unnamed Waterway,0,0
1138092062,canal,Unnamed Waterway,0,0
1138092063,canal,Unnamed Waterway,0,0
1138092064,canal,Unnamed Waterway,0,0
1138092065,canal,Unnamed Waterway,0,0
1138092066,canal,Unnamed Waterway,0,0
1138092067,canal,Unnamed Waterway,0,0
1138092068,canal,Unnamed Waterway,0,0
1138093555,stream,Unnamed Waterway,0,0
1138093556,stream,Unnamed Waterway,0,0
1138134269,river,Unnamed Waterway,0,0
1138134270,river,Unnamed Waterway,0,0
1138139129,river,Unnamed Waterway,0,0
1138139130,river,Unnamed Waterway,0,0
1138139131,river,Unnamed Waterway,0,0
1138144984,stream,Unnamed Waterway,0,0
1138144985,stream,Unnamed Waterway,0,0
1138144988,river,Askor Lungma,0,0
1138155611,river,استاک نالہ,0,0
1138167004,canal,Unnamed Waterway,0,0
1138169050,canal,Unnamed Waterway,0,0
1138169051,canal,Unnamed Waterway,0,0
1138169052,canal,Unnamed Waterway,0,0
1138169053,canal,Unnamed Waterway,0,0
1138169054,canal,Unnamed Waterway,0,0
1139114603,canal,Sajawal Distributary,0,0
1139808913,stream,Unnamed Waterway,0,0
1140682393,stream,Unnamed Waterway,0,0
1142008830,canal,Unnamed Waterway,0,0
1142008831,canal,Unnamed Waterway,0,0
1142008836,canal,Unnamed Waterway,0,0
1142008838,canal,Unnamed Waterway,0,0
1142008842,canal,Unnamed Waterway,0,0
1142008843,canal,Unnamed Waterway,0,0
1142008844,canal,Unnamed Waterway,0,0
1142008845,canal,Unnamed Waterway,0,0
1142008851,canal,Unnamed Waterway,0,0
1142008852,canal,Unnamed Waterway,0,0
1142008854,canal,Unnamed Waterway,0,0
1142008856,canal,Unnamed Waterway,0,0
1142008868,canal,Unnamed Waterway,0,0
1142008884,canal,Unnamed Waterway,0,0
1142008890,canal,Unnamed Waterway,0,0
1142018503,canal,Shahan Minor,0,0
1142018504,canal,Unnamed Waterway,0,0
1142326399,stream,Unnamed Waterway,0,0
1142326400,stream,Unnamed Waterway,0,0
1143701253,canal,Unnamed Waterway,0,0
1143704382,canal,Unnamed Waterway,0,0
1143704387,canal,Unnamed Waterway,0,0
1143704388,canal,Unnamed Waterway,0,0
1143704389,canal,Unnamed Waterway,0,0
1143704390,canal,Unnamed Waterway,0,0
1143704391,canal,Unnamed Waterway,0,0
1143704394,canal,Unnamed Waterway,0,0
1143704395,canal,Unnamed Waterway,0,0
1143705075,canal,Unnamed Waterway,0,0
1143705076,canal,Unnamed Waterway,0,0
1143705077,canal,Unnamed Waterway,0,0
1143706135,canal,Unnamed Waterway,0,0
1143706136,canal,Unnamed Waterway,0,0
1143715267,canal,Unnamed Waterway,0,0
1143715268,canal,Unnamed Waterway,0,0
1143715269,canal,Unnamed Waterway,0,0
1143748009,canal,Unnamed Waterway,0,0
1143748012,canal,Unnamed Waterway,0,0
1143748013,canal,Unnamed Waterway,0,0
1143748016,canal,Unnamed Waterway,0,0
1143748017,canal,Unnamed Waterway,0,0
1143773912,canal,Unnamed Waterway,0,0
1143773917,canal,Unnamed Waterway,0,0
1143773920,canal,Unnamed Waterway,0,0
1143773921,canal,Unnamed Waterway,0,0
1143773926,canal,Unnamed Waterway,0,0
1143773927,canal,Unnamed Waterway,0,0
1143778968,canal,Unnamed Waterway,0,0
1143932293,canal,Unnamed Waterway,0,0
1143932294,canal,Unnamed Waterway,0,0
1143932295,canal,Unnamed Waterway,0,0
1143932296,canal,Unnamed Waterway,0,0
1143932297,canal,Unnamed Waterway,0,0
1143951668,canal,Unnamed Waterway,0,0
1143951670,canal,Unnamed Waterway,0,0
1143951671,canal,Unnamed Waterway,0,0
1144357659,canal,Unnamed Waterway,0,0
1144357660,canal,Unnamed Waterway,0,0
1144357661,canal,Unnamed Waterway,0,0
1144357662,canal,Unnamed Waterway,0,0
1144357664,canal,Unnamed Waterway,0,0
1144376215,canal,Unnamed Waterway,0,0
1144376216,canal,Unnamed Waterway,0,0
1144376217,canal,Unnamed Waterway,0,0
1144376226,canal,Unnamed Waterway,0,0
1144471636,canal,Unnamed Waterway,0,0
1144471637,canal,Unnamed Waterway,0,0
1144471638,canal,Unnamed Waterway,0,0
1144471639,canal,Unnamed Waterway,0,0
1144471640,canal,Unnamed Waterway,0,0
1144471641,canal,Unnamed Waterway,0,0
1144471642,canal,Unnamed Waterway,0,0
1144471643,canal,Unnamed Waterway,0,0
1144471644,canal,Unnamed Waterway,0,0
1144471645,canal,Unnamed Waterway,0,0
1144471646,canal,Unnamed Waterway,0,0
1144471647,canal,Unnamed Waterway,0,0
1144471648,canal,Unnamed Waterway,0,0
1144471649,canal,Unnamed Waterway,0,0
1144471650,canal,Unnamed Waterway,0,0
1144471651,canal,Unnamed Waterway,0,0
1144471652,canal,Unnamed Waterway,0,0
1144471653,canal,Unnamed Waterway,0,0
1144471654,canal,Unnamed Waterway,0,0
1144471655,canal,Unnamed Waterway,0,0
1144473756,canal,Unnamed Waterway,0,0
1144473757,canal,Unnamed Waterway,0,0
1144473758,canal,Unnamed Waterway,0,0
1144473759,canal,Unnamed Waterway,0,0
1144477728,canal,Unnamed Waterway,0,0
1144477729,canal,Unnamed Waterway,0,0
1144477730,canal,Unnamed Waterway,0,0
1145234021,river,Unnamed Waterway,0,0
1145700004,river,Unnamed Waterway,0,0
1146128020,canal,Unnamed Waterway,0,0
1146128028,canal,Unnamed Waterway,0,0
1146128029,canal,Unnamed Waterway,0,0
1146128036,canal,Unnamed Waterway,0,0
1146128041,canal,Unnamed Waterway,0,0
1146128042,canal,Unnamed Waterway,0,0
1146128043,canal,Unnamed Waterway,0,0
1146128044,canal,Unnamed Waterway,0,0
1146128049,canal,Unnamed Waterway,0,0
1146128050,canal,Unnamed Waterway,0,0
1146128053,canal,Unnamed Waterway,0,0
1146128054,canal,Unnamed Waterway,0,0
1146128055,canal,Unnamed Waterway,0,0
1146129335,canal,Unnamed Waterway,0,0
1146129336,canal,Unnamed Waterway,0,0
1146129341,canal,Sanharo Distributary,0,0
1146129348,canal,Unnamed Waterway,0,0
1146129357,canal,Gul Shah Wah,0,0
1146131622,canal,Unnamed Waterway,0,0
1146131627,canal,Unnamed Waterway,0,0
1146131630,canal,Unnamed Waterway,0,0
1146131633,canal,Unnamed Waterway,0,0
1146132693,canal,Unnamed Waterway,0,0
1146132694,canal,Unnamed Waterway,0,0
1146132697,canal,Unnamed Waterway,0,0
1146132698,canal,Unnamed Waterway,0,0
1146132707,canal,Unnamed Waterway,0,0
1146132708,canal,Unnamed Waterway,0,0
1146132717,canal,Unnamed Waterway,0,0
1146132718,canal,Unnamed Waterway,0,0
1146132727,canal,Unnamed Waterway,0,0
1146132728,canal,Unnamed Waterway,0,0
1146538705,stream,Unnamed Waterway,0,0
1147022097,river,Lai Nadi,0,0
1147022098,river,Nala Lai,0,0
1147022100,stream,Unnamed Waterway,0,0
1147022101,stream,Unnamed Waterway,0,0
1147022109,canal,Unnamed Waterway,0,0
1147022110,canal,Unnamed Waterway,0,0
1147059077,canal,Unnamed Waterway,0,0
1147059099,canal,Hussainabad Water Channel New,0,0
1147059100,canal,Hussainabad Water Channel New,0,0
1147644257,river,دھراب,0,0
1147644258,river,دھراب,0,0
1148176261,stream,Unnamed Waterway,0,0
1148176262,stream,Unnamed Waterway,0,0
1148176263,stream,Unnamed Waterway,0,0
1148176264,stream,Unnamed Waterway,0,0
1148516421,stream,Unnamed Waterway,0,0
1149062048,river,Unnamed Waterway,0,0
1149064958,canal,Unnamed Waterway,0,0
1149064959,canal,Unnamed Waterway,0,0
1149179108,stream,Unnamed Waterway,0,0
1149179109,river,Unnamed Waterway,0,0
1149287246,canal,Unnamed Waterway,0,0
1149287249,canal,Unnamed Waterway,0,0
1149287251,canal,Unnamed Waterway,0,0
1149287253,canal,Unnamed Waterway,0,0
1149287263,canal,Unnamed Waterway,0,0
1149287264,canal,Unnamed Waterway,0,0
1149287265,canal,Unnamed Waterway,0,0
1149287266,canal,Unnamed Waterway,0,0
1149287267,canal,Unnamed Waterway,0,0
1149287268,canal,Unnamed Waterway,0,0
1149287269,canal,Unnamed Waterway,0,0
1149289100,stream,Unnamed Waterway,0,0
1149302444,canal,Unnamed Waterway,0,0
1149302445,canal,Unnamed Waterway,0,0
1149302446,canal,Unnamed Waterway,0,0
1149302447,canal,Unnamed Waterway,0,0
1149302448,canal,Unnamed Waterway,0,0
1149302452,canal,Hussainabad Water Channel,0,0
1149302453,canal,Hussainabad Water Channel,0,0
1149355842,river,Ghazwabari Lungma,0,0
1149355843,stream,Thowar Nala,0,0
1149355846,stream,Unnamed Waterway,0,0
1149661625,river,Unnamed Waterway,0,0
1149661627,stream,Unnamed Waterway,0,0
1149681618,canal,Unnamed Waterway,0,0
1149759988,stream,Unnamed Waterway,0,0
1149759990,stream,Unnamed Waterway,0,0
1149759992,stream,Unnamed Waterway,0,0
1149881313,stream,Unnamed Waterway,0,0
1149881319,stream,Unnamed Waterway,0,0
1149881322,stream,Unnamed Waterway,0,0
1149881323,stream,Unnamed Waterway,0,0
1149881324,stream,Unnamed Waterway,0,0
1149881325,stream,Unnamed Waterway,0,0
1149881326,stream,Unnamed Waterway,0,0
1150217296,canal,Unnamed Waterway,0,0
1150217297,canal,Unnamed Waterway,0,0
1150565518,canal,Husri Distributary,0,0
1150748418,river,Unnamed Waterway,0,0
1150837480,canal,Unnamed Waterway,0,0
1150990227,canal,Unnamed Waterway,0,0
1150999566,canal,Nim Distributary,0,0
1150999567,canal,Nim Distributary,0,0
1151079095,stream,Unnamed Waterway,0,0
1151079097,river,Munder Lungma,0,0
1151079098,river,Munder Lungma,0,0
1151079099,stream,Shigarthang Lungma,0,0
1151079100,river,Shigarthang Lungma,0,0
1151079101,river,Unnamed Waterway,0,0
1151079102,stream,Unnamed Waterway,0,0
1151079103,stream,Unnamed Waterway,0,0
1151079104,stream,Unnamed Waterway,0,0
1151079105,river,Unnamed Waterway,0,0
1151079106,river,Unnamed Waterway,0,0
1151079107,river,Dichil Gah River,0,0
1151079122,stream,Unnamed Waterway,0,0
1151079123,stream,Unnamed Waterway,0,0
1151086021,canal,Unnamed Waterway,0,0
1151086022,canal,Unnamed Waterway,0,0
1151086023,canal,Unnamed Waterway,0,0
1151086024,canal,Unnamed Waterway,0,0
1151086025,canal,Unnamed Waterway,0,0
1151087298,canal,Unnamed Waterway,0,0
1151087299,canal,Unnamed Waterway,0,0
1151087300,canal,Unnamed Waterway,0,0
1151087305,canal,Unnamed Waterway,0,0
1151087306,canal,Unnamed Waterway,0,0
1151087307,canal,Unnamed Waterway,0,0
1151087308,canal,Unnamed Waterway,0,0
1151087309,canal,Unnamed Waterway,0,0
1151087310,canal,Unnamed Waterway,0,0
1151087311,canal,Unnamed Waterway,0,0
1151104102,canal,Unnamed Waterway,0,0
1151104103,canal,Unnamed Waterway,0,0
1151104104,canal,Unnamed Waterway,0,0
1151104106,canal,Unnamed Waterway,0,0
1151104109,canal,Unnamed Waterway,0,0
1151104110,canal,Unnamed Waterway,0,0
1151104111,canal,Unnamed Waterway,0,0
1151104112,canal,Unnamed Waterway,0,0
1151104116,canal,Unnamed Waterway,0,0
1151104117,canal,Unnamed Waterway,0,0
1151104126,canal,Unnamed Waterway,0,0
1151104127,canal,Unnamed Waterway,0,0
1151104128,canal,Unnamed Waterway,0,0
1151104129,canal,Unnamed Waterway,0,0
1151104132,canal,Unnamed Waterway,0,0
1151104133,canal,Unnamed Waterway,0,0
1151104134,canal,Unnamed Waterway,0,0
1151104135,canal,Unnamed Waterway,0,0
1151104136,canal,Unnamed Waterway,0,0
1151104137,canal,Unnamed Waterway,0,0
1151104138,canal,Unnamed Waterway,0,0
1151510484,river,Unnamed Waterway,0,0
1151904959,canal,Maldasi Minor,0,0
1151915905,canal,راڄ واھ,0,0
1151915906,canal,Sunny Gunni,0,0
1151915907,canal,اڪرم واھ اسڪيپ / اسڪيپ,0,0
1151920974,canal,Unnamed Waterway,0,0
1151920975,canal,Unnamed Waterway,0,0
1151924419,canal,Unnamed Waterway,0,0
1151924423,canal,Unnamed Waterway,0,0
1151924424,canal,Unnamed Waterway,0,0
1151924425,canal,Unnamed Waterway,0,0
1151924426,canal,Unnamed Waterway,0,0
1151924427,canal,Unnamed Waterway,0,0
1151924428,canal,Unnamed Waterway,0,0
1152384195,stream,Unnamed Waterway,0,0
1153324870,stream,Unnamed Waterway,0,0
1153324871,stream,Unnamed Waterway,0,0
1153324872,stream,Unnamed Waterway,0,0
1153324873,stream,Unnamed Waterway,0,0
1153325118,stream,Unnamed Waterway,0,0
1153325119,stream,Unnamed Waterway,0,0
1153487363,stream,Unnamed Waterway,0,0
1153487366,stream,Unnamed Waterway,0,0
1154903224,canal,Unnamed Waterway,0,0
1154903639,canal,Unnamed Waterway,0,0
1155279631,river,Unnamed Waterway,0,0
1155279635,stream,Unnamed Waterway,0,0
1155336305,stream,Unnamed Waterway,0,0
1155336306,river,Unnamed Waterway,0,0
1155336309,stream,Unnamed Waterway,0,0
1155336310,stream,Unnamed Waterway,0,0
1155336311,stream,Unnamed Waterway,0,0
1155336312,stream,Unnamed Waterway,0,0
1155336313,stream,Unnamed Waterway,0,0
1155336314,river,Unnamed Waterway,0,0
1155336315,stream,Unnamed Waterway,0,0
1155336316,river,Unnamed Waterway,0,0
1155336317,stream,Unnamed Waterway,0,0
1155336318,stream,Unnamed Waterway,0,0
1155336319,stream,Unnamed Waterway,0,0
1155336328,stream,Unnamed Waterway,0,0
1155336331,stream,Unnamed Waterway,0,0
1155336332,stream,Birir Gol,0,0
1155336333,stream,Unnamed Waterway,0,0
1155336334,river,Unnamed Waterway,0,0
1155336335,stream,Unnamed Waterway,0,0
1155336336,stream,Unnamed Waterway,0,0
1155336337,stream,Unnamed Waterway,0,0
1155341505,stream,Unnamed Waterway,0,0
1155447691,river,Unnamed Waterway,0,0
1155447692,river,Unnamed Waterway,0,0
1155447698,river,Mishkon Khwar,0,0
1155726612,stream,Unnamed Waterway,0,0
1155784719,river,Unnamed Waterway,0,0
1155899306,canal,Unnamed Waterway,0,0
1155929578,river,Unnamed Waterway,0,0
1155929581,river,Unnamed Waterway,0,0
1155929583,river,Unnamed Waterway,0,0
1155929584,river,Unnamed Waterway,0,0
1155985812,stream,Unnamed Waterway,0,0
1155987161,stream,Unnamed Waterway,0,0
1155989412,stream,Unnamed Waterway,0,0
1156003425,river,Ushu River,0,0
1156003426,stream,Unnamed Waterway,0,0
1156003431,stream,Unnamed Waterway,0,0
1156003439,stream,Unnamed Waterway,0,0
1156003440,stream,Unnamed Waterway,0,0
1156003882,stream,Unnamed Waterway,0,0
1156006255,river,Ushu River,0,0
1156008383,stream,Unnamed Waterway,0,0
1156008384,stream,Unnamed Waterway,0,0
1156015210,stream,Unnamed Waterway,0,0
1156015211,stream,Unnamed Waterway,0,0
1156015212,stream,Unnamed Waterway,0,0
1156015213,stream,Unnamed Waterway,0,0
1156017746,stream,Unnamed Waterway,0,0
1156021034,stream,Unnamed Waterway,0,0
1156021035,river,Unnamed Waterway,0,0
1156042012,stream,Unnamed Waterway,0,0
1156042015,stream,Unnamed Waterway,0,0
1156042026,stream,Unnamed Waterway,0,0
1156049687,stream,Unnamed Waterway,0,0
1156052017,stream,Unnamed Waterway,0,0
1156052018,stream,Unnamed Waterway,0,0
1156053983,stream,Unnamed Waterway,0,0
1156054115,river,Ushu River,0,0
1156060430,river,Unnamed Waterway,0,0
1156060431,river,Unnamed Waterway,0,0
1156060432,river,Unnamed Waterway,0,0
1156060433,river,Unnamed Waterway,0,0
1156061560,stream,Unnamed Waterway,0,0
1156061561,stream,Unnamed Waterway,0,0
1156061562,stream,Unnamed Waterway,0,0
1156061563,stream,Unnamed Waterway,0,0
1156061564,stream,Unnamed Waterway,0,0
1156292171,river,Unnamed Waterway,0,0
1156826754,river,Sai Nala,0,0
1157088590,river,Kharai Darra River,0,0
1157088592,river,Unnamed Waterway,0,0
1157300667,river,Unnamed Waterway,0,0
1157300668,river,Unnamed Waterway,0,0
1157300669,river,Unnamed Waterway,0,0
1157300676,stream,Unnamed Waterway,0,0
1157792175,stream,Unnamed Waterway,0,0
1157792176,stream,Unnamed Waterway,0,0
1158045111,stream,Unnamed Waterway,0,0
1158045112,stream,Unnamed Waterway,0,0
1158045113,stream,Unnamed Waterway,0,0
1158045114,stream,Unnamed Waterway,0,0
1158045115,stream,Unnamed Waterway,0,0
1158045116,stream,Unnamed Waterway,0,0
1158223824,canal,Unnamed Waterway,0,0
1158223825,canal,Unnamed Waterway,0,0
1158475079,canal,Unnamed Waterway,0,0
1158475080,canal,Unnamed Waterway,0,0
1158510261,stream,Unnamed Waterway,0,0
1158510266,stream,Unnamed Waterway,0,0
1158510267,stream,Unnamed Waterway,0,0
1158510268,stream,Unnamed Waterway,0,0
1158510269,stream,Unnamed Waterway,0,0
1158517510,canal,Unnamed Waterway,0,0
1158565851,river,Unnamed Waterway,0,0
1158565852,river,Unnamed Waterway,0,0
1158565853,river,Unnamed Waterway,0,0
1158565854,river,Unnamed Waterway,0,0
1158565855,river,Unnamed Waterway,0,0
1158817527,canal,Fazil Shah Canal,0,0
1158817528,canal,Fazil Shah Canal,0,0
1158831859,stream,Unnamed Waterway,0,0
1158831860,stream,Unnamed Waterway,0,0
1158837709,stream,Unnamed Waterway,0,0
1158837733,stream,Unnamed Waterway,0,0
1158837734,river,Unnamed Waterway,0,0
1158837736,river,Unnamed Waterway,0,0
1158837737,river,Unnamed Waterway,0,0
1158967530,stream,Khasmik Lungma,0,0
1158967537,stream,Zaimber Nala,0,0
1158967542,stream,Bear Nala,0,0
1158967565,stream,Tasombar Nala,0,0
1158967570,stream,Unnamed Waterway,0,0
1158967573,stream,Din Long,0,0
1159042002,stream,Kushmal Lungma,0,0
1159075954,stream,Unnamed Waterway,0,0
1159075955,river,Unnamed Waterway,0,0
1159075959,stream,Unnamed Waterway,0,0
1159155713,stream,Unnamed Waterway,0,0
1159155714,stream,Unnamed Waterway,0,0
1159155715,stream,Unnamed Waterway,0,0
1159155716,stream,Unnamed Waterway,0,0
1159170245,river,ننگما,0,0
1159170247,stream,Unnamed Waterway,0,0
1159170255,stream,Unnamed Waterway,0,0
1159170256,river,Unnamed Waterway,0,0
1159170274,stream,Unnamed Waterway,0,0
1159170277,stream,Unnamed Waterway,0,0
1159280254,river,Unnamed Waterway,0,0
1159992572,stream,Unnamed Waterway,0,0
1159992573,stream,Unnamed Waterway,0,0
1159992574,stream,Unnamed Waterway,0,0
1160691436,river,Unnamed Waterway,0,0
1160691437,river,Unnamed Waterway,0,0
1160948522,stream,Unnamed Waterway,0,0
1160948530,stream,Unnamed Waterway,0,0
1160948531,stream,Unnamed Waterway,0,0
1160948532,river,Unnamed Waterway,0,0
1160948533,river,Unnamed Waterway,0,0
1160948534,river,Unnamed Waterway,0,0
1160948536,stream,Unnamed Waterway,0,0
1160948537,river,Unnamed Waterway,0,0
1160948540,river,Unnamed Waterway,0,0
1160948546,stream,Unnamed Waterway,0,0
1160948547,stream,Unnamed Waterway,0,0
1160948548,stream,Unnamed Waterway,0,0
1160948549,stream,Unnamed Waterway,0,0
1160948550,stream,Unnamed Waterway,0,0
1160948551,stream,Unnamed Waterway,0,0
1160948552,stream,Unnamed Waterway,0,0
1161202811,stream,Unnamed Waterway,0,0
1161202814,river,Unnamed Waterway,0,0
1161202818,river,Unnamed Waterway,0,0
1161202819,river,Unnamed Waterway,0,0
1161202823,stream,Unnamed Waterway,0,0
1161202824,stream,Unnamed Waterway,0,0
1161549216,river,Unnamed Waterway,0,0
1161549221,river,Unnamed Waterway,0,0
1161549232,stream,Unnamed Waterway,0,0
1161549243,stream,Unnamed Waterway,0,0
1161825926,stream,Unnamed Waterway,0,0
1161825934,stream,Unnamed Waterway,0,0
1161825942,river,Unnamed Waterway,0,0
1161825949,stream,Unnamed Waterway,0,0
1161825954,river,Unnamed Waterway,0,0
1161825955,river,Unnamed Waterway,0,0
1161825956,river,Unnamed Waterway,0,0
1161825957,river,Unnamed Waterway,0,0
1161825958,river,Poorbi Narr,0,0
1161842975,river,Unnamed Waterway,0,0
1162328953,canal,Amruka Minor,0,0
1163407285,stream,Unnamed Waterway,0,0
1163407286,stream,Unnamed Waterway,0,0
1163593062,stream,Unnamed Waterway,0,0
1165053564,stream,Unnamed Waterway,0,0
1165053565,stream,Unnamed Waterway,0,0
1165053566,stream,Unnamed Waterway,0,0
1165053573,stream,Unnamed Waterway,0,0
1165562501,river,دریائے سندھ,0,0
1165562502,river,دریائے سندھ,0,0
1167212252,stream,Unnamed Waterway,0,0
1167228879,stream,Unnamed Waterway,0,0
1167234501,canal,Unnamed Waterway,0,0
1167234502,canal,Unnamed Waterway,0,0
1167330553,river,Unnamed Waterway,0,0
1167330563,stream,Unnamed Waterway,0,0
1167330564,river,Unnamed Waterway,0,0
1167330570,stream,Unnamed Waterway,0,0
1167330577,stream,Unnamed Waterway,0,0
1167330578,river,Unnamed Waterway,0,0
1167330579,stream,Unnamed Waterway,0,0
1167330580,stream,Unnamed Waterway,0,0
1167330582,stream,Unnamed Waterway,0,0
1167375716,stream,Unnamed Waterway,0,0
1167375742,stream,Unnamed Waterway,0,0
1167512238,stream,Unnamed Waterway,0,0
1167512239,stream,Unnamed Waterway,0,0
1167512240,river,Unnamed Waterway,0,0
1167512241,stream,Unnamed Waterway,0,0
1167512242,river,Unnamed Waterway,0,0
1167512244,river,Unnamed Waterway,0,0
1167544967,stream,Unnamed Waterway,0,0
1167544973,stream,Unnamed Waterway,0,0
1167544983,stream,Unnamed Waterway,0,0
1167545006,stream,Unnamed Waterway,0,0
1167545009,river,Shah Alam River,0,0
1167565177,stream,Unnamed Waterway,0,0
1167565178,stream,Unnamed Waterway,0,0
1167565179,stream,Unnamed Waterway,0,0
1167565180,stream,Unnamed Waterway,0,0
1167599739,stream,Unnamed Waterway,0,0
1167601185,stream,Unnamed Waterway,0,0
1167603892,canal,Unnamed Waterway,0,0
1167603907,canal,Unnamed Waterway,0,0
1167603909,canal,Unnamed Waterway,0,0
1167603912,canal,Unnamed Waterway,0,0
1167605318,river,Outfall,0,0
1167605321,canal,Unnamed Waterway,0,0
1167605322,stream,Unnamed Waterway,0,0
1167605323,stream,Unnamed Waterway,0,0
1167611214,river,Unnamed Waterway,0,0
1167611215,stream,Unnamed Waterway,0,0
1167611216,stream,Unnamed Waterway,0,0
1167611224,river,Unnamed Waterway,0,0
1167621484,stream,Unnamed Waterway,0,0
1168007052,canal,Unnamed Waterway,0,0
1168299831,river,Hunza River,0,0
1168299832,river,Hunza River,0,0
1168377197,canal,Unnamed Waterway,0,0
1168377198,canal,Unnamed Waterway,0,0
1168377200,canal,Unnamed Waterway,0,0
1168377201,canal,Unnamed Waterway,0,0
1168383017,canal,رکھ برانچ,0,0
1168383018,canal,رکھ برانچ,0,0
1168804839,river,Indus دریائے سندھ,0,0
1168804845,river,Indus River دریائے سندھ,0,0
1168804849,river,Indus River دریائے سندھ,0,0
1168804852,river,Indus دریائے سندھ,0,0
1168804853,river,Shigar River دریائے شگر,0,0
1168813187,river,دریائے سندھ,0,0
1168814631,river,دریائے سندھ,0,0
1169124666,canal,Unnamed Waterway,0,0
1169124667,canal,Unnamed Waterway,0,0
1170834070,river,Barchi Gah,0,0
1170957405,stream,Unnamed Waterway,0,0
1170957406,stream,Unnamed Waterway,0,0
1171138235,river,Unnamed Waterway,0,0
1171138236,river,Unnamed Waterway,0,0
1171434731,canal,Unnamed Waterway,0,0
1171434732,canal,Unnamed Waterway,0,0
1171434733,canal,Unnamed Waterway,0,0
1171434734,canal,Unnamed Waterway,0,0
1171434735,canal,Unnamed Waterway,0,0
1171434736,canal,Unnamed Waterway,0,0
1171434737,canal,Unnamed Waterway,0,0
1171434738,canal,Unnamed Waterway,0,0
1172308861,canal,Unnamed Waterway,0,0
1172308862,canal,Unnamed Waterway,0,0
1173063965,stream,Unnamed Waterway,0,0
1173063966,stream,Unnamed Waterway,0,0
1173063967,stream,Unnamed Waterway,0,0
1173063968,stream,Unnamed Waterway,0,0
1173063971,stream,Unnamed Waterway,0,0
1173063972,stream,Unnamed Waterway,0,0
1173063973,stream,Unnamed Waterway,0,0
1173063974,stream,Unnamed Waterway,0,0
1173063975,stream,Unnamed Waterway,0,0
1173063976,stream,Unnamed Waterway,0,0
1173063977,stream,Unnamed Waterway,0,0
1173063978,stream,Unnamed Waterway,0,0
1173063979,stream,Unnamed Waterway,0,0
1173063980,stream,Unnamed Waterway,0,0
1173063981,stream,Unnamed Waterway,0,0
1173063982,stream,Unnamed Waterway,0,0
1173063983,stream,Unnamed Waterway,0,0
1173063984,stream,Unnamed Waterway,0,0
1173066535,stream,Unnamed Waterway,0,0
1173066536,stream,Unnamed Waterway,0,0
1173066537,stream,Unnamed Waterway,0,0
1173066538,stream,Unnamed Waterway,0,0
1173066541,stream,Unnamed Waterway,0,0
1173066542,stream,Unnamed Waterway,0,0
1173066543,stream,Unnamed Waterway,0,0
1173066544,stream,Unnamed Waterway,0,0
1173087154,stream,Unnamed Waterway,0,0
1173087155,stream,Unnamed Waterway,0,0
1173087156,stream,Unnamed Waterway,0,0
1173087157,stream,Unnamed Waterway,0,0
1173087158,stream,Unnamed Waterway,0,0
1173087159,stream,Unnamed Waterway,0,0
1173087160,stream,Unnamed Waterway,0,0
1173087163,stream,Unnamed Waterway,0,0
1173087164,stream,Unnamed Waterway,0,0
1173087165,stream,Unnamed Waterway,0,0
1173087166,stream,Unnamed Waterway,0,0
1174407975,river,Boghost Gol,0,0
1176154995,stream,Unnamed Waterway,0,0
1177251324,stream,Unnamed Waterway,0,0
1177289941,stream,Unnamed Waterway,0,0
1177289942,stream,Unnamed Waterway,0,0
1177312818,stream,Unnamed Waterway,0,0
1177312819,stream,Unnamed Waterway,0,0
1177312823,stream,Unnamed Waterway,0,0
1177312824,stream,Unnamed Waterway,0,0
1177312825,stream,Unnamed Waterway,0,0
1177312826,stream,Unnamed Waterway,0,0
1177312827,stream,Unnamed Waterway,0,0
1177312828,stream,Unnamed Waterway,0,0
1177312829,stream,Unnamed Waterway,0,0
1177312830,stream,Unnamed Waterway,0,0
1178280889,river,Unnamed Waterway,0,0
1178280890,stream,Unnamed Waterway,0,0
1180937235,canal,Unnamed Waterway,0,0
1180937236,canal,Unnamed Waterway,0,0
1180937237,canal,Unnamed Waterway,0,0
1180937238,canal,Unnamed Waterway,0,0
1180937239,canal,Unnamed Waterway,0,0
1180937240,canal,Unnamed Waterway,0,0
1180937241,canal,Unnamed Waterway,0,0
1180946242,canal,Unnamed Waterway,0,0
1180953770,canal,Unnamed Waterway,0,0
1180953771,canal,Unnamed Waterway,0,0
1180953772,canal,Unnamed Waterway,0,0
1180953773,canal,Unnamed Waterway,0,0
1180953774,canal,Unnamed Waterway,0,0
1180953775,canal,Unnamed Waterway,0,0
1180991005,stream,Unnamed Waterway,0,0
1180991360,canal,Kharal Minor,0,0
1181140476,canal,Unnamed Waterway,0,0
1181140486,canal,Unnamed Waterway,0,0
1181140487,canal,Unnamed Waterway,0,0
1181140488,canal,Unnamed Waterway,0,0
1181140489,canal,Unnamed Waterway,0,0
1181140490,canal,Unnamed Waterway,0,0
1181140491,canal,Unnamed Waterway,0,0
1181140492,canal,Unnamed Waterway,0,0
1181140493,canal,Unnamed Waterway,0,0
1181140494,canal,Unnamed Waterway,0,0
1181147900,canal,Unnamed Waterway,0,0
1181147901,canal,Unnamed Waterway,0,0
1181147909,canal,Unnamed Waterway,0,0
1181147910,canal,Unnamed Waterway,0,0
1181206308,canal,Unnamed Waterway,0,0
1181206309,canal,Unnamed Waterway,0,0
1181400592,canal,Unnamed Waterway,0,0
1181400593,canal,Unnamed Waterway,0,0
1181400594,canal,Unnamed Waterway,0,0
1181400595,canal,Unnamed Waterway,0,0
1181400602,canal,Unnamed Waterway,0,0
1181400613,canal,Unnamed Waterway,0,0
1181400614,canal,Unnamed Waterway,0,0
1181400615,canal,Unnamed Waterway,0,0
1181400616,canal,Unnamed Waterway,0,0
1181400617,canal,Unnamed Waterway,0,0
1181403795,stream,Unnamed Waterway,0,0
1181403796,stream,Unnamed Waterway,0,0
1181403797,stream,Unnamed Waterway,0,0
1181403798,stream,Unnamed Waterway,0,0
1181403799,stream,Unnamed Waterway,0,0
1181448204,canal,Unnamed Waterway,0,0
1181448205,canal,Unnamed Waterway,0,0
1181448206,canal,Unnamed Waterway,0,0
1181484136,canal,Unnamed Waterway,0,0
1181484137,canal,Unnamed Waterway,0,0
1181484138,canal,Unnamed Waterway,0,0
1181785475,canal,Unnamed Waterway,0,0
1181785476,canal,Unnamed Waterway,0,0
1181785477,canal,Unnamed Waterway,0,0
1181785478,canal,Unnamed Waterway,0,0
1181785479,canal,Unnamed Waterway,0,0
1181785480,canal,Unnamed Waterway,0,0
1181785481,canal,Unnamed Waterway,0,0
1181785483,canal,Unnamed Waterway,0,0
1181785484,canal,Unnamed Waterway,0,0
1181785487,canal,Unnamed Waterway,0,0
1181785488,canal,Unnamed Waterway,0,0
1181899490,canal,Unnamed Waterway,0,0
1181899491,canal,Unnamed Waterway,0,0
1181899492,canal,Unnamed Waterway,0,0
1181899493,canal,Unnamed Waterway,0,0
1181999566,canal,Unnamed Waterway,0,0
1181999567,canal,Unnamed Waterway,0,0
1182114382,river,Sumar Nadi,0,0
1182160720,river,Unnamed Waterway,0,0
1182160721,river,Unnamed Waterway,0,0
1182305538,river,Unnamed Waterway,0,0
1182305539,river,Unnamed Waterway,0,0
1182305540,river,Unnamed Waterway,0,0
1182305541,river,Unnamed Waterway,0,0
1183354903,stream,Unnamed Waterway,0,0
1183354904,stream,Unnamed Waterway,0,0
1183354905,stream,Unnamed Waterway,0,0
1183354908,stream,Unnamed Waterway,0,0
1183354909,stream,Unnamed Waterway,0,0
1183354912,stream,Unnamed Waterway,0,0
1184223563,canal,Unnamed Waterway,0,0
1185943032,stream,Unnamed Waterway,0,0
1185943033,stream,Unnamed Waterway,0,0
1186191782,canal,Dodha Minor,0,0
1186298761,canal,Unnamed Waterway,0,0
1186298765,canal,Unnamed Waterway,0,0
1186298766,canal,Unnamed Waterway,0,0
1186459807,canal,Unnamed Waterway,0,0
1186514931,stream,Unnamed Waterway,0,0
1186521721,stream,Unnamed Waterway,0,0
1186521722,stream,Unnamed Waterway,0,0
1187670310,canal,Unnamed Waterway,0,0
1187670311,canal,Unnamed Waterway,0,0
1187681375,canal,Unnamed Waterway,0,0
1187681376,canal,Unnamed Waterway,0,0
1187920556,canal,Unnamed Waterway,0,0
1187920557,canal,Unnamed Waterway,0,0
1188059817,stream,Unnamed Waterway,0,0
1188059818,stream,Unnamed Waterway,0,0
1188059819,stream,Unnamed Waterway,0,0
1188059820,stream,Unnamed Waterway,0,0
1188059821,stream,Unnamed Waterway,0,0
1188377494,river,Unnamed Waterway,0,0
1188377495,river,Unnamed Waterway,0,0
1188377496,stream,Unnamed Waterway,0,0
1188377497,stream,Unnamed Waterway,0,0
1188377498,stream,Unnamed Waterway,0,0
1188377499,stream,Unnamed Waterway,0,0
1188377509,stream,Unnamed Waterway,0,0
1188377510,stream,Unnamed Waterway,0,0
1188377511,stream,Unnamed Waterway,0,0
1188377512,stream,Unnamed Waterway,0,0
1188377514,stream,Unnamed Waterway,0,0
1188377516,stream,Unnamed Waterway,0,0
1188527007,stream,Unnamed Waterway,0,0
1188527008,stream,Unnamed Waterway,0,0
1188527009,stream,Unnamed Waterway,0,0
1188527010,stream,Unnamed Waterway,0,0
1188527011,stream,Unnamed Waterway,0,0
1188527012,stream,Unnamed Waterway,0,0
1188568853,stream,Unnamed Waterway,0,0
1188571412,stream,Unnamed Waterway,0,0
1188681581,river,Unnamed Waterway,0,0
1188724906,river,Unnamed Waterway,0,0
1188740376,canal,Unnamed Waterway,0,0
1189915881,canal,Unnamed Waterway,0,0
1189915884,canal,Unnamed Waterway,0,0
1189915885,canal,Unnamed Waterway,0,0
1189915891,canal,Unnamed Waterway,0,0
1190380377,canal,Unnamed Waterway,0,0
1190380378,canal,Unnamed Waterway,0,0
1190380379,canal,Unnamed Waterway,0,0
1190380403,canal,Unnamed Waterway,0,0
1190380404,canal,Unnamed Waterway,0,0
1190380405,canal,Unnamed Waterway,0,0
1190521675,stream,Unnamed Waterway,0,0
1190521676,stream,Unnamed Waterway,0,0
1190563998,canal,Unnamed Waterway,0,0
1190563999,canal,Unnamed Waterway,0,0
1190686199,canal,Unnamed Waterway,0,0
1190686200,canal,Unnamed Waterway,0,0
1190686204,canal,Unnamed Waterway,0,0
1190686205,canal,Unnamed Waterway,0,0
1190686731,canal,Unnamed Waterway,0,0
1190686732,canal,Unnamed Waterway,0,0
1190701456,canal,Unnamed Waterway,0,0
1190701457,canal,Unnamed Waterway,0,0
1190789941,canal,Unnamed Waterway,0,0
1190789942,canal,Unnamed Waterway,0,0
1190789943,canal,Unnamed Waterway,0,0
1190789944,canal,Unnamed Waterway,0,0
1190789945,canal,Unnamed Waterway,0,0
1190790909,canal,Unnamed Waterway,0,0
1190790910,canal,Unnamed Waterway,0,0
1190790911,canal,Unnamed Waterway,0,0
1190841382,canal,Unnamed Waterway,0,0
1190841383,canal,Unnamed Waterway,0,0
1190841384,canal,Unnamed Waterway,0,0
1190841385,canal,Unnamed Waterway,0,0
1190841386,canal,Unnamed Waterway,0,0
1190841387,canal,Unnamed Waterway,0,0
1190841388,canal,Unnamed Waterway,0,0
1190841389,canal,Unnamed Waterway,0,0
1190841390,canal,Unnamed Waterway,0,0
1191365379,stream,Unnamed Waterway,0,0
1191459203,canal,Unnamed Waterway,0,0
1191459204,canal,Unnamed Waterway,0,0
1191459205,canal,Unnamed Waterway,0,0
1191464490,canal,Unnamed Waterway,0,0
1191464491,canal,Unnamed Waterway,0,0
1191464492,canal,Unnamed Waterway,0,0
1191464493,canal,Unnamed Waterway,0,0
1191464494,canal,Unnamed Waterway,0,0
1191468949,canal,Unnamed Waterway,0,0
1191468950,canal,Unnamed Waterway,0,0
1191468951,canal,Unnamed Waterway,0,0
1191468952,canal,Unnamed Waterway,0,0
1191468953,canal,Unnamed Waterway,0,0
1191468954,canal,Unnamed Waterway,0,0
1191468955,canal,Unnamed Waterway,0,0
1191585186,canal,Unnamed Waterway,0,0
1191585187,canal,Unnamed Waterway,0,0
1191585188,canal,Unnamed Waterway,0,0
1191585189,canal,Unnamed Waterway,0,0
1191680957,canal,Unnamed Waterway,0,0
1191680958,canal,Unnamed Waterway,0,0
1192520491,stream,Unnamed Waterway,0,0
1192855907,canal,Unnamed Waterway,0,0
1192855908,canal,Unnamed Waterway,0,0
1192855909,canal,Unnamed Waterway,0,0
1192855910,canal,Unnamed Waterway,0,0
1192855911,canal,Unnamed Waterway,0,0
1192855912,canal,Unnamed Waterway,0,0
1192855913,canal,Unnamed Waterway,0,0
1192855915,canal,Unnamed Waterway,0,0
1192855916,canal,Unnamed Waterway,0,0
1192855917,canal,Unnamed Waterway,0,0
1192855918,canal,Unnamed Waterway,0,0
1194629114,canal,Unnamed Waterway,0,0
1194847214,canal,Unnamed Waterway,0,0
1194847215,canal,Unnamed Waterway,0,0
1195055429,river,Unnamed Waterway,0,0
1195055430,river,Unnamed Waterway,0,0
1195402676,river,Unnamed Waterway,0,0
1195404013,canal,R-1,0,0
1195404014,canal,R-1,0,0
1196060641,canal,Unnamed Waterway,0,0
1196060642,canal,Unnamed Waterway,0,0
1196082253,canal,Unnamed Waterway,0,0
1196082254,canal,Unnamed Waterway,0,0
1196082263,canal,Unnamed Waterway,0,0
1196082264,canal,Unnamed Waterway,0,0
1196082265,canal,Unnamed Waterway,0,0
1196082266,canal,Unnamed Waterway,0,0
1196172708,canal,Unnamed Waterway,0,0
1196172858,canal,Unnamed Waterway,0,0
1196185649,canal,Unnamed Waterway,0,0
1196185650,canal,Unnamed Waterway,0,0
1198245346,stream,Unnamed Waterway,0,0
1198300238,stream,Unnamed Waterway,0,0
1198320789,stream,Unnamed Waterway,0,0
1198320790,stream,Unnamed Waterway,0,0
1199620887,canal,Unnamed Waterway,0,0
1199620888,canal,Unnamed Waterway,0,0
1199620889,canal,Unnamed Waterway,0,0
1199620890,canal,Unnamed Waterway,0,0
1199620891,canal,Unnamed Waterway,0,0
1199620892,canal,Unnamed Waterway,0,0
1199620893,canal,Unnamed Waterway,0,0
1199620894,canal,Unnamed Waterway,0,0
1199620895,canal,Unnamed Waterway,0,0
1199620896,canal,Unnamed Waterway,0,0
1199620897,canal,Unnamed Waterway,0,0
1200768850,canal,Unnamed Waterway,0,0
1200768858,canal,Unnamed Waterway,0,0
1200768859,canal,Unnamed Waterway,0,0
1200768860,canal,Unnamed Waterway,0,0
1200818506,canal,Unnamed Waterway,0,0
1200818507,canal,Unnamed Waterway,0,0
1200818508,canal,Unnamed Waterway,0,0
1200818526,canal,Unnamed Waterway,0,0
1200818527,canal,Unnamed Waterway,0,0
1200818528,canal,Unnamed Waterway,0,0
1200818529,canal,Unnamed Waterway,0,0
1200818530,canal,Unnamed Waterway,0,0
1200818531,canal,Unnamed Waterway,0,0
1200818535,canal,Unnamed Waterway,0,0
1200818536,canal,Unnamed Waterway,0,0
1200862745,stream,Unnamed Waterway,0,0
1201034068,canal,Unnamed Waterway,0,0
1201353930,canal,Unnamed Waterway,0,0
1201353936,canal,Unnamed Waterway,0,0
1201353947,canal,Unnamed Waterway,0,0
1201353948,canal,Unnamed Waterway,0,0
1201353951,canal,Unnamed Waterway,0,0
1201353952,canal,Unnamed Waterway,0,0
1201353956,canal,Unnamed Waterway,0,0
1201353957,canal,Unnamed Waterway,0,0
1201353958,canal,Unnamed Waterway,0,0
1201353959,canal,Unnamed Waterway,0,0
1201353960,canal,Unnamed Waterway,0,0
1201353961,canal,Unnamed Waterway,0,0
1201353962,canal,Unnamed Waterway,0,0
1201353963,canal,Unnamed Waterway,0,0
1201407823,canal,Sharakpur Distributary,0,0
1201407824,canal,Sharakpur Distributary,0,0
1203292767,canal,Unnamed Waterway,0,0
1203293519,canal,Unnamed Waterway,0,0
1203293520,canal,Unnamed Waterway,0,0
1203293521,canal,Unnamed Waterway,0,0
1203293522,canal,Unnamed Waterway,0,0
1203293523,canal,Unnamed Waterway,0,0
1203293524,canal,Unnamed Waterway,0,0
1204151934,canal,سني گوني,0,0
1204192843,stream,Khaliq Dino Shah Watercourse,0,0
1204192846,stream,Khaliq Dino Shah Watercourse,0,0
1204192847,stream,Khaliq Dino Shah Watercourse,0,0
1204193158,stream,Khaliq Dino Shah Watercourse,0,0
1204193159,stream,Khaliq Dino Shah Watercourse,0,0
1204236813,stream,Khaliq Dino Shah Watercourse,0,0
1204259246,stream,Khaliq Dino Shah Watercourse,0,0
1204259247,stream,Khaliq Dino Shah Watercourse,0,0
1204259251,stream,Khaliq Dino Shah Watercourse,0,0
1204259252,stream,Khaliq Dino Shah Watercourse,0,0
1204305763,canal,Sunny Gunni,0,0
1204305765,canal,Sunny Gunni,0,0
1204305766,canal,Sunny Gunni,0,0
1204305793,canal,Sunny Gunni,0,0
1204305794,canal,Sunny Gunni,0,0
1204305795,canal,Sunny Gunni,0,0
1204364776,stream,Karyo Rab Dino Shah,0,0
1204364777,stream,Karyo Rab Dino Shah,0,0
1204364778,stream,Karyo Rab Dino Shah,0,0
1204366957,stream,Karyo Sultan Shah,0,0
1204366958,stream,Karyo Rab Dino Shah,0,0
1204366959,stream,Karyo Aijaz Shah,0,0
1204366960,stream,Karyo Mumtaz Shah,0,0
1204370428,stream,KDS Watercourse,0,0
1204404926,stream,Khaliq Dino Shah Watercourse,0,0
1204404927,stream,Khaliq Dino Shah Watercourse,0,0
1204404928,stream,Khaliq Dino Shah Watercourse,0,0
1204404929,stream,Khaliq Dino Shah Watercourse,0,0
1204404930,stream,Khaliq Dino Shah Watercourse,0,0
1204404931,stream,Khaliq Dino Shah Watercourse,0,0
1204404932,stream,Khaliq Dino Shah Watercourse,0,0
1204404933,stream,Khaliq Dino Shah Watercourse,0,0
1204404934,stream,Khaliq Dino Shah Watercourse,0,0
1204404935,stream,Khaliq Dino Shah Watercourse,0,0
1204404936,stream,Khaliq Dino Shah Watercourse,0,0
1204404937,stream,Khaliq Dino Shah Watercourse,0,0
1204509272,stream,Zain-Ul-Abdeen Shah Watercourse,0,0
1204509273,stream,Zain-Ul-Abdeen Shah Watercourse,0,0
1204509274,stream,Zain-Ul-Abdeen Shah Watercourse,0,0
1204509275,stream,Zain-Ul-Abdeen Shah Watercourse,0,0
1204509276,stream,Zain-Ul-Abdeen Shah Watercourse,0,0
1204509277,stream,Zain-Ul-Abdeen Shah Watercourse,0,0
1204509278,stream,Zain-Ul-Abdeen Shah Watercourse,0,0
1204509279,stream,Zain-Ul-Abdeen Shah Watercourse,0,0
1204509280,stream,Zain-Ul-Abdeen Shah Watercourse,0,0
1204509281,stream,Zain-Ul-Abdeen Shah Watercourse,0,0
1204509282,stream,Zain-Ul-Abdeen Shah Watercourse,0,0
1204509283,stream,Zain-Ul-Abdeen Shah Watercourse,0,0
1204509284,stream,Zain-Ul-Abdeen Shah Watercourse,0,0
1204980208,canal,Unnamed Waterway,0,0
1205084529,canal,Unnamed Waterway,0,0
1205086363,canal,Unnamed Waterway,0,0
1205086364,canal,Unnamed Waterway,0,0
1205086365,canal,Unnamed Waterway,0,0
1205086366,canal,Unnamed Waterway,0,0
1205086367,canal,Unnamed Waterway,0,0
1205086370,canal,Unnamed Waterway,0,0
1205086378,canal,Unnamed Waterway,0,0
1205086379,canal,Unnamed Waterway,0,0
1205086388,canal,Unnamed Waterway,0,0
1205086389,canal,Unnamed Waterway,0,0
1205129134,stream,minor,0,0
1205129136,stream,Deedar warp karyo,0,0
1205129137,stream,Deedar warp karyo,0,0
1205129138,stream,Deedar warp karyo,0,0
1205129139,stream,Cabin Warp karyo,0,0
1205129140,stream,Cabin Warp karyo,0,0
1205129141,stream,Cabin Warp karyo,0,0
1205129142,stream,Shah Wah,0,0
1205129143,stream,Shah Wah,0,0
1205129144,stream,Shah Wah,0,0
1205129145,stream,Shah Wah,0,0
1205129146,stream,Shah Wah,0,0
1205129147,stream,Shah Wah,0,0
1205129148,stream,Shah Wah,0,0
1205129149,stream,Shah Wah,0,0
1205129150,stream,Shah Wah,0,0
1205129151,stream,Shah Wah,0,0
1205129152,stream,Shah Wah,0,0
1205129153,stream,Shah Wah,0,0
1205129154,stream,Shah Wah,0,0
1205129155,stream,Karyo Rab Dino Shah,0,0
1205129156,stream,Karyo Rab Dino Shah,0,0
1205129157,stream,Karyo Muhammad Ali Shah,0,0
1205132411,stream,Karyo Muhammad Ali Shah,0,0
1205132412,stream,Karyo Muhammad Ali Shah,0,0
1205298312,canal,Unnamed Waterway,0,0
1205298313,canal,Unnamed Waterway,0,0
1205400170,canal,Raj wah,0,0
1205400181,canal,Raj wah,0,0
1205400182,canal,Raj wah,0,0
1205400185,canal,Raj wah,0,0
1205400186,canal,Raj wah,0,0
1206771155,stream,Raj Wah,0,0
1206793108,stream,Unnamed Waterway,0,0
1206858829,river,Unnamed Waterway,0,0
1206866665,canal,Unnamed Waterway,0,0
1206866666,canal,Unnamed Waterway,0,0
1206942424,stream,Unnamed Waterway,0,0
1207709998,canal,Unnamed Waterway,0,0
1208689885,river,Unnamed Waterway,0,0
1208706933,river,Unnamed Waterway,0,0
1209333010,canal,Unnamed Waterway,0,0
1209333011,canal,Unnamed Waterway,0,0
1209533704,stream,Unnamed Waterway,0,0
1209533705,stream,Unnamed Waterway,0,0
1209533706,stream,Unnamed Waterway,0,0
1209533707,stream,Unnamed Waterway,0,0
1209533708,stream,Unnamed Waterway,0,0
1210893790,canal,Unnamed Waterway,0,0
1211969517,canal,Unnamed Waterway,0,0
1211969525,canal,Unnamed Waterway,0,0
1211969526,canal,Unnamed Waterway,0,0
1211969527,canal,Unnamed Waterway,0,0
1211969528,canal,Unnamed Waterway,0,0
1211969534,canal,Unnamed Waterway,0,0
1211969539,canal,Unnamed Waterway,0,0
1211969542,canal,Unnamed Waterway,0,0
1212201020,canal,Lundi Distributary,0,0
1213173655,canal,Jam Distributary,0,0
1213179207,canal,Unnamed Waterway,0,0
1213179214,river,روہڑی نہر,0,0
1213179215,canal,Fazal Minor,0,0
1214559873,stream,Unnamed Waterway,0,0
1214559874,stream,Unnamed Waterway,0,0
1214559875,stream,Unnamed Waterway,0,0
1214559876,stream,Unnamed Waterway,0,0
1214559877,stream,Unnamed Waterway,0,0
1215564979,river,Jalandar Shela,0,0
1215591381,stream,Unnamed Waterway,0,0
1215591382,stream,Unnamed Waterway,0,0
1215594665,stream,Unnamed Waterway,0,0
1215598856,stream,Khawna Darra,0,0
1215598857,stream,Unnamed Waterway,0,0
1215598858,stream,Unnamed Waterway,0,0
1215598859,stream,Unnamed Waterway,0,0
1215598860,stream,Unnamed Waterway,0,0
1215598861,stream,Unnamed Waterway,0,0
1215598863,stream,Unnamed Waterway,0,0
1215598864,stream,Unnamed Waterway,0,0
1215598865,stream,Unnamed Waterway,0,0
1215598866,stream,Unnamed Waterway,0,0
1215703724,stream,Unnamed Waterway,0,0
1215703725,stream,Unnamed Waterway,0,0
1215703726,canal,Unnamed Waterway,0,0
1215703727,canal,Unnamed Waterway,0,0
1215703728,canal,Unnamed Waterway,0,0
1215703729,canal,Unnamed Waterway,0,0
1215993974,stream,Unnamed Waterway,0,0
1215993975,stream,Unnamed Waterway,0,0
1215993980,canal,Unnamed Waterway,0,0
1215993981,canal,Unnamed Waterway,0,0
1215993982,canal,Unnamed Waterway,0,0
1215993983,canal,Unnamed Waterway,0,0
1215993984,canal,Unnamed Waterway,0,0
1215993985,canal,Unnamed Waterway,0,0
1215993986,canal,Unnamed Waterway,0,0
1215993987,canal,Unnamed Waterway,0,0
1215993988,canal,Unnamed Waterway,0,0
1215993994,river,Unnamed Waterway,0,0
1215993997,stream,Unnamed Waterway,0,0
1215993998,stream,Unnamed Waterway,0,0
1216011263,river,Unnamed Waterway,0,0
1216011264,river,Unnamed Waterway,0,0
1216611050,canal,Unnamed Waterway,0,0
1216611061,canal,Unnamed Waterway,0,0
1216611062,canal,Unnamed Waterway,0,0
1216830479,canal,Rukan Minor,0,0
1216830480,canal,Rukan Minor,0,0
1216992527,canal,Unnamed Waterway,0,0
1217564079,canal,Unnamed Waterway,0,0
1217564080,canal,Unnamed Waterway,0,0
1217564571,stream,Unnamed Waterway,0,0
1217564573,canal,Unnamed Waterway,0,0
1217625080,stream,Unnamed Waterway,0,0
1217625088,stream,Unnamed Waterway,0,0
1217625089,stream,Unnamed Waterway,0,0
1217625090,stream,Unnamed Waterway,0,0
1217625093,stream,Unnamed Waterway,0,0
1217625958,canal,Unnamed Waterway,0,0
1217625959,canal,Unnamed Waterway,0,0
1217625960,canal,Unnamed Waterway,0,0
1217625961,canal,Unnamed Waterway,0,0
1218377377,canal,Unnamed Waterway,0,0
1218377378,canal,Unnamed Waterway,0,0
1218377379,canal,Unnamed Waterway,0,0
1218377380,canal,Unnamed Waterway,0,0
1218377381,canal,Unnamed Waterway,0,0
1218377383,canal,Unnamed Waterway,0,0
1218377392,canal,Unnamed Waterway,0,0
1218377393,canal,Unnamed Waterway,0,0
1218377394,canal,Unnamed Waterway,0,0
1218377395,canal,Unnamed Waterway,0,0
1218377397,canal,Unnamed Waterway,0,0
1218508241,canal,Unnamed Waterway,0,0
1218508242,canal,Unnamed Waterway,0,0
1218768186,canal,Unnamed Waterway,0,0
1218768187,canal,Unnamed Waterway,0,0
1218768188,canal,Unnamed Waterway,0,0
1218768189,canal,Unnamed Waterway,0,0
1218768190,canal,Unnamed Waterway,0,0
1218768191,canal,Unnamed Waterway,0,0
1218768192,canal,Unnamed Waterway,0,0
1218817473,river,Hunza River,0,0
1218822372,canal,Unnamed Waterway,0,0
1218822373,canal,Unnamed Waterway,0,0
1218822374,canal,Unnamed Waterway,0,0
1219030766,canal,Unnamed Waterway,0,0
1219030767,canal,Unnamed Waterway,0,0
1219030768,canal,Unnamed Waterway,0,0
1219030769,canal,Unnamed Waterway,0,0
1219066291,canal,Unnamed Waterway,0,0
1219066292,canal,Unnamed Waterway,0,0
1219697050,canal,Unnamed Waterway,0,0
1219697063,canal,Unnamed Waterway,0,0
1219697064,canal,Unnamed Waterway,0,0
1219738466,canal,Unnamed Waterway,0,0
1219738473,canal,Unnamed Waterway,0,0
1219738474,canal,Unnamed Waterway,0,0
1219738483,canal,Unnamed Waterway,0,0
1219738494,canal,Unnamed Waterway,0,0
1219738499,canal,Unnamed Waterway,0,0
1219738506,canal,Unnamed Waterway,0,0
1219738507,canal,Unnamed Waterway,0,0
1219738508,canal,Unnamed Waterway,0,0
1219738521,canal,Unnamed Waterway,0,0
1219738522,canal,Unnamed Waterway,0,0
1219738523,canal,Unnamed Waterway,0,0
1219738533,canal,Unnamed Waterway,0,0
1219742116,canal,Unnamed Waterway,0,0
1220026805,canal,Unnamed Waterway,0,0
1220026806,canal,Unnamed Waterway,0,0
1220031361,canal,Unnamed Waterway,0,0
1220031362,canal,Unnamed Waterway,0,0
1220050501,canal,Unnamed Waterway,0,0
1220050502,canal,Unnamed Waterway,0,0
1220077487,canal,Unnamed Waterway,0,0
1220077488,canal,Unnamed Waterway,0,0
1220077489,stream,Unnamed Waterway,0,0
1220077490,stream,Unnamed Waterway,0,0
1221357446,stream,Unnamed Waterway,0,0
1221357447,stream,Unnamed Waterway,0,0
1221357448,stream,Unnamed Waterway,0,0
1222633138,river,Unnamed Waterway,0,0
1223379915,canal,Unnamed Waterway,0,0
1223379920,canal,Unnamed Waterway,0,0
1223379936,canal,Unnamed Waterway,0,0
1223381990,canal,Unnamed Waterway,0,0
1223381993,river,Unnamed Waterway,0,0
1223381994,river,Unnamed Waterway,0,0
1223384391,canal,Unnamed Waterway,0,0
1223384398,river,Unnamed Waterway,0,0
1223384399,river,Unnamed Waterway,0,0
1223384410,canal,Unnamed Waterway,0,0
1223384411,canal,Unnamed Waterway,0,0
1223384416,canal,Unnamed Waterway,0,0
1223384423,canal,Unnamed Waterway,0,0
1223384431,canal,Unnamed Waterway,0,0
1223384440,canal,Unnamed Waterway,0,0
1223384442,canal,Unnamed Waterway,0,0
1223385308,river,Sadiq Branch,0,0
1223385309,canal,Unnamed Waterway,0,0
1223385310,river,Unnamed Waterway,0,0
1223387430,canal,Unnamed Waterway,0,0
1223387434,canal,Unnamed Waterway,0,0
1223387438,canal,Unnamed Waterway,0,0
1223387439,canal,Unnamed Waterway,0,0
1223387455,canal,Unnamed Waterway,0,0
1223387460,canal,Unnamed Waterway,0,0
1223388251,canal,Unnamed Waterway,0,0
1223388252,canal,Unnamed Waterway,0,0
1223388253,canal,Unnamed Waterway,0,0
1223803302,stream,Unnamed Waterway,0,0
1223803303,stream,Unnamed Waterway,0,0
1225151045,stream,Unnamed Waterway,0,0
1225151046,stream,Unnamed Waterway,0,0
1225151047,stream,Unnamed Waterway,0,0
1225190254,stream,مستورہ,0,0
1225190255,stream,الگاڈ,0,0
1225190256,stream,مستورہ,0,0
1225190257,stream,مستورہ,0,0
1225198829,stream,Unnamed Waterway,0,0
1225201386,stream,Unnamed Waterway,0,0
1225202774,stream,Unnamed Waterway,0,0
1225202776,stream,Unnamed Waterway,0,0
1225202778,river,Unnamed Waterway,0,0
1225745102,river,Dawara,0,0
1225745103,river,Dawara,0,0
1229119170,river,Konai River,0,0
1229119171,stream,Unnamed Waterway,0,0
1229119172,stream,Unnamed Waterway,0,0
1231257288,stream,Unnamed Waterway,0,0
1231257289,river,Unnamed Waterway,0,0
1231257290,stream,Unnamed Waterway,0,0
1231257291,stream,Unnamed Waterway,0,0
1231257292,stream,Unnamed Waterway,0,0
1231257293,stream,Unnamed Waterway,0,0
1231257296,stream,Unnamed Waterway,0,0
1231257297,stream,Unnamed Waterway,0,0
1231257299,stream,Unnamed Waterway,0,0
1231257301,stream,Unnamed Waterway,0,0
1231257303,river,Unnamed Waterway,0,0
1231257304,stream,Unnamed Waterway,0,0
1231257306,stream,Unnamed Waterway,0,0
1231257309,stream,Unnamed Waterway,0,0
1231257310,stream,Unnamed Waterway,0,0
1231257311,stream,Unnamed Waterway,0,0
1231259332,stream,Unnamed Waterway,0,0
1231259334,stream,Unnamed Waterway,0,0
1231260801,stream,Unnamed Waterway,0,0
1231260803,stream,Unnamed Waterway,0,0
1231317276,river,Unnamed Waterway,0,0
1231317277,river,Unnamed Waterway,0,0
1231317279,stream,Unnamed Waterway,0,0
1231318524,stream,Unnamed Waterway,0,0
1231318525,stream,Unnamed Waterway,0,0
1231320800,stream,Unnamed Waterway,0,0
1231322419,river,Unnamed Waterway,0,0
1231876007,river,Unnamed Waterway,0,0
1231876008,river,Unnamed Waterway,0,0
1232396743,stream,Unnamed Waterway,0,0
1232396874,stream,Unnamed Waterway,0,0
1232629487,stream,Unnamed Waterway,0,0
1232632017,stream,Unnamed Waterway,0,0
1232632018,stream,Unnamed Waterway,0,0
1232632020,stream,Unnamed Waterway,0,0
1232632021,stream,Unnamed Waterway,0,0
1232638021,stream,Unnamed Waterway,0,0
1232638022,stream,Unnamed Waterway,0,0
1232638024,stream,Unnamed Waterway,0,0
1232640058,stream,Unnamed Waterway,0,0
1232640059,stream,Unnamed Waterway,0,0
1232647164,river,Unnamed Waterway,0,0
1232857504,river,Unnamed Waterway,0,0
1232857505,river,Unnamed Waterway,0,0
1232857538,river,Unnamed Waterway,0,0
1232876989,river,Unnamed Waterway,0,0
1233043083,river,Unnamed Waterway,0,0
1233307904,canal,قنات,0,0
1233307905,canal,قنات,0,0
1233307906,canal,قنات,0,0
1233307907,canal,قنات,0,0
1233307908,canal,قنات,0,0
1233307909,canal,قنات,0,0
1233307910,canal,قنات,0,0
1233307911,canal,قنات,0,0
1233307912,canal,قنات,0,0
1233307913,canal,قنات,0,0
1233307914,canal,قنات,0,0
1233307915,canal,قنات,0,0
1233307916,canal,قنات,0,0
1233307917,canal,قنات,0,0
1233307918,canal,قنات,0,0
1233307919,canal,قنات,0,0
1233307920,canal,قنات,0,0
1233307921,canal,قنات,0,0
1233307922,canal,قنات,0,0
1233307923,canal,قنات,0,0
1233307924,canal,قنات,0,0
1233307925,canal,قنات,0,0
1233307926,canal,قنات,0,0
1233307927,canal,قنات,0,0
1233307928,canal,قنات,0,0
1233307929,canal,قنات,0,0
1233307930,canal,قنات,0,0
1233307931,canal,قنات,0,0
1233307932,canal,قنات,0,0
1233307933,canal,قنات,0,0
1233307934,canal,قنات,0,0
1233307935,canal,قنات,0,0
1233307936,canal,قنات,0,0
1233307937,canal,قنات,0,0
1233307938,canal,قنات,0,0
1233307939,canal,قنات,0,0
1233307940,canal,قنات,0,0
1233307941,canal,قنات,0,0
1233307942,canal,قنات,0,0
1233307943,canal,قنات,0,0
1233307944,canal,قنات,0,0
1233307945,canal,قنات,0,0
1233307946,canal,قنات,0,0
1233307947,canal,قنات,0,0
1233307948,canal,قنات,0,0
1233307949,canal,قنات,0,0
1233307950,canal,قنات,0,0
1233307951,canal,قنات,0,0
1233307952,canal,قنات,0,0
1233307953,canal,قنات,0,0
1233307954,canal,قنات,0,0
1233307955,canal,قنات,0,0
1233307956,canal,قنات,0,0
1233307957,canal,قنات,0,0
1233307958,canal,قنات,0,0
1233307959,canal,قنات,0,0
1233307960,canal,قنات,0,0
1233307961,canal,قنات,0,0
1233307962,canal,قنات,0,0
1233348617,canal,قنات,0,0
1233348618,canal,قنات,0,0
1233348619,canal,قنات,0,0
1233348620,canal,قنات,0,0
1233348621,canal,قنات,0,0
1233348622,canal,قنات,0,0
1233348623,canal,قنات,0,0
1233348624,canal,قنات,0,0
1233348625,canal,قنات,0,0
1233348626,canal,قنات,0,0
1233348627,canal,قنات,0,0
1233348628,canal,قنات,0,0
1233348629,canal,قنات,0,0
1233348630,canal,قنات,0,0
1233348631,canal,قنات,0,0
1233361598,canal,قنات,0,0
1233361599,canal,قنات,0,0
1233361600,canal,قنات,0,0
1233361601,canal,قنات,0,0
1233361602,canal,قنات,0,0
1233361603,canal,قنات,0,0
1233361604,canal,قنات,0,0
1233361605,canal,قنات,0,0
1233361606,canal,قنات,0,0
1233361607,canal,قنات,0,0
1233361608,canal,قنات,0,0
1233361609,canal,قنات,0,0
1233361610,canal,قنات,0,0
1233361611,canal,قنات,0,0
1233361612,canal,قنات,0,0
1233361613,canal,قنات,0,0
1233361614,canal,قنات,0,0
1233361615,canal,قنات,0,0
1233361616,canal,قنات,0,0
1233361617,canal,قنات,0,0
1233361618,canal,قنات,0,0
1233361619,canal,قنات,0,0
1233361620,canal,قنات,0,0
1233361621,canal,قنات,0,0
1233361622,canal,قنات,0,0
1233361623,canal,قنات,0,0
1233361624,canal,قنات,0,0
1233361625,canal,قنات,0,0
1233361626,canal,قنات,0,0
1233361627,canal,قنات,0,0
1233361628,canal,قنات,0,0
1233361629,canal,قنات,0,0
1233361630,canal,قنات,0,0
1233361631,canal,قنات,0,0
1233361632,canal,قنات,0,0
1233361633,canal,قنات,0,0
1233361634,canal,قنات,0,0
1233361635,canal,قنات,0,0
1233361636,canal,قنات,0,0
1233361637,canal,قنات,0,0
1233361638,canal,قنات,0,0
1233361639,canal,قنات,0,0
1233372097,canal,قنات,0,0
1233372098,canal,قنات,0,0
1233372099,canal,قنات,0,0
1233372100,canal,قنات,0,0
1233372101,canal,قنات,0,0
1233372102,canal,قنات,0,0
1233372103,canal,قنات,0,0
1233372104,canal,قنات,0,0
1233372105,canal,قنات,0,0
1233372106,canal,قنات,0,0
1233372107,canal,قنات,0,0
1233372108,canal,قنات,0,0
1233372109,canal,قنات,0,0
1233372110,canal,قنات,0,0
1233372111,canal,قنات,0,0
1233372112,canal,قنات,0,0
1233372113,canal,قنات,0,0
1233512031,canal,قنات,0,0
1233512164,canal,قنات,0,0
1233512165,canal,قنات,0,0
1233514555,canal,قنات,0,0
1233514556,canal,قنات,0,0
1233514557,canal,قنات,0,0
1233514558,canal,قنات,0,0
1233514559,canal,قنات,0,0
1233514560,canal,قنات,0,0
1233514561,canal,قنات,0,0
1233514562,canal,قنات,0,0
1233514563,canal,قنات,0,0
1233514564,canal,قنات,0,0
1233514565,canal,قنات,0,0
1233514566,canal,قنات,0,0
1233514567,canal,قنات,0,0
1233514568,canal,قنات,0,0
1233514569,canal,قنات,0,0
1233514570,canal,قنات,0,0
1233514571,canal,قنات,0,0
1233514572,canal,قنات,0,0
1233514573,canal,قنات,0,0
1233514574,canal,قنات,0,0
1233514575,canal,قنات,0,0
1233514576,canal,قنات,0,0
1233514577,canal,قنات,0,0
1233514578,canal,قنات,0,0
1233514579,canal,قنات,0,0
1233514580,canal,قنات,0,0
1233514581,canal,قنات,0,0
1233514582,canal,قنات,0,0
1233514583,canal,قنات,0,0
1233519625,canal,قنات,0,0
1233519626,canal,قنات,0,0
1233519627,canal,قنات,0,0
1233519628,canal,قنات,0,0
1233519629,canal,قنات,0,0
1233519630,canal,قنات,0,0
1233519631,canal,قنات,0,0
1233519632,canal,قنات,0,0
1233519633,canal,قنات,0,0
1233519634,canal,قنات,0,0
1233519635,canal,قنات,0,0
1233519636,canal,قنات,0,0
1233519637,canal,قنات,0,0
1233519638,canal,قنات,0,0
1233519639,canal,قنات,0,0
1233519640,canal,قنات,0,0
1233519641,canal,قنات,0,0
1233519642,canal,قنات,0,0
1233519643,canal,قنات,0,0
1233519644,canal,قنات,0,0
1233519645,canal,قنات,0,0
1233519646,canal,قنات,0,0
1233519647,canal,قنات,0,0
1233519648,canal,قنات,0,0
1233519649,canal,قنات,0,0
1233519650,canal,قنات,0,0
1233519651,canal,قنات,0,0
1233519652,canal,قنات,0,0
1233519653,canal,قنات,0,0
1233519654,canal,قنات,0,0
1233519655,canal,قنات,0,0
1233519656,canal,قنات,0,0
1233519657,canal,قنات,0,0
1233519658,canal,قنات,0,0
1233519659,canal,قنات,0,0
1233519660,canal,قنات,0,0
1233519661,canal,قنات,0,0
1233519662,canal,قنات,0,0
1233519663,canal,قنات,0,0
1233519664,canal,قنات,0,0
1233519665,canal,قنات,0,0
1233567768,canal,قنات,0,0
1233567769,canal,قنات,0,0
1233567770,canal,قنات,0,0
1233567771,canal,قنات,0,0
1233567774,canal,قنات,0,0
1233570333,canal,قنات,0,0
1233570334,canal,قنات,0,0
1233570335,canal,قنات,0,0
1233570336,canal,قنات,0,0
1233570337,canal,قنات,0,0
1233570338,canal,قنات,0,0
1233570339,canal,قنات,0,0
1233570340,canal,قنات,0,0
1233570341,canal,قنات,0,0
1233570342,canal,قنات,0,0
1233570343,canal,قنات,0,0
1233570345,canal,قنات,0,0
1233570346,canal,قنات,0,0
1233570347,canal,قنات,0,0
1233570348,canal,قنات,0,0
1233570349,canal,قنات,0,0
1233570350,canal,قنات,0,0
1233570351,canal,قنات,0,0
1233570352,canal,قنات,0,0
1233571856,canal,قنات,0,0
1233571857,canal,قنات,0,0
1233571858,canal,قنات,0,0
1233571859,canal,قنات,0,0
1233609599,canal,قنات,0,0
1233609600,canal,قنات,0,0
1233609601,canal,قنات,0,0
1233609602,canal,قنات,0,0
1233609603,canal,قنات,0,0
1233609604,canal,قنات,0,0
1233609605,canal,قنات,0,0
1233609606,canal,قنات,0,0
1233609607,canal,قنات,0,0
1233609608,canal,قنات,0,0
1233609609,canal,قنات,0,0
1233609610,canal,قنات,0,0
1233609611,canal,قنات,0,0
1233609612,canal,قنات,0,0
1233609613,canal,قنات,0,0
1233609614,canal,قنات,0,0
1233609615,canal,قنات,0,0
1233609616,canal,قنات,0,0
1233609617,canal,قنات,0,0
1233609618,canal,قنات,0,0
1233609619,canal,قنات,0,0
1233609620,canal,قنات,0,0
1233609621,canal,قنات,0,0
1233609622,canal,قنات,0,0
1233609623,canal,قنات,0,0
1233609624,canal,قنات,0,0
1233609625,canal,قنات,0,0
1233609626,canal,قنات,0,0
1233609627,canal,قنات,0,0
1233609628,canal,قنات,0,0
1233609629,canal,قنات,0,0
1233609630,canal,قنات,0,0
1233609631,canal,قنات,0,0
1233609632,canal,قنات,0,0
1233609633,canal,قنات,0,0
1233609634,canal,قنات,0,0
1233609635,canal,قنات,0,0
1233609636,canal,قنات,0,0
1233609637,canal,قنات,0,0
1233609638,canal,قنات,0,0
1233609639,canal,قنات,0,0
1233609640,canal,قنات,0,0
1233609641,canal,قنات,0,0
1233609642,canal,قنات,0,0
1233609643,canal,قنات,0,0
1233609644,canal,قنات,0,0
1233609645,canal,قنات,0,0
1233609646,canal,قنات,0,0
1233609647,canal,قنات,0,0
1233612861,canal,قنات,0,0
1233612862,canal,قنات,0,0
1233612863,canal,قنات,0,0
1233612864,canal,قنات,0,0
1233612865,canal,قنات,0,0
1233612866,canal,قنات,0,0
1233612867,canal,قنات,0,0
1233612868,canal,قنات,0,0
1233612869,canal,قنات,0,0
1233612870,canal,قنات,0,0
1233612871,canal,قنات,0,0
1233612872,canal,قنات,0,0
1233612873,canal,قنات,0,0
1233612874,canal,قنات,0,0
1233612875,canal,قنات,0,0
1233612876,canal,قنات,0,0
1233612877,canal,قنات,0,0
1233612878,canal,قنات,0,0
1233612879,canal,قنات,0,0
1233612880,canal,قنات,0,0
1233612881,canal,قنات,0,0
1233612882,canal,قنات,0,0
1233612883,canal,قنات,0,0
1233612884,canal,قنات,0,0
1233612885,canal,قنات,0,0
1233612886,canal,قنات,0,0
1233612887,canal,قنات,0,0
1233612888,canal,قنات,0,0
1233612889,canal,قنات,0,0
1233612890,canal,قنات,0,0
1233612891,canal,قنات,0,0
1233612892,canal,قنات,0,0
1233612893,canal,قنات,0,0
1233612894,canal,قنات,0,0
1233612895,canal,قنات,0,0
1233612896,canal,قنات,0,0
1233612897,canal,قنات,0,0
1233612898,canal,قنات,0,0
1233612899,canal,قنات,0,0
1233612900,canal,قنات,0,0
1233612901,canal,قنات,0,0
1233614337,canal,قنات,0,0
1233614338,canal,قنات,0,0
1233614339,canal,قنات,0,0
1233614340,canal,قنات,0,0
1233614341,canal,قنات,0,0
1233614342,canal,قنات,0,0
1233614343,canal,قنات,0,0
1233614344,canal,قنات,0,0
1233614345,canal,قنات,0,0
1233614346,canal,قنات,0,0
1233614347,canal,قنات,0,0
1233614348,canal,قنات,0,0
1233614349,canal,قنات,0,0
1233614350,canal,قنات,0,0
1233614351,canal,قنات,0,0
1233614352,canal,قنات,0,0
1233614353,canal,قنات,0,0
1233614354,canal,قنات,0,0
1233614355,canal,قنات,0,0
1233614356,canal,قنات,0,0
1233614357,canal,قنات,0,0
1233614358,canal,قنات,0,0
1233614359,canal,قنات,0,0
1233615987,canal,قنات,0,0
1233615988,canal,قنات,0,0
1233615989,canal,قنات,0,0
1233615990,canal,قنات,0,0
1233615991,canal,قنات,0,0
1233615992,canal,قنات,0,0
1233615993,canal,قنات,0,0
1233615994,canal,قنات,0,0
1233615995,canal,قنات,0,0
1233615996,canal,قنات,0,0
1233615997,canal,قنات,0,0
1233615998,canal,قنات,0,0
1233615999,canal,قنات,0,0
1233616000,canal,قنات,0,0
1233616001,canal,قنات,0,0
1233616002,canal,قنات,0,0
1233619006,canal,قنات,0,0
1233619007,canal,قنات,0,0
1233619008,canal,قنات,0,0
1233632892,canal,قنات,0,0
1233632893,canal,قنات,0,0
1233632894,canal,قنات,0,0
1233632895,canal,قنات,0,0
1233633652,canal,قنات,0,0
1233633653,canal,قنات,0,0
1234494129,stream,Unnamed Waterway,0,0
1234523794,river,Unnamed Waterway,0,0
1234551750,canal,Unnamed Waterway,0,0
1234551751,canal,Unnamed Waterway,0,0
1234551752,canal,Unnamed Waterway,0,0
1234552572,canal,Unnamed Waterway,0,0
1234552573,canal,Unnamed Waterway,0,0
1234552575,canal,Unnamed Waterway,0,0
1234552576,canal,Unnamed Waterway,0,0
1234552577,canal,Unnamed Waterway,0,0
1234552578,canal,Unnamed Waterway,0,0
1234552579,canal,Unnamed Waterway,0,0
1234552687,canal,Unnamed Waterway,0,0
1234552688,canal,Unnamed Waterway,0,0
1234568913,stream,Unnamed Waterway,0,0
1234568914,stream,Unnamed Waterway,0,0
1234568915,stream,Unnamed Waterway,0,0
1234568916,stream,Unnamed Waterway,0,0
1234568924,stream,Unnamed Waterway,0,0
1234568925,stream,Unnamed Waterway,0,0
1234568926,stream,Unnamed Waterway,0,0
1234568931,stream,Unnamed Waterway,0,0
1234568932,stream,Unnamed Waterway,0,0
1234568934,stream,Unnamed Waterway,0,0
1234568935,stream,Unnamed Waterway,0,0
1235128687,stream,Unnamed Waterway,0,0
1235128688,stream,Unnamed Waterway,0,0
1235128689,stream,Unnamed Waterway,0,0
1235128690,stream,Unnamed Waterway,0,0
1235128691,stream,Unnamed Waterway,0,0
1235128692,stream,Unnamed Waterway,0,0
1235128693,stream,Unnamed Waterway,0,0
1235128694,stream,Unnamed Waterway,0,0
1235128695,stream,Unnamed Waterway,0,0
1235128696,stream,Unnamed Waterway,0,0
1235128697,stream,Unnamed Waterway,0,0
1235129456,stream,Suj Gah,0,0
1235166150,stream,Unnamed Waterway,0,0
1235166185,stream,Unnamed Waterway,0,0
1236039121,river,Unnamed Waterway,0,0
1236039179,canal,Unnamed Waterway,0,0
1236039180,canal,Unnamed Waterway,0,0
1236267123,stream,Unnamed Waterway,0,0
1236267125,river,Unnamed Waterway,0,0
1236267128,stream,Unnamed Waterway,0,0
1236267129,stream,Unnamed Waterway,0,0
1236267130,stream,Unnamed Waterway,0,0
1236270833,river,Unnamed Waterway,0,0
1236270834,river,Unnamed Waterway,0,0
1238235931,stream,Unnamed Waterway,0,0
1238263077,stream,Unnamed Waterway,0,0
1238263078,stream,Unnamed Waterway,0,0
1238263079,stream,Unnamed Waterway,0,0
1238263080,stream,Unnamed Waterway,0,0
1238263081,river,Unnamed Waterway,0,0
1238263082,stream,Unnamed Waterway,0,0
1238263504,stream,Kilik Jilga,0,0
1238263505,stream,Unnamed Waterway,0,0
1238263506,stream,Unnamed Waterway,0,0
1238263507,stream,Unnamed Waterway,0,0
1238495026,stream,Chamlu Nala,0,0
1238495029,stream,Tashe Nala,0,0
1238495032,stream,Shikar Nala,0,0
1238495578,stream,Nawadro Nala,0,0
1238496537,river,Bulashbar Gah,0,0
1238596842,stream,Unnamed Waterway,0,0
1238596843,stream,Unnamed Waterway,0,0
1238596844,stream,Unnamed Waterway,0,0
1238596845,stream,Unnamed Waterway,0,0
1238596848,canal,Unnamed Waterway,0,0
1238596849,canal,Unnamed Waterway,0,0
1238596887,stream,Unnamed Waterway,0,0
1238596888,stream,Unnamed Waterway,0,0
1238596889,stream,Unnamed Waterway,0,0
1238596890,stream,Unnamed Waterway,0,0
1238717862,stream,Unnamed Waterway,0,0
1238719728,stream,Unnamed Waterway,0,0
1238773951,canal,Unnamed Waterway,0,0
1238773952,canal,Unnamed Waterway,0,0
1238788166,stream,Unnamed Waterway,0,0
1238788168,stream,Unnamed Waterway,0,0
1238788169,stream,Unnamed Waterway,0,0
1238788171,stream,Unnamed Waterway,0,0
1238986936,stream,Unnamed Waterway,0,0
1238986937,stream,Unnamed Waterway,0,0
1238986940,stream,Unnamed Waterway,0,0
1238986941,stream,Unnamed Waterway,0,0
1239337689,stream,Shaino Khwar,0,0
1239762389,canal,Kot Chian Distributary,0,0
1239764345,canal,Aliabad Distributary,0,0
1239813851,canal,Unnamed Waterway,0,0
1239813863,canal,Unnamed Waterway,0,0
1239813865,canal,Unnamed Waterway,0,0
1239813866,canal,Wasawa Minor,0,0
1239813880,canal,Unnamed Waterway,0,0
1240047450,canal,Waghwala Distributary,0,0
1240048199,canal,Nasrana Distributary,0,0
1240048202,canal,Sukheke Distributary,0,0
1240048891,canal,Nauranwala Distributary,0,0
1240051996,canal,Hayat Minor,0,0
1240051997,canal,Manguana Distributary,0,0
1240052003,canal,Jhanda Distributary,0,0
1240052011,canal,Kot Sultan Distributary,0,0
1240059652,canal,Unnamed Waterway,0,0
1240059653,canal,Unnamed Waterway,0,0
1240059655,canal,Unnamed Waterway,0,0
1240059671,canal,Unnamed Waterway,0,0
1240059680,canal,Unnamed Waterway,0,0
1240059681,canal,Unnamed Waterway,0,0
1240059682,canal,Unnamed Waterway,0,0
1240059683,canal,Unnamed Waterway,0,0
1240060551,canal,Sikandri Minor,0,0
1240060556,canal,Kakrani Distributary,0,0
1240060566,river,Unnamed Waterway,0,0
1240060567,canal,Unnamed Waterway,0,0
1240060577,canal,Unnamed Waterway,0,0
1240291270,canal,Kubrika Distributary,0,0
1240346057,river,باری دوآب نہر,0,0
1240346058,river,باری دوآب نہر,0,0
1240346059,canal,Unnamed Waterway,0,0
1240353979,stream,Kadar Khwar,0,0
1240353980,stream,Unnamed Waterway,0,0
1240353981,stream,Unnamed Waterway,0,0
1240353982,stream,Unnamed Waterway,0,0
1240353983,stream,Unnamed Waterway,0,0
1240353984,stream,Unnamed Waterway,0,0
1240353985,stream,Musa Khwar,0,0
1240353988,river,Miandam Khwar,0,0
1240355799,stream,Unnamed Waterway,0,0
1240368558,river,خان خوڑ,0,0
1240368559,stream,Gur Banda Khwar,0,0
1240370001,stream,Konja Khwar,0,0
1240370004,stream,Lodar Khwar,0,0
1240376929,stream,Unnamed Waterway,0,0
1240476949,river,Mashkel,0,0
1240555617,river,Unnamed Waterway,0,0
1240568265,river,Rakhshan,0,0
1240621263,canal,Unnamed Waterway,0,0
1240684197,river,Ushirai Khwar,0,0
1240684198,river,Ushirai Khwar,0,0
1240684199,river,Ushirai Khwar,0,0
1240685132,river,Ushirai Khwar,0,0
1240685134,river,Ushirai Khwar,0,0
1240685135,canal,katan Canal,0,0
1240685138,canal,katan Canal,0,0
1240685142,river,دریائے پنجکوڑہ,0,0
1240685143,river,دریائے پنجکوڑہ,0,0
1240686949,river,Ushirai Khwar,0,0
1240788063,stream,Unnamed Waterway,0,0
1240788064,stream,Unnamed Waterway,0,0
1240844146,canal,Barkand Khwar,0,0
1240844152,stream,Danail Khwar,0,0
1240844153,river,Gorkoye Khwar,0,0
1240844154,stream,Gojar Khwar,0,0
1240844155,stream,Jabai Khwar,0,0
1240844158,stream,Amrait Khwar,0,0
1240844159,stream,Janar Khwar,0,0
1240844160,stream,Ali Gasar Khwar,0,0
1240844166,stream,Unnamed Waterway,0,0
1240844185,stream,Unnamed Waterway,0,0
1240844190,stream,Sadiqa Khwar,0,0
1240885904,stream,Bodi Khwar,0,0
1240885912,stream,Pashtan Khwar,0,0
1240885913,stream,Pashtan Khwar,0,0
1240885914,stream,Pashtan Khwar,0,0
1240885921,stream,Karbadai Khwar,0,0
1240885928,stream,Male Khwar,0,0
1240887497,stream,Loe Khwar,0,0
1240887498,river,کیر خوڑ,0,0
1240887501,stream,Balo Khwar,0,0
1240931626,stream,Unnamed Waterway,0,0
1240931629,stream,Unnamed Waterway,0,0
1240938117,stream,Unnamed Waterway,0,0
1241241767,stream,Unnamed Waterway,0,0
1241241768,stream,Unnamed Waterway,0,0
1241243384,stream,Unnamed Waterway,0,0
1241243385,stream,Unnamed Waterway,0,0
1241243386,stream,Unnamed Waterway,0,0
1241243393,stream,Unnamed Waterway,0,0
1241243401,stream,Unnamed Waterway,0,0
1241243402,stream,Unnamed Waterway,0,0
1241243403,stream,Unnamed Waterway,0,0
1241243404,stream,Unnamed Waterway,0,0
1241245817,stream,Unnamed Waterway,0,0
1241245819,stream,Unnamed Waterway,0,0
1241245820,stream,Unnamed Waterway,0,0
1241245822,stream,Unnamed Waterway,0,0
1241245827,stream,Unnamed Waterway,0,0
1241245828,stream,Unnamed Waterway,0,0
1241245830,stream,Unnamed Waterway,0,0
1241245831,stream,Unnamed Waterway,0,0
1241251085,stream,Unnamed Waterway,0,0
1241251090,stream,Pūran Khwār,0,0
1241251091,stream,Pūran Khwār,0,0
1241251095,stream,Unnamed Waterway,0,0
1241251096,stream,Unnamed Waterway,0,0
1241251099,stream,Unnamed Waterway,0,0
1241251104,stream,Unnamed Waterway,0,0
1241251107,stream,Unnamed Waterway,0,0
1241251108,stream,Unnamed Waterway,0,0
1241251110,stream,Unnamed Waterway,0,0
1241251113,stream,Unnamed Waterway,0,0
1241251115,stream,Unnamed Waterway,0,0
1241251117,stream,Unnamed Waterway,0,0
1241251124,stream,Unnamed Waterway,0,0
1241251132,stream,Unnamed Waterway,0,0
1241251136,stream,Unnamed Waterway,0,0
1241251137,stream,Unnamed Waterway,0,0
1241251138,stream,Unnamed Waterway,0,0
1241251139,stream,Unnamed Waterway,0,0
1241251140,stream,Unnamed Waterway,0,0
1241251141,stream,Unnamed Waterway,0,0
1241281945,river,Gish Kaur,0,0
1241298225,stream,Unnamed Waterway,0,0
1241298226,river,Gish,0,0
1241298227,river,Gish,0,0
1241298228,stream,Gish,0,0
1241298229,river,Gudri,0,0
1241298230,river,دریائے کیچ,0,0
1241298231,river,Gudri,0,0
1241303422,river,Gudri,0,0
1241303423,stream,Gudri,0,0
1241304515,river,Gudri,0,0
1241545306,stream,Unnamed Waterway,0,0
1241545307,stream,Unnamed Waterway,0,0
1241545312,stream,Unnamed Waterway,0,0
1241545322,stream,Unnamed Waterway,0,0
1241545323,stream,Unnamed Waterway,0,0
1241545327,stream,Unnamed Waterway,0,0
1241545337,stream,Unnamed Waterway,0,0
1241545338,stream,Unnamed Waterway,0,0
1241545340,stream,Unnamed Waterway,0,0
1241545344,stream,Unnamed Waterway,0,0
1241545349,stream,Unnamed Waterway,0,0
1241545354,stream,Unnamed Waterway,0,0
1241545356,stream,Unnamed Waterway,0,0
1241746304,stream,Unnamed Waterway,0,0
1241746321,canal,Unnamed Waterway,0,0
1241752640,canal,Unnamed Waterway,0,0
1241752648,canal,Unnamed Waterway,0,0
1241752656,canal,Unnamed Waterway,0,0
1241752659,canal,Unnamed Waterway,0,0
1241752666,stream,Unnamed Waterway,0,0
1241771021,canal,Unnamed Waterway,0,0
1241771023,canal,Unnamed Waterway,0,0
1241771028,river,دریائے ہرو,0,0
1241771029,river,دریائے ہرو,0,0
1241771066,stream,harnoi,0,0
1241779432,stream,Neelum,0,0
1241797698,river,Unnamed Waterway,0,0
1241797699,river,Unnamed Waterway,0,0
1241931989,canal,Shahdara Distributary Canal,0,0
1241931990,canal,Shahdara Distributary Canal,0,0
1241931991,canal,Pakhiala Minor,0,0
1241931992,canal,Pakhiala Minor,0,0
1242104615,stream,Unnamed Waterway,0,0
1242104616,stream,Unnamed Waterway,0,0
1242104617,stream,Unnamed Waterway,0,0
1242104618,stream,Unnamed Waterway,0,0
1242109009,stream,Unnamed Waterway,0,0
1242420186,stream,Unnamed Waterway,0,0
1242420187,stream,Unnamed Waterway,0,0
1242420188,stream,Unnamed Waterway,0,0
1242459807,stream,Neelum,0,0
1242461675,river,Haro River,0,0
1242461676,river,Haro River,0,0
1242685013,river,خان خوڑ,0,0
1242685020,stream,Unnamed Waterway,0,0
1242685025,stream,Unnamed Waterway,0,0
1242685026,stream,Unnamed Waterway,0,0
1242685028,stream,Unnamed Waterway,0,0
1242685095,river,خان خوڑ,0,0
1242685096,river,غوربند خوڑ,0,0
1242685097,river,غوربند خوڑ,0,0
1242685099,river,غوربند خوڑ,0,0
1242685101,river,خان خوڑ,0,0
1242685104,river,خان خوڑ,0,0
1242685105,stream,Unnamed Waterway,0,0
1242685107,stream,Unnamed Waterway,0,0
1242685109,river,غوربند خوڑ,0,0
1242685110,stream,Unnamed Waterway,0,0
1242685111,stream,Unnamed Waterway,0,0
1242685115,stream,Unnamed Waterway,0,0
1242685119,stream,Gur Banda Khwar,0,0
1242685120,stream,Gur Banda Khwar,0,0
1242685121,stream,Gur Banda Khwar,0,0
1242690691,river,خان خوڑ,0,0
1242690693,stream,Gur Banda Khwar,0,0
1242690694,stream,Gur Banda Khwar,0,0
1242690706,stream,Unnamed Waterway,0,0
1242690710,stream,Unnamed Waterway,0,0
1242690713,stream,Unnamed Waterway,0,0
1242690714,stream,Unnamed Waterway,0,0
1242690717,stream,Unnamed Waterway,0,0
1242690742,stream,Unnamed Waterway,0,0
1242690749,stream,Unnamed Waterway,0,0
1242690762,stream,Unnamed Waterway,0,0
1242690764,stream,Gur Banda Khwar,0,0
1242690765,stream,Gur Banda Khwar,0,0
1242690768,stream,Gur Banda Khwar,0,0
1242690787,river,خان خوڑ,0,0
1242693315,stream,Unnamed Waterway,0,0
1242693316,stream,Unnamed Waterway,0,0
1242693317,stream,Unnamed Waterway,0,0
1242693336,stream,Unnamed Waterway,0,0
1242693338,stream,Unnamed Waterway,0,0
1242693339,stream,Unnamed Waterway,0,0
1242693344,stream,Unnamed Waterway,0,0
1242693348,stream,Unnamed Waterway,0,0
1242697883,river,غوربند خوڑ,0,0
1242697884,river,غوربند خوڑ,0,0
1242697914,stream,Unnamed Waterway,0,0
1242704157,stream,Unnamed Waterway,0,0
1242704158,stream,Unnamed Waterway,0,0
1242704159,stream,Unnamed Waterway,0,0
1242704160,stream,Unnamed Waterway,0,0
1242704161,stream,Unnamed Waterway,0,0
1242704164,stream,Unnamed Waterway,0,0
1242704165,stream,Unnamed Waterway,0,0
1242704166,stream,Unnamed Waterway,0,0
1242704167,stream,Unnamed Waterway,0,0
1242704168,stream,Unnamed Waterway,0,0
1242704170,stream,Unnamed Waterway,0,0
1242704171,stream,Unnamed Waterway,0,0
1242704172,stream,Unnamed Waterway,0,0
1242704180,stream,Unnamed Waterway,0,0
1242704184,stream,Unnamed Waterway,0,0
1242704185,stream,Unnamed Waterway,0,0
1242704187,stream,Unnamed Waterway,0,0
1242704189,stream,Unnamed Waterway,0,0
1242704190,stream,Unnamed Waterway,0,0
1242704192,stream,Unnamed Waterway,0,0
1242704193,stream,Unnamed Waterway,0,0
1242704195,stream,Unnamed Waterway,0,0
1242704196,stream,Unnamed Waterway,0,0
1242704198,stream,Unnamed Waterway,0,0
1242704199,stream,Unnamed Waterway,0,0
1242704201,river,خان خوڑ,0,0
1242708316,stream,Unnamed Waterway,0,0
1242708317,stream,Unnamed Waterway,0,0
1242708318,stream,Unnamed Waterway,0,0
1242708319,stream,Unnamed Waterway,0,0
1242708325,stream,Unnamed Waterway,0,0
1242708326,stream,Unnamed Waterway,0,0
1242708329,stream,Unnamed Waterway,0,0
1242708330,stream,Unnamed Waterway,0,0
1242708331,stream,Unnamed Waterway,0,0
1242708332,stream,Unnamed Waterway,0,0
1242708333,stream,Unnamed Waterway,0,0
1242708334,stream,Unnamed Waterway,0,0
1242708335,stream,Unnamed Waterway,0,0
1242708336,stream,Unnamed Waterway,0,0
1242708337,stream,Unnamed Waterway,0,0
1242708339,stream,Unnamed Waterway,0,0
1242708343,stream,Unnamed Waterway,0,0
1242712732,stream,Unnamed Waterway,0,0
1242712735,stream,Unnamed Waterway,0,0
1242712736,stream,Unnamed Waterway,0,0
1242712737,stream,Unnamed Waterway,0,0
1242712738,stream,Unnamed Waterway,0,0
1242712740,stream,Unnamed Waterway,0,0
1242712743,stream,Unnamed Waterway,0,0
1242712745,stream,Unnamed Waterway,0,0
1242712747,stream,Unnamed Waterway,0,0
1242712748,stream,Unnamed Waterway,0,0
1242712758,stream,Unnamed Waterway,0,0
1242712759,stream,Unnamed Waterway,0,0
1242712760,stream,Unnamed Waterway,0,0
1242712764,stream,Unnamed Waterway,0,0
1242712768,river,Unnamed Waterway,0,0
1242712773,stream,Unnamed Waterway,0,0
1242712774,stream,Unnamed Waterway,0,0
1242712775,river,Unnamed Waterway,0,0
1242712776,stream,Unnamed Waterway,0,0
1242712777,stream,Unnamed Waterway,0,0
1242712778,stream,Unnamed Waterway,0,0
1242712779,stream,Unnamed Waterway,0,0
1242712782,stream,Unnamed Waterway,0,0
1242712785,river,Unnamed Waterway,0,0
1242712786,stream,Unnamed Waterway,0,0
1242712789,stream,Unnamed Waterway,0,0
1242712791,stream,Unnamed Waterway,0,0
1242720373,stream,Unnamed Waterway,0,0
1242720374,stream,Unnamed Waterway,0,0
1242720375,stream,Unnamed Waterway,0,0
1242720377,stream,Unnamed Waterway,0,0
1242720378,stream,Unnamed Waterway,0,0
1242720379,stream,Unnamed Waterway,0,0
1242720380,stream,Unnamed Waterway,0,0
1242720381,stream,Unnamed Waterway,0,0
1242720385,stream,Unnamed Waterway,0,0
1242720386,stream,Unnamed Waterway,0,0
1242720387,stream,Unnamed Waterway,0,0
1242720390,stream,Unnamed Waterway,0,0
1242720391,stream,Unnamed Waterway,0,0
1242720392,stream,Unnamed Waterway,0,0
1242720394,river,خان خوڑ,0,0
1242720395,river,خان خوڑ,0,0
1242720397,river,Unnamed Waterway,0,0
1242720399,river,Unnamed Waterway,0,0
1242720400,river,Unnamed Waterway,0,0
1242720402,river,خان خوڑ,0,0
1242720403,river,خان خوڑ,0,0
1242720409,stream,Unnamed Waterway,0,0
1242720415,stream,Unnamed Waterway,0,0
1242720419,stream,Unnamed Waterway,0,0
1242720424,river,خان خوڑ,0,0
1242720425,river,خان خوڑ,0,0
1242720426,stream,Unnamed Waterway,0,0
1242720427,river,خان خوڑ,0,0
1242720429,stream,Unnamed Waterway,0,0
1242720432,stream,Unnamed Waterway,0,0
1242720433,stream,Unnamed Waterway,0,0
1242720436,stream,Unnamed Waterway,0,0
1242720836,stream,Unnamed Waterway,0,0
1242720840,stream,Unnamed Waterway,0,0
1242720844,stream,Unnamed Waterway,0,0
1242725578,river,غوربند خوڑ,0,0
1242725580,river,غوربند خوڑ,0,0
1242725584,river,غوربند خوڑ,0,0
1242725606,river,غوربند خوڑ,0,0
1242725609,river,غوربند خوڑ,0,0
1242725610,river,غوربند خوڑ,0,0
1242725612,river,غوربند خوڑ,0,0
1242725613,river,غوربند خوڑ,0,0
1242725617,river,غوربند خوڑ,0,0
1242725619,river,غوربند خوڑ,0,0
1242729277,stream,Unnamed Waterway,0,0
1242729278,stream,Unnamed Waterway,0,0
1242729281,stream,Unnamed Waterway,0,0
1242729282,stream,Unnamed Waterway,0,0
1242729283,stream,Unnamed Waterway,0,0
1242729284,stream,Unnamed Waterway,0,0
1242729285,stream,Unnamed Waterway,0,0
1242729290,stream,Unnamed Waterway,0,0
1242729291,stream,Unnamed Waterway,0,0
1242729293,stream,Unnamed Waterway,0,0
1242729294,stream,Unnamed Waterway,0,0
1242734626,stream,Unnamed Waterway,0,0
1242734628,stream,Unnamed Waterway,0,0
1242734630,stream,Unnamed Waterway,0,0
1242734632,stream,Unnamed Waterway,0,0
1242734635,stream,Unnamed Waterway,0,0
1242734638,stream,Unnamed Waterway,0,0
1242734641,stream,Unnamed Waterway,0,0
1242734642,stream,Unnamed Waterway,0,0
1242734648,stream,Unnamed Waterway,0,0
1242735879,stream,Unnamed Waterway,0,0
1242735880,stream,Unnamed Waterway,0,0
1242735881,stream,Unnamed Waterway,0,0
1242804825,canal,Unnamed Waterway,0,0
1243325074,stream,Unnamed Waterway,0,0
1243325082,stream,Unnamed Waterway,0,0
1243325084,stream,Unnamed Waterway,0,0
1243325087,stream,Unnamed Waterway,0,0
1243325088,stream,Unnamed Waterway,0,0
1243325089,stream,Unnamed Waterway,0,0
1243325090,stream,Unnamed Waterway,0,0
1243325091,stream,Unnamed Waterway,0,0
1243583609,river,Unnamed Waterway,0,0
1243583610,stream,Unnamed Waterway,0,0
1243583611,stream,Unnamed Waterway,0,0
1243583612,stream,Unnamed Waterway,0,0
1243583613,stream,Unnamed Waterway,0,0
1243583614,stream,Unnamed Waterway,0,0
1243583615,stream,Unnamed Waterway,0,0
1243583616,stream,Unnamed Waterway,0,0
1243583617,stream,Unnamed Waterway,0,0
1243583618,stream,Unnamed Waterway,0,0
1243583619,stream,Unnamed Waterway,0,0
1243583620,stream,Unnamed Waterway,0,0
1243585343,stream,Unnamed Waterway,0,0
1243585351,stream,Unnamed Waterway,0,0
1243585352,stream,Unnamed Waterway,0,0
1243585353,stream,Unnamed Waterway,0,0
1243585354,stream,Unnamed Waterway,0,0
1243585355,stream,Unnamed Waterway,0,0
1243585356,stream,Unnamed Waterway,0,0
1243585357,stream,Unnamed Waterway,0,0
1243585358,stream,Unnamed Waterway,0,0
1243585359,stream,Unnamed Waterway,0,0
1243585360,stream,Unnamed Waterway,0,0
1243585361,stream,Unnamed Waterway,0,0
1243585362,stream,Unnamed Waterway,0,0
1243585363,stream,Unnamed Waterway,0,0
1243585364,stream,Unnamed Waterway,0,0
1243585365,stream,Unnamed Waterway,0,0
1243585366,stream,Unnamed Waterway,0,0
1243588785,stream,Unnamed Waterway,0,0
1243588786,stream,Unnamed Waterway,0,0
1243588787,stream,Unnamed Waterway,0,0
1243588788,stream,Unnamed Waterway,0,0
1243588789,stream,Unnamed Waterway,0,0
1243588790,stream,Unnamed Waterway,0,0
1243588791,stream,Unnamed Waterway,0,0
1243588792,stream,Unnamed Waterway,0,0
1243588793,stream,Unnamed Waterway,0,0
1243588794,stream,Unnamed Waterway,0,0
1243588795,stream,Unnamed Waterway,0,0
1243588796,stream,Unnamed Waterway,0,0
1243588797,stream,Unnamed Waterway,0,0
1243588798,stream,Unnamed Waterway,0,0
1243588799,stream,Unnamed Waterway,0,0
1243588800,stream,Unnamed Waterway,0,0
1243590929,river,Unnamed Waterway,0,0
1243590930,stream,Unnamed Waterway,0,0
1243590931,river,Unnamed Waterway,0,0
1243590933,stream,Unnamed Waterway,0,0
1243590934,stream,Unnamed Waterway,0,0
1243590941,stream,Unnamed Waterway,0,0
1243590946,stream,Unnamed Waterway,0,0
1243590952,stream,Unnamed Waterway,0,0
1243590953,stream,Unnamed Waterway,0,0
1243590954,stream,Unnamed Waterway,0,0
1243590955,stream,Unnamed Waterway,0,0
1243592638,stream,Unnamed Waterway,0,0
1243592639,stream,Unnamed Waterway,0,0
1243592640,stream,Unnamed Waterway,0,0
1243592641,stream,Unnamed Waterway,0,0
1243592643,stream,Unnamed Waterway,0,0
1243592645,stream,Unnamed Waterway,0,0
1243592646,stream,Unnamed Waterway,0,0
1243592647,stream,Unnamed Waterway,0,0
1243592648,stream,Unnamed Waterway,0,0
1243592650,stream,Unnamed Waterway,0,0
1243592652,stream,Unnamed Waterway,0,0
1243592656,stream,Unnamed Waterway,0,0
1243592662,stream,Unnamed Waterway,0,0
1243592663,stream,Unnamed Waterway,0,0
1243592665,stream,Unnamed Waterway,0,0
1243592667,stream,Unnamed Waterway,0,0
1243594611,stream,Unnamed Waterway,0,0
1243594619,stream,Unnamed Waterway,0,0
1243596408,stream,Unnamed Waterway,0,0
1243596409,stream,Unnamed Waterway,0,0
1243596411,stream,Unnamed Waterway,0,0
1243596426,stream,Unnamed Waterway,0,0
1243596438,stream,Unnamed Waterway,0,0
1243597587,river,Jumo Gah,0,0
1243597588,stream,Jumo Gah,0,0
1243597589,stream,Unnamed Waterway,0,0
1243599526,river,Sāsing Gah,0,0
1243599528,river,Sāsing Gah,0,0
1243601498,river,Harban,0,0
1243601499,stream,Unnamed Waterway,0,0
1243603700,stream,Unnamed Waterway,0,0
1243603994,stream,Unnamed Waterway,0,0
1243607469,stream,Unnamed Waterway,0,0
1243607470,stream,Dudīshāl,0,0
1243607472,stream,Unnamed Waterway,0,0
1243619556,river,Unnamed Waterway,0,0
1243619557,river,Unnamed Waterway,0,0
1243619561,river,Unnamed Waterway,0,0
1244219109,river,Pamir-i-Tang,0,0
1244219110,river,Pamir-i-Tang,0,0
1244227133,stream,Unnamed Waterway,0,0
1244227136,stream,Unnamed Waterway,0,0
1244260751,stream,Unnamed Waterway,0,0
1244260752,stream,Unnamed Waterway,0,0
1244277410,stream,Unnamed Waterway,0,0
1244277415,river,Harban,0,0
1244277416,river,Harban,0,0
1244277420,stream,Unnamed Waterway,0,0
1244283935,stream,Unnamed Waterway,0,0
1244283937,river,Unnamed Waterway,0,0
1244283938,river,Unnamed Waterway,0,0
1244283940,stream,Unnamed Waterway,0,0
1244283947,river,Unnamed Waterway,0,0
1244284562,river,Unnamed Waterway,0,0
1244284563,river,Unnamed Waterway,0,0
1244287368,stream,Unnamed Waterway,0,0
1244287369,stream,Unnamed Waterway,0,0
1244287370,stream,Unnamed Waterway,0,0
1244289114,river,Unnamed Waterway,0,0
1244289116,river,Unnamed Waterway,0,0
1244799322,stream,Diamer Gah,0,0
1244799323,stream,Labar Gah,0,0
1244799329,river,تانگیر,0,0
1244799330,river,تانگیر,0,0
1244799333,river,تانگیر,0,0
1244799335,river,تانگیر,0,0
1244799342,stream,Labar Gah,0,0
1244799343,stream,Labar Gah,0,0
1245299903,river,Unnamed Waterway,0,0
1245299909,river,Unnamed Waterway,0,0
1245299915,river,Unnamed Waterway,0,0
1245299930,river,Unnamed Waterway,0,0
1245299931,stream,Unnamed Waterway,0,0
1245299932,stream,Unnamed Waterway,0,0
1245299933,river,Unnamed Waterway,0,0
1245299939,river,Unnamed Waterway,0,0
1245360735,canal,Kot Chian Distributary,0,0
1245360736,canal,Kot Chian Distributary,0,0
1245440660,canal,Lahore Branch Canal,0,0
1245440661,canal,Lahore Branch Canal,0,0
1245440662,canal,Lahore Branch Canal,0,0
1245440663,canal,Lahore Branch Canal,0,0
1245487422,river,Unnamed Waterway,0,0
1245487424,stream,Unnamed Waterway,0,0
1245487426,river,Unnamed Waterway,0,0
1245487428,stream,Unnamed Waterway,0,0
1245487431,stream,Unnamed Waterway,0,0
1245487432,stream,Unnamed Waterway,0,0
1245487435,stream,Unnamed Waterway,0,0
1245487436,stream,Unnamed Waterway,0,0
1245502047,canal,Unnamed Waterway,0,0
1245502048,canal,Unnamed Waterway,0,0
1245502050,canal,Unnamed Waterway,0,0
1245502051,canal,Unnamed Waterway,0,0
1245502109,canal,Unnamed Waterway,0,0
1245502868,canal,Kot Chian Distributary,0,0
1245518648,stream,Unnamed Waterway,0,0
1245518649,stream,Unnamed Waterway,0,0
1245575621,stream,Unnamed Waterway,0,0
1245575624,river,Unnamed Waterway,0,0
1245776795,canal,Aliabad Distributary,0,0
1245776796,canal,Aliabad Distributary,0,0
1245776797,canal,Aliabad Distributary,0,0
1245776799,canal,Aliabad Distributary,0,0
1245776802,canal,Aliabad Distributary,0,0
1245776804,canal,Aliabad Distributary,0,0
1245776805,canal,Aliabad Distributary,0,0
1245776806,canal,Aliabad Distributary,0,0
1245796528,stream,Unnamed Waterway,0,0
1245796550,stream,Unnamed Waterway,0,0
1245817516,stream,Unnamed Waterway,0,0
1245870301,canal,Hori Nallah,0,0
1245870302,canal,Hori Nallah,0,0
1245870303,canal,Hori Nallah,0,0
1245870304,canal,Hori Nallah,0,0
1245956879,canal,Unnamed Waterway,0,0
1245995944,stream,Unnamed Waterway,0,0
1245995966,stream,Unnamed Waterway,0,0
1246079021,canal,Madhora Distributary,0,0
1246079022,canal,Madhora Distributary,0,0
1246079023,canal,Madhora Distributary,0,0
1246079024,canal,Madhora Distributary,0,0
1246117229,stream,Unnamed Waterway,0,0
1246117251,river,Hushe River,0,0
1246117252,river,Hushe River,0,0
1246117254,stream,Unnamed Waterway,0,0
1246117257,stream,Unnamed Waterway,0,0
1246117270,river,ہوشے,0,0
1246117271,river,Hushe River,0,0
1246241928,stream,Unnamed Waterway,0,0
1246241930,stream,Unnamed Waterway,0,0
1246241931,stream,Unnamed Waterway,0,0
1246241932,river,Unnamed Waterway,0,0
1246241933,stream,Unnamed Waterway,0,0
1246241935,stream,Unnamed Waterway,0,0
1246241939,river,Unnamed Waterway,0,0
1246241940,stream,Unnamed Waterway,0,0
1246241941,stream,Unnamed Waterway,0,0
1246241942,river,Unnamed Waterway,0,0
1246241943,river,Unnamed Waterway,0,0
1246241944,stream,Unnamed Waterway,0,0
1246279081,stream,Unnamed Waterway,0,0
1246279085,river,سوج کاس,0,0
1246279086,river,سوج کاس,0,0
1246279868,canal,گوگيره برانچ ﻧﻬﺮ,0,0
1246279869,canal,گوگيرہ برانچ,0,0
1246279870,canal,گوگيرہ برانچ,0,0
1246295035,canal,Kot Chian Distributary,0,0
1246295036,canal,Kot Chian Distributary,0,0
1246295037,canal,Kot Chian Distributary,0,0
1246295038,canal,Kot Chian Distributary,0,0
1246295039,canal,Kot Chian Distributary,0,0
1246295040,canal,Kot Chian Distributary,0,0
1246295041,canal,Kot Chian Distributary,0,0
1246295042,canal,Kot Chian Distributary,0,0
1246295043,canal,Kot Chian Distributary,0,0
1246295044,canal,Kot Chian Distributary,0,0
1246295045,canal,Kot Chian Distributary,0,0
1246295046,canal,Kot Chian Distributary,0,0
1246295047,canal,Kot Chian Distributary,0,0
1246295048,canal,Kot Chian Distributary,0,0
1246295049,canal,Kot Chian Distributary,0,0
1246295050,canal,Kot Chian Distributary,0,0
1246295051,canal,Kot Chian Distributary,0,0
1246295052,canal,Kot Chian Distributary,0,0
1246321831,canal,Unnamed Waterway,0,0
1246321832,canal,Unnamed Waterway,0,0
1246321833,canal,Unnamed Waterway,0,0
1246321834,canal,Unnamed Waterway,0,0
1246321835,canal,Unnamed Waterway,0,0
1246321836,canal,Unnamed Waterway,0,0
1246321837,canal,Unnamed Waterway,0,0
1246321838,canal,Unnamed Waterway,0,0
1246321839,canal,Unnamed Waterway,0,0
1246321840,canal,Unnamed Waterway,0,0
1246321841,canal,Unnamed Waterway,0,0
1246321842,canal,Unnamed Waterway,0,0
1246321843,canal,Unnamed Waterway,0,0
1246321844,canal,Unnamed Waterway,0,0
1246321845,canal,Unnamed Waterway,0,0
1246321846,canal,Unnamed Waterway,0,0
1246321847,canal,Unnamed Waterway,0,0
1246321848,canal,Unnamed Waterway,0,0
1246321849,canal,Unnamed Waterway,0,0
1246321850,canal,Unnamed Waterway,0,0
1246321851,canal,Unnamed Waterway,0,0
1246321852,canal,Unnamed Waterway,0,0
1246321853,canal,Unnamed Waterway,0,0
1246321854,canal,Unnamed Waterway,0,0
1246418396,canal,Unnamed Waterway,0,0
1246418397,canal,Unnamed Waterway,0,0
1246418398,canal,Sem Canal,0,0
1246418399,canal,Unnamed Waterway,0,0
1246418401,canal,Unnamed Waterway,0,0
1246418402,canal,Sem Canal,0,0
1246418403,canal,Unnamed Waterway,0,0
1246418404,canal,Unnamed Waterway,0,0
1246451042,canal,Gajar Gola Distributary,0,0
1246451043,canal,Gajar Gola Distributary,0,0
1246843308,canal,Unnamed Waterway,0,0
1246843310,canal,Unnamed Waterway,0,0
1246843312,canal,Unnamed Waterway,0,0
1246843315,canal,Unnamed Waterway,0,0
1246843316,canal,Unnamed Waterway,0,0
1246843318,canal,Unnamed Waterway,0,0
1246843319,canal,Unnamed Waterway,0,0
1246843320,canal,Unnamed Waterway,0,0
1246843321,canal,Unnamed Waterway,0,0
1246843322,canal,Unnamed Waterway,0,0
1246843323,canal,Unnamed Waterway,0,0
1246843325,canal,Unnamed Waterway,0,0
1246843326,canal,Unnamed Waterway,0,0
1246843327,canal,Unnamed Waterway,0,0
1246843328,canal,Unnamed Waterway,0,0
1246843332,canal,Unnamed Waterway,0,0
1246843333,canal,Unnamed Waterway,0,0
1246843335,canal,Unnamed Waterway,0,0
1246843336,canal,Unnamed Waterway,0,0
1246843338,canal,Unnamed Waterway,0,0
1246843339,canal,Unnamed Waterway,0,0
1246843341,canal,Unnamed Waterway,0,0
1246843342,canal,Unnamed Waterway,0,0
1246843343,canal,Unnamed Waterway,0,0
1246843345,canal,Unnamed Waterway,0,0
1246843348,canal,Unnamed Waterway,0,0
1246843349,canal,Unnamed Waterway,0,0
1246843350,canal,Unnamed Waterway,0,0
1246843351,canal,Unnamed Waterway,0,0
1246843352,canal,Unnamed Waterway,0,0
1246843353,canal,Unnamed Waterway,0,0
1246843354,canal,Unnamed Waterway,0,0
1246843355,canal,Unnamed Waterway,0,0
1246843356,canal,Unnamed Waterway,0,0
1246843357,canal,Unnamed Waterway,0,0
1247125281,stream,Unnamed Waterway,0,0
1247125282,stream,Unnamed Waterway,0,0
1247125292,stream,Unnamed Waterway,0,0
1247125295,stream,Unnamed Waterway,0,0
1247125297,stream,Unnamed Waterway,0,0
1247125304,stream,Unnamed Waterway,0,0
1247681579,canal,قنات,0,0
1247681580,canal,قنات,0,0
1247681581,canal,قنات,0,0
1247681582,canal,قنات,0,0
1247681583,canal,قنات,0,0
1247681584,canal,قنات,0,0
1247681585,canal,قنات,0,0
1247681586,canal,قنات,0,0
1247681587,canal,قنات,0,0
1247681588,canal,قنات,0,0
1247681589,canal,قنات,0,0
1247681590,canal,قنات,0,0
1247681591,canal,قنات,0,0
1247681592,canal,قنات,0,0
1247688566,canal,قنات,0,0
1247688567,canal,قنات,0,0
1247688568,canal,قنات,0,0
1247688569,canal,قنات,0,0
1247688570,canal,قنات,0,0
1247688571,canal,قنات,0,0
1247688572,canal,قنات,0,0
1247688573,canal,قنات,0,0
1247688574,canal,قنات,0,0
1247688575,canal,قنات,0,0
1247688576,canal,قنات,0,0
1247688577,canal,قنات,0,0
1247688578,canal,قنات,0,0
1247688579,canal,قنات,0,0
1247688580,canal,قنات,0,0
1247688581,canal,قنات,0,0
1247688582,canal,قنات,0,0
1247688583,canal,قنات,0,0
1247688584,canal,قنات,0,0
1247688585,canal,قنات,0,0
1247688586,canal,قنات,0,0
1247724412,canal,قنات,0,0
1247724413,canal,قنات,0,0
1247724414,canal,قنات,0,0
1247724415,canal,قنات,0,0
1247724416,canal,قنات,0,0
1247724417,canal,قنات,0,0
1247724418,canal,قنات,0,0
1247724419,canal,قنات,0,0
1247724420,canal,قنات,0,0
1247724421,canal,قنات,0,0
1247724422,canal,قنات,0,0
1247724423,canal,قنات,0,0
1247724424,canal,قنات,0,0
1247724425,canal,قنات,0,0
1247724426,canal,قنات,0,0
1247724427,canal,قنات,0,0
1247724428,canal,قنات,0,0
1247724429,canal,قنات,0,0
1247724430,canal,قنات,0,0
1247724431,canal,قنات,0,0
1247724432,canal,قنات,0,0
1247724433,canal,قنات,0,0
1247724434,canal,قنات,0,0
1247724435,canal,قنات,0,0
1247724436,canal,قنات,0,0
1247724437,canal,قنات,0,0
1247724438,canal,قنات,0,0
1247729505,canal,قنات,0,0
1247729506,canal,قنات,0,0
1247729507,canal,قنات,0,0
1247729508,canal,قنات,0,0
1247729509,canal,قنات,0,0
1247770334,canal,قنات,0,0
1247770335,canal,قنات,0,0
1247770336,canal,قنات,0,0
1247770337,canal,قنات,0,0
1247770338,canal,قنات,0,0
1247770339,canal,قنات,0,0
1247770340,canal,قنات,0,0
1247770341,canal,قنات,0,0
1247770342,canal,قنات,0,0
1247770343,canal,قنات,0,0
1247770344,canal,قنات,0,0
1247770345,canal,قنات,0,0
1247770346,canal,قنات,0,0
1247770347,canal,قنات,0,0
1247770348,canal,قنات,0,0
1247770349,canal,قنات,0,0
1247770350,canal,قنات,0,0
1247770351,canal,قنات,0,0
1247770352,canal,قنات,0,0
1247770353,canal,قنات,0,0
1247770354,canal,قنات,0,0
1247770355,canal,قنات,0,0
1247770356,canal,قنات,0,0
1247770357,canal,قنات,0,0
1247770358,canal,قنات,0,0
1247770359,canal,قنات,0,0
1247770360,canal,قنات,0,0
1247770361,canal,قنات,0,0
1247770362,canal,قنات,0,0
1247770363,canal,قنات,0,0
1247770364,canal,قنات,0,0
1247787761,canal,قنات,0,0
1247787762,canal,قنات,0,0
1247787763,canal,قنات,0,0
1247787764,canal,قنات,0,0
1247787765,canal,قنات,0,0
1247787766,canal,قنات,0,0
1247787767,canal,قنات,0,0
1247787768,canal,قنات,0,0
1247787769,canal,قنات,0,0
1247787770,canal,قنات,0,0
1247787771,canal,قنات,0,0
1247787772,canal,قنات,0,0
1247787773,canal,قنات,0,0
1247787774,canal,قنات,0,0
1247787775,canal,قنات,0,0
1247787776,canal,قنات,0,0
1247787777,canal,قنات,0,0
1247787778,canal,قنات,0,0
1247787779,canal,قنات,0,0
1247787780,canal,قنات,0,0
1247979394,canal,قنات,0,0
1247979395,canal,قنات,0,0
1247979396,canal,قنات,0,0
1247979397,canal,قنات,0,0
1247979398,canal,قنات,0,0
1247979399,canal,قنات,0,0
1247979400,canal,قنات,0,0
1247985492,canal,قنات,0,0
1247985493,canal,قنات,0,0
1247985494,canal,قنات,0,0
1247985495,canal,قنات,0,0
1247985496,canal,قنات,0,0
1247985497,canal,قنات,0,0
1247985498,canal,قنات,0,0
1247985499,canal,قنات,0,0
1247985500,canal,قنات,0,0
1247985501,canal,قنات,0,0
1247985502,canal,قنات,0,0
1247985503,canal,قنات,0,0
1247985504,canal,قنات,0,0
1247985505,canal,قنات,0,0
1247985506,canal,قنات,0,0
1247985507,canal,قنات,0,0
1247985508,canal,قنات,0,0
1247985509,canal,قنات,0,0
1247985510,canal,قنات,0,0
1247985511,canal,قنات,0,0
1247985512,canal,قنات,0,0
1247985513,canal,قنات,0,0
1247985514,canal,قنات,0,0
1247985515,canal,قنات,0,0
1247985516,canal,قنات,0,0
1247985517,canal,قنات,0,0
1247985518,canal,قنات,0,0
1247985519,canal,قنات,0,0
1247985520,canal,قنات,0,0
1247985521,canal,قنات,0,0
1247985522,canal,قنات,0,0
1247985523,canal,قنات,0,0
1247985524,canal,قنات,0,0
1247985525,canal,قنات,0,0
1247985526,canal,قنات,0,0
1247985527,canal,قنات,0,0
1247985528,canal,قنات,0,0
1247985529,canal,قنات,0,0
1247985530,canal,قنات,0,0
1247985531,canal,قنات,0,0
1247985532,canal,قنات,0,0
1247985533,canal,قنات,0,0
1247985534,canal,قنات,0,0
1247985535,canal,قنات,0,0
1247985536,canal,قنات,0,0
1247985537,canal,قنات,0,0
1247999218,canal,قنات,0,0
1247999219,canal,قنات,0,0
1247999220,canal,قنات,0,0
1247999221,canal,قنات,0,0
1247999222,canal,قنات,0,0
1247999223,canal,قنات,0,0
1247999224,canal,قنات,0,0
1247999225,canal,قنات,0,0
1247999226,canal,قنات,0,0
1247999227,canal,قنات,0,0
1247999228,canal,قنات,0,0
1247999229,canal,قنات,0,0
1247999230,canal,قنات,0,0
1247999231,canal,قنات,0,0
1247999232,canal,قنات,0,0
1247999233,canal,قنات,0,0
1247999234,canal,قنات,0,0
1247999235,canal,قنات,0,0
1247999236,canal,قنات,0,0
1247999237,canal,قنات,0,0
1247999238,canal,قنات,0,0
1247999239,canal,قنات,0,0
1247999240,canal,قنات,0,0
1247999241,canal,قنات,0,0
1247999242,canal,قنات,0,0
1247999243,canal,قنات,0,0
1247999244,canal,قنات,0,0
1247999245,canal,قنات,0,0
1247999246,canal,قنات,0,0
1247999247,canal,قنات,0,0
1247999248,canal,قنات,0,0
1247999249,canal,قنات,0,0
1247999250,canal,قنات,0,0
1247999251,canal,قنات,0,0
1247999252,canal,قنات,0,0
1247999253,canal,قنات,0,0
1247999254,canal,قنات,0,0
1247999255,canal,قنات,0,0
1247999256,canal,قنات,0,0
1247999257,canal,قنات,0,0
1247999258,canal,قنات,0,0
1247999259,canal,قنات,0,0
1247999260,canal,قنات,0,0
1247999261,canal,قنات,0,0
1247999262,canal,قنات,0,0
1247999263,canal,قنات,0,0
1247999264,canal,قنات,0,0
1247999265,canal,قنات,0,0
1247999266,canal,قنات,0,0
1247999267,canal,قنات,0,0
1247999268,canal,قنات,0,0
1247999269,canal,قنات,0,0
1247999270,canal,قنات,0,0
1247999271,canal,قنات,0,0
1247999272,canal,قنات,0,0
1247999273,canal,قنات,0,0
1247999274,canal,قنات,0,0
1247999923,canal,قنات,0,0
1247999924,canal,قنات,0,0
1247999925,canal,قنات,0,0
1248047124,canal,قنات,0,0
1248047125,canal,قنات,0,0
1248047126,canal,قنات,0,0
1248047127,canal,قنات,0,0
1248047128,canal,قنات,0,0
1248047129,canal,قنات,0,0
1248047130,canal,قنات,0,0
1248047131,canal,قنات,0,0
1248047132,canal,قنات,0,0
1248047133,canal,قنات,0,0
1248047134,canal,قنات,0,0
1248047135,canal,قنات,0,0
1248047136,canal,قنات,0,0
1248047137,canal,قنات,0,0
1248047138,canal,قنات,0,0
1248047139,canal,قنات,0,0
1248047140,canal,قنات,0,0
1248047141,canal,قنات,0,0
1248047142,canal,قنات,0,0
1248072842,canal,قنات,0,0
1248072843,canal,قنات,0,0
1248072844,canal,قنات,0,0
1248072845,canal,قنات,0,0
1248072846,canal,قنات,0,0
1248072847,canal,قنات,0,0
1248072848,canal,قنات,0,0
1248072849,canal,قنات,0,0
1248072850,canal,قنات,0,0
1248072851,canal,قنات,0,0
1248072852,canal,قنات,0,0
1248072853,canal,قنات,0,0
1248072854,canal,قنات,0,0
1248072855,canal,قنات,0,0
1248072856,canal,قنات,0,0
1248072857,canal,قنات,0,0
1248072858,canal,قنات,0,0
1248072859,canal,قنات,0,0
1248072860,canal,قنات,0,0
1248072861,canal,قنات,0,0
1248072862,canal,قنات,0,0
1248072863,canal,قنات,0,0
1248072864,canal,قنات,0,0
1248072865,canal,قنات,0,0
1248245181,canal,قنات,0,0
1248251730,canal,قنات,0,0
1248253777,canal,قنات,0,0
1248253778,canal,قنات,0,0
1248253779,canal,قنات,0,0
1248259419,canal,قنات,0,0
1248259420,canal,قنات,0,0
1248259421,canal,قنات,0,0
1248259422,canal,قنات,0,0
1248259423,canal,قنات,0,0
1248259424,canal,قنات,0,0
1248259425,canal,قنات,0,0
1248259426,canal,قنات,0,0
1248259427,canal,قنات,0,0
1248259428,canal,قنات,0,0
1248259429,canal,قنات,0,0
1248259430,canal,قنات,0,0
1248259431,canal,قنات,0,0
1248259432,canal,قنات,0,0
1248259433,canal,قنات,0,0
1248259434,canal,قنات,0,0
1248259435,canal,قنات,0,0
1248259436,canal,قنات,0,0
1248262510,canal,قنات,0,0
1248262511,canal,قنات,0,0
1248262512,canal,قنات,0,0
1248262513,canal,قنات,0,0
1248262514,canal,قنات,0,0
1248262515,canal,قنات,0,0
1248748543,canal,قنات,0,0
1248748544,canal,قنات,0,0
1248748545,canal,قنات,0,0
1248748546,canal,قنات,0,0
1248748547,canal,قنات,0,0
1248765775,stream,Unnamed Waterway,0,0
1248765776,stream,Unnamed Waterway,0,0
1248765781,stream,Unnamed Waterway,0,0
1248765786,stream,Gutumerung,0,0
1248765788,stream,Unnamed Waterway,0,0
1248765789,stream,Unnamed Waterway,0,0
1248765790,stream,Unnamed Waterway,0,0
1248765791,stream,Unnamed Waterway,0,0
1248765793,stream,Unnamed Waterway,0,0
1248765794,river,Unnamed Waterway,0,0
1248765795,stream,Unnamed Waterway,0,0
1248766381,canal,قنات,0,0
1248766382,canal,قنات,0,0
1248766383,canal,قنات,0,0
1248766384,canal,قنات,0,0
1248766385,canal,قنات,0,0
1248766386,canal,قنات,0,0
1248766387,canal,قنات,0,0
1248766388,canal,قنات,0,0
1248766389,canal,قنات,0,0
1248766390,canal,قنات,0,0
1248766391,canal,قنات,0,0
1248766392,canal,قنات,0,0
1248766393,canal,قنات,0,0
1248766394,canal,قنات,0,0
1248766395,canal,قنات,0,0
1248766396,canal,قنات,0,0
1248766397,canal,قنات,0,0
1248766398,canal,قنات,0,0
1248766399,canal,قنات,0,0
1248766400,canal,قنات,0,0
1248766401,canal,قنات,0,0
1248766402,canal,قنات,0,0
1248766921,canal,قنات,0,0
1248766922,canal,قنات,0,0
1248766923,canal,قنات,0,0
1248766924,canal,قنات,0,0
1248766925,canal,قنات,0,0
1248766926,canal,قنات,0,0
1248777713,canal,قنات,0,0
1248777714,canal,قنات,0,0
1248777715,canal,قنات,0,0
1248777716,canal,قنات,0,0
1248777717,canal,قنات,0,0
1248777718,canal,قنات,0,0
1248777719,canal,قنات,0,0
1248777720,canal,قنات,0,0
1248777721,canal,قنات,0,0
1248777722,canal,قنات,0,0
1248777723,canal,قنات,0,0
1248777724,canal,قنات,0,0
1248777725,canal,قنات,0,0
1248777726,canal,قنات,0,0
1248777727,canal,قنات,0,0
1248777728,canal,قنات,0,0
1248777729,canal,قنات,0,0
1248777730,canal,قنات,0,0
1248777731,canal,قنات,0,0
1248777732,canal,قنات,0,0
1248777733,canal,قنات,0,0
1248777734,canal,قنات,0,0
1248778267,canal,قنات,0,0
1248778268,canal,قنات,0,0
1248782593,canal,قنات,0,0
1248782594,canal,قنات,0,0
1248782595,canal,قنات,0,0
1248782596,canal,قنات,0,0
1248782597,canal,قنات,0,0
1248782598,canal,قنات,0,0
1248782599,canal,قنات,0,0
1248782600,canal,قنات,0,0
1248782601,canal,قنات,0,0
1248782602,canal,قنات,0,0
1248782603,canal,قنات,0,0
1248782604,canal,قنات,0,0
1248782605,canal,قنات,0,0
1248782606,canal,قنات,0,0
1248782607,canal,قنات,0,0
1248782608,canal,قنات,0,0
1248782609,canal,قنات,0,0
1248782610,canal,قنات,0,0
1248782611,canal,قنات,0,0
1248782612,canal,قنات,0,0
1248785006,canal,قنات,0,0
1248785007,canal,قنات,0,0
1248785008,canal,قنات,0,0
1248786413,canal,قنات,0,0
1248786414,canal,قنات,0,0
1248786415,canal,قنات,0,0
1248789538,canal,قنات,0,0
1248789539,canal,قنات,0,0
1248789540,canal,قنات,0,0
1248789541,canal,قنات,0,0
1248789542,canal,قنات,0,0
1248789543,canal,قنات,0,0
1248789544,canal,قنات,0,0
1248789545,canal,قنات,0,0
1248789546,canal,قنات,0,0
1248789547,canal,قنات,0,0
1248789548,canal,قنات,0,0
1248789549,canal,قنات,0,0
1248789550,canal,قنات,0,0
1248789551,canal,قنات,0,0
1248789552,canal,قنات,0,0
1248789553,canal,قنات,0,0
1248789554,canal,قنات,0,0
1249069492,river,Unnamed Waterway,0,0
1249069494,river,Unnamed Waterway,0,0
1249069496,river,Unnamed Waterway,0,0
1249069500,river,Unnamed Waterway,0,0
1249069505,stream,Unnamed Waterway,0,0
1249069506,stream,Unnamed Waterway,0,0
1249069507,river,Unnamed Waterway,0,0
1249069508,river,Unnamed Waterway,0,0
1249069513,river,Unnamed Waterway,0,0
1249076949,river,Unnamed Waterway,0,0
1249086049,canal,Unnamed Waterway,0,0
1249086050,canal,Unnamed Waterway,0,0
1249086051,canal,Unnamed Waterway,0,0
1249086052,canal,Unnamed Waterway,0,0
1249086053,canal,Unnamed Waterway,0,0
1249086054,canal,Unnamed Waterway,0,0
1249086055,canal,Unnamed Waterway,0,0
1249086056,canal,Unnamed Waterway,0,0
1249086057,canal,Unnamed Waterway,0,0
1249086058,canal,Unnamed Waterway,0,0
1249086059,canal,Unnamed Waterway,0,0
1249086060,canal,Unnamed Waterway,0,0
1249086061,canal,Unnamed Waterway,0,0
1249086062,canal,Unnamed Waterway,0,0
1249086063,canal,Unnamed Waterway,0,0
1249086064,canal,Unnamed Waterway,0,0
1249086065,canal,Unnamed Waterway,0,0
1249086066,canal,Unnamed Waterway,0,0
1249086067,canal,Unnamed Waterway,0,0
1249086068,canal,Unnamed Waterway,0,0
1249242281,canal,Unnamed Waterway,0,0
1249242282,canal,Unnamed Waterway,0,0
1249242283,canal,Unnamed Waterway,0,0
1249242284,canal,Unnamed Waterway,0,0
1249242285,canal,Unnamed Waterway,0,0
1249242286,canal,Unnamed Waterway,0,0
1249242287,canal,Unnamed Waterway,0,0
1249242288,canal,Unnamed Waterway,0,0
1249242289,canal,Unnamed Waterway,0,0
1249242290,canal,Unnamed Waterway,0,0
1249242291,canal,Unnamed Waterway,0,0
1249242292,canal,Unnamed Waterway,0,0
1249242293,canal,Unnamed Waterway,0,0
1249242294,canal,Unnamed Waterway,0,0
1249242295,canal,Unnamed Waterway,0,0
1249242296,canal,Unnamed Waterway,0,0
1249242297,canal,Unnamed Waterway,0,0
1249242298,canal,Unnamed Waterway,0,0
1249242299,canal,Unnamed Waterway,0,0
1249242300,canal,Unnamed Waterway,0,0
1249242301,canal,Unnamed Waterway,0,0
1249242302,canal,Unnamed Waterway,0,0
1249242303,canal,Unnamed Waterway,0,0
1249242304,canal,Unnamed Waterway,0,0
1249242305,canal,Unnamed Waterway,0,0
1249242306,canal,Unnamed Waterway,0,0
1249242307,canal,Unnamed Waterway,0,0
1249242308,canal,Unnamed Waterway,0,0
1249242309,canal,Unnamed Waterway,0,0
1249242310,canal,Unnamed Waterway,0,0
1249242311,canal,Unnamed Waterway,0,0
1249242312,canal,Unnamed Waterway,0,0
1249242313,canal,Unnamed Waterway,0,0
1249242314,canal,Unnamed Waterway,0,0
1249242315,canal,Unnamed Waterway,0,0
1249242316,canal,Unnamed Waterway,0,0
1249242317,canal,Unnamed Waterway,0,0
1249242318,canal,Unnamed Waterway,0,0
1249242319,canal,Unnamed Waterway,0,0
1249242320,canal,Unnamed Waterway,0,0
1249242321,canal,Unnamed Waterway,0,0
1249242322,canal,Unnamed Waterway,0,0
1249242323,canal,Unnamed Waterway,0,0
1249242324,canal,Unnamed Waterway,0,0
1249242325,canal,Unnamed Waterway,0,0
1249242326,canal,Unnamed Waterway,0,0
1249242327,canal,Unnamed Waterway,0,0
1249242328,canal,Unnamed Waterway,0,0
1249242329,canal,Unnamed Waterway,0,0
1249242330,canal,Unnamed Waterway,0,0
1249242331,canal,Unnamed Waterway,0,0
1249242332,canal,Unnamed Waterway,0,0
1249242333,canal,Unnamed Waterway,0,0
1249242334,canal,Unnamed Waterway,0,0
1249242335,canal,Unnamed Waterway,0,0
1249406050,canal,Unnamed Waterway,0,0
1249406051,canal,Unnamed Waterway,0,0
1249467745,stream,Unnamed Waterway,0,0
1249467774,river,Unnamed Waterway,0,0
1249504846,stream,Unnamed Waterway,0,0
1249504847,stream,Unnamed Waterway,0,0
1249867516,stream,Unnamed Waterway,0,0
1249867567,canal,Unnamed Waterway,0,0
1249867568,canal,Unnamed Waterway,0,0
1249931205,canal,Kachhi Canal,0,0
1250007254,stream,Unnamed Waterway,0,0
1250007255,stream,Unnamed Waterway,0,0
1251059802,river,پتن خوڑ,0,0
1251063219,canal,Unnamed Waterway,0,0
1251098886,canal,Unnamed Waterway,0,0
1251098889,canal,Unnamed Waterway,0,0
1251302161,canal,Unnamed Waterway,0,0
1251302167,canal,Same Nala,0,0
1251434334,canal,Unnamed Waterway,0,0
1251434335,canal,Unnamed Waterway,0,0
1252311112,canal,Unnamed Waterway,0,0
1252311113,canal,Unnamed Waterway,0,0
1252668212,canal,Unnamed Waterway,0,0
1252752648,canal,Unnamed Waterway,0,0
1253251512,canal,Unnamed Waterway,0,0
1253251525,canal,Unnamed Waterway,0,0
1253359920,river,Line of Control - لائن آف کنٹرول,0,0
1253359922,river,Unnamed Waterway,0,0
1253460238,canal,Unnamed Waterway,0,0
1253492504,canal,Unnamed Waterway,0,0
1253660737,river,Unnamed Waterway,0,0
1253660758,stream,Unnamed Waterway,0,0
1253660759,river,Unnamed Waterway,0,0
1255099125,river,Unnamed Waterway,0,0
1255155249,canal,Unnamed Waterway,0,0
1255155251,canal,Unnamed Waterway,0,0
1255180309,stream,Unnamed Waterway,0,0
1255180310,river,Unnamed Waterway,0,0
1255180317,river,Unnamed Waterway,0,0
1255180320,river,Unnamed Waterway,0,0
1255468629,river,Unnamed Waterway,0,0
1255474347,canal,Unnamed Waterway,0,0
1255474348,canal,Unnamed Waterway,0,0
1255474349,canal,Unnamed Waterway,0,0
1255478781,stream,Sisuni Yazyopk,0,0
1255487112,canal,Unnamed Waterway,0,0
1255487115,canal,Unnamed Waterway,0,0
1255487125,canal,Unnamed Waterway,0,0
1255487130,canal,Unnamed Waterway,0,0
1255488628,canal,Doda Distributary,0,0
1255488629,canal,Unnamed Waterway,0,0
1255488630,river,Unnamed Waterway,0,0
1255488631,river,Unnamed Waterway,0,0
1255489337,river,Unnamed Waterway,0,0
1255508930,stream,Jaba Kas,0,0
1255599872,stream,Unnamed Waterway,0,0
1255599873,stream,Unnamed Waterway,0,0
1255599874,stream,Unnamed Waterway,0,0
1255599875,stream,Unnamed Waterway,0,0
1255599876,stream,Unnamed Waterway,0,0
1255599877,stream,Unnamed Waterway,0,0
1255599878,stream,Unnamed Waterway,0,0
1255599879,stream,Unnamed Waterway,0,0
1255599880,stream,Unnamed Waterway,0,0
1255615494,stream,Unnamed Waterway,0,0
1255615495,stream,Unnamed Waterway,0,0
1255873115,canal,Unnamed Waterway,0,0
1255873116,canal,Unnamed Waterway,0,0
1255873123,canal,Unnamed Waterway,0,0
1255873129,canal,Unnamed Waterway,0,0
1255873141,canal,Unnamed Waterway,0,0
1255877746,river,Unnamed Waterway,0,0
1255877747,river,Unnamed Waterway,0,0
1255877748,river,Unnamed Waterway,0,0
1255880891,canal,Unnamed Waterway,0,0
1255880892,canal,Unnamed Waterway,0,0
1255880895,canal,Unnamed Waterway,0,0
1255880898,canal,Unnamed Waterway,0,0
1255880899,canal,Unnamed Waterway,0,0
1255880900,canal,Unnamed Waterway,0,0
1256642473,canal,Aruri Distributary,0,0
1256642474,canal,Aruri Distributary,0,0
1256642475,canal,Aruri Distributary,0,0
1256642476,canal,Aruri Distributary,0,0
1256642477,canal,Aruri Distributary,0,0
1256735796,stream,Unnamed Waterway,0,0
1256800058,canal,Aruri Distributary,0,0
1257037708,river,Unnamed Waterway,0,0
1257037710,river,Unnamed Waterway,0,0
1257037713,river,Unnamed Waterway,0,0
1257304374,stream,Unnamed Waterway,0,0
1257304622,river,کانسی ندی,0,0
1257304623,river,Unnamed Waterway,0,0
1257705605,stream,Unnamed Waterway,0,0
1257712248,river,Unnamed Waterway,0,0
1257712253,river,Unnamed Waterway,0,0
1257712261,river,Unnamed Waterway,0,0
1257715111,stream,Unnamed Waterway,0,0
1257715113,stream,Unnamed Waterway,0,0
1257715114,stream,Unnamed Waterway,0,0
1257715125,stream,Unnamed Waterway,0,0
1257715126,stream,Unnamed Waterway,0,0
1257715134,stream,Unnamed Waterway,0,0
1257718424,river,Unnamed Waterway,0,0
1257718430,stream,Unnamed Waterway,0,0
1257718432,stream,Unnamed Waterway,0,0
1257943746,stream,Unnamed Waterway,0,0
1257943751,stream,Kas Pir Asab,0,0
1257960968,stream,Unnamed Waterway,0,0
1258022489,stream,Unnamed Waterway,0,0
1258104160,stream,Unnamed Waterway,0,0
1258104163,river,Unnamed Waterway,0,0
1258105823,canal,Unnamed Waterway,0,0
1258105824,canal,Unnamed Waterway,0,0
1258132298,river,Unnamed Waterway,0,0
1258132299,stream,Unnamed Waterway,0,0
1258132301,river,Unnamed Waterway,0,0
1258132303,river,Unnamed Waterway,0,0
1258132304,stream,Unnamed Waterway,0,0
1258132305,stream,Unnamed Waterway,0,0
1258132306,stream,Unnamed Waterway,0,0
1258132307,stream,Unnamed Waterway,0,0
1258132308,stream,Unnamed Waterway,0,0
1258132309,stream,Unnamed Waterway,0,0
1258132310,stream,Unnamed Waterway,0,0
1258132315,stream,Unnamed Waterway,0,0
1258132316,stream,Unnamed Waterway,0,0
1258132317,stream,Unnamed Waterway,0,0
1258132318,stream,Unnamed Waterway,0,0
1258132319,stream,Unnamed Waterway,0,0
1258132320,stream,Unnamed Waterway,0,0
1258132321,stream,Unnamed Waterway,0,0
1258132322,stream,Unnamed Waterway,0,0
1258132323,stream,Unnamed Waterway,0,0
1258132324,stream,Unnamed Waterway,0,0
1258132325,stream,Unnamed Waterway,0,0
1258132326,stream,Unnamed Waterway,0,0
1258134512,stream,Unnamed Waterway,0,0
1258134513,stream,Unnamed Waterway,0,0
1258134515,stream,Unnamed Waterway,0,0
1258141050,stream,Unnamed Waterway,0,0
1258141051,stream,Unnamed Waterway,0,0
1258141052,stream,Unnamed Waterway,0,0
1258141053,river,Unnamed Waterway,0,0
1258144424,stream,Unnamed Waterway,0,0
1258144425,stream,Unnamed Waterway,0,0
1258144426,stream,Unnamed Waterway,0,0
1258157733,canal,Unnamed Waterway,0,0
1258157734,canal,Unnamed Waterway,0,0
1258157745,canal,Unnamed Waterway,0,0
1258157746,canal,Unnamed Waterway,0,0
1258157748,canal,Unnamed Waterway,0,0
1258157753,canal,Unnamed Waterway,0,0
1258157754,canal,Unnamed Waterway,0,0
1258157759,canal,Unnamed Waterway,0,0
1258157773,canal,Unnamed Waterway,0,0
1258157788,canal,Unnamed Waterway,0,0
1258158697,stream,Unnamed Waterway,0,0
1258158698,stream,Unnamed Waterway,0,0
1258158699,stream,Unnamed Waterway,0,0
1258158709,canal,Unnamed Waterway,0,0
1258158732,stream,Unnamed Waterway,0,0
1258158733,stream,Unnamed Waterway,0,0
1258158734,stream,Unnamed Waterway,0,0
1258158742,stream,Unnamed Waterway,0,0
1258158743,stream,Unnamed Waterway,0,0
1258183759,canal,Unnamed Waterway,0,0
1258183760,canal,Unnamed Waterway,0,0
1258183761,canal,Unnamed Waterway,0,0
1258183767,stream,Unnamed Waterway,0,0
1258183768,stream,Unnamed Waterway,0,0
1258183769,stream,Unnamed Waterway,0,0
1258183826,stream,Unnamed Waterway,0,0
1258183827,stream,Unnamed Waterway,0,0
1258183828,stream,Unnamed Waterway,0,0
1258183829,stream,Unnamed Waterway,0,0
1258183830,stream,Unnamed Waterway,0,0
1258183831,stream,Unnamed Waterway,0,0
1258183832,stream,Unnamed Waterway,0,0
1258183833,stream,Unnamed Waterway,0,0
1258183834,stream,Unnamed Waterway,0,0
1258183837,stream,Unnamed Waterway,0,0
1258183840,river,Unnamed Waterway,0,0
1258183841,stream,Unnamed Waterway,0,0
1258190872,stream,Unnamed Waterway,0,0
1258190873,stream,Unnamed Waterway,0,0
1258190874,stream,Unnamed Waterway,0,0
1258190880,stream,Unnamed Waterway,0,0
1258190881,stream,Unnamed Waterway,0,0
1258190882,stream,Unnamed Waterway,0,0
1258190883,stream,Unnamed Waterway,0,0
1258190884,stream,Unnamed Waterway,0,0
1258190885,stream,Unnamed Waterway,0,0
1258190886,stream,Unnamed Waterway,0,0
1258190887,stream,Unnamed Waterway,0,0
1258190888,stream,Unnamed Waterway,0,0
1258190890,stream,Unnamed Waterway,0,0
1258190891,stream,Unnamed Waterway,0,0
1258190892,stream,Unnamed Waterway,0,0
1258190894,stream,Unnamed Waterway,0,0
1258190895,stream,Unnamed Waterway,0,0
1258190896,stream,Unnamed Waterway,0,0
1258190897,stream,Unnamed Waterway,0,0
1258190898,stream,Unnamed Waterway,0,0
1258190899,stream,Unnamed Waterway,0,0
1258190900,stream,Unnamed Waterway,0,0
1258190901,stream,Unnamed Waterway,0,0
1258190902,stream,Unnamed Waterway,0,0
1258190903,stream,Unnamed Waterway,0,0
1258190904,stream,Unnamed Waterway,0,0
1258190905,stream,Unnamed Waterway,0,0
1258190907,stream,Unnamed Waterway,0,0
1258190908,stream,Unnamed Waterway,0,0
1258249382,canal,Unnamed Waterway,0,0
1258249393,canal,Unnamed Waterway,0,0
1258330683,canal,Unnamed Waterway,0,0
1258330688,stream,Unnamed Waterway,0,0
1258330690,stream,Unnamed Waterway,0,0
1258330691,stream,Unnamed Waterway,0,0
1258336853,stream,Unnamed Waterway,0,0
1258336854,stream,Unnamed Waterway,0,0
1258443826,river,Unnamed Waterway,0,0
1258443828,river,Unnamed Waterway,0,0
1258444594,river,Unnamed Waterway,0,0
1258445943,stream,Unnamed Waterway,0,0
1258450931,stream,Unnamed Waterway,0,0
1258450932,stream,Unnamed Waterway,0,0
1258450933,stream,Unnamed Waterway,0,0
1258450934,stream,Unnamed Waterway,0,0
1258450935,stream,Unnamed Waterway,0,0
1258450939,stream,Unnamed Waterway,0,0
1258450940,stream,Unnamed Waterway,0,0
1258556684,canal,Unnamed Waterway,0,0
1258556685,canal,Unnamed Waterway,0,0
1258556699,canal,Unnamed Waterway,0,0
1258556736,canal,Unnamed Waterway,0,0
1258763678,canal,قنات,0,0
1258763679,canal,قنات,0,0
1259198293,river,Budha Darya,0,0
1259326276,river,Unnamed Waterway,0,0
1259326281,stream,Unnamed Waterway,0,0
1259538315,canal,Unnamed Waterway,0,0
1259538316,canal,Unnamed Waterway,0,0
1259538317,canal,Unnamed Waterway,0,0
1259538318,canal,Unnamed Waterway,0,0
1259538319,canal,Unnamed Waterway,0,0
1259538320,canal,Unnamed Waterway,0,0
1261411117,stream,Unnamed Waterway,0,0
1261411118,stream,Unnamed Waterway,0,0
1261411119,stream,Unnamed Waterway,0,0
1261411120,stream,Unnamed Waterway,0,0
1261951031,canal,Unnamed Waterway,0,0
1261951033,canal,Unnamed Waterway,0,0
1261951034,canal,Unnamed Waterway,0,0
1262388603,river,Unnamed Waterway,0,0
1262391362,stream,Shawal River,0,0
1262521886,canal,Unnamed Waterway,0,0
1263146393,canal,Sem Canal,0,0
1263146395,canal,Sem Canal,0,0
1263146396,canal,Sem Canal,0,0
1263146397,canal,Unnamed Waterway,0,0
1263146398,canal,Sem Canal,0,0
1263146399,canal,Sem Canal,0,0
1263146400,canal,Sem Canal,0,0
1263146401,canal,Sem Canal,0,0
1263146402,canal,Sem Canal,0,0
1263162315,stream,Unnamed Waterway,0,0
1263617669,stream,Unnamed Waterway,0,0
1263618207,stream,Unnamed Waterway,0,0
1263618728,stream,Unnamed Waterway,0,0
1263619461,stream,Unnamed Waterway,0,0
1263957543,stream,Unnamed Waterway,0,0
1263957544,stream,Unnamed Waterway,0,0
1263957545,stream,Unnamed Waterway,0,0
1263957546,stream,Unnamed Waterway,0,0
1263957547,stream,Unnamed Waterway,0,0
1263960673,river,Unnamed Waterway,0,0
1263960674,river,Unnamed Waterway,0,0
1263960675,river,Unnamed Waterway,0,0
1263960680,river,Unnamed Waterway,0,0
1263960683,river,Unnamed Waterway,0,0
1263962523,stream,Unnamed Waterway,0,0
1263962525,river,Unnamed Waterway,0,0
1263962530,river,Unnamed Waterway,0,0
1263962535,stream,Unnamed Waterway,0,0
1263962536,stream,Unnamed Waterway,0,0
1263962541,river,Unnamed Waterway,0,0
1263962542,river,Unnamed Waterway,0,0
1263972109,canal,Unnamed Waterway,0,0
1264431071,stream,Unnamed Waterway,0,0
1264431072,stream,Unnamed Waterway,0,0
1264431073,stream,Unnamed Waterway,0,0
1264431074,stream,Unnamed Waterway,0,0
1264431075,stream,Unnamed Waterway,0,0
1264431076,stream,Unnamed Waterway,0,0
1264431077,stream,Unnamed Waterway,0,0
1264431078,stream,Unnamed Waterway,0,0
1264431079,stream,Unnamed Waterway,0,0
1264431080,stream,Unnamed Waterway,0,0
1264431081,stream,Unnamed Waterway,0,0
1264431082,stream,Unnamed Waterway,0,0
1264431083,stream,Unnamed Waterway,0,0
1264431084,stream,Unnamed Waterway,0,0
1264431085,stream,Unnamed Waterway,0,0
1264431086,stream,Unnamed Waterway,0,0
1264431087,stream,Unnamed Waterway,0,0
1264431088,stream,Unnamed Waterway,0,0
1264431089,stream,Unnamed Waterway,0,0
1264431090,stream,Unnamed Waterway,0,0
1264431091,stream,Unnamed Waterway,0,0
1264431092,stream,Unnamed Waterway,0,0
1264431093,stream,Unnamed Waterway,0,0
1264431094,stream,Unnamed Waterway,0,0
1264431095,stream,Unnamed Waterway,0,0
1264431096,stream,Unnamed Waterway,0,0
1264431097,stream,Unnamed Waterway,0,0
1264431098,stream,Unnamed Waterway,0,0
1264431099,stream,Unnamed Waterway,0,0
1264431100,stream,Unnamed Waterway,0,0
1264431101,stream,Unnamed Waterway,0,0
1264431102,stream,Unnamed Waterway,0,0
1264431103,stream,Unnamed Waterway,0,0
1264431104,stream,Unnamed Waterway,0,0
1264431105,stream,Unnamed Waterway,0,0
1264431106,stream,Unnamed Waterway,0,0
1264431107,stream,Unnamed Waterway,0,0
1264431108,stream,Unnamed Waterway,0,0
1264431109,stream,Unnamed Waterway,0,0
1264431110,stream,Unnamed Waterway,0,0
1264431111,stream,Unnamed Waterway,0,0
1264431112,stream,Unnamed Waterway,0,0
1264431113,stream,Unnamed Waterway,0,0
1264431114,stream,Unnamed Waterway,0,0
1264431115,stream,Unnamed Waterway,0,0
1264431116,stream,Unnamed Waterway,0,0
1264431117,stream,Unnamed Waterway,0,0
1264431118,stream,Unnamed Waterway,0,0
1264431119,stream,Unnamed Waterway,0,0
1264431120,stream,Unnamed Waterway,0,0
1264431121,stream,Unnamed Waterway,0,0
1264437009,river,Unnamed Waterway,0,0
1264437011,river,Unnamed Waterway,0,0
1264437022,river,Unnamed Waterway,0,0
1264437023,river,Unnamed Waterway,0,0
1264437032,river,Unnamed Waterway,0,0
1264437034,river,Unnamed Waterway,0,0
1264439535,river,Unnamed Waterway,0,0
1264439538,river,Unnamed Waterway,0,0
1264439539,river,Unnamed Waterway,0,0
1264439540,stream,Unnamed Waterway,0,0
1264456396,river,Unnamed Waterway,0,0
1264456397,stream,Unnamed Waterway,0,0
1264456398,stream,Unnamed Waterway,0,0
1264456399,stream,Unnamed Waterway,0,0
1264456400,stream,Unnamed Waterway,0,0
1264456401,stream,Unnamed Waterway,0,0
1264456402,stream,Unnamed Waterway,0,0
1264456403,stream,Unnamed Waterway,0,0
1264456404,stream,Unnamed Waterway,0,0
1264456405,stream,Unnamed Waterway,0,0
1264456406,stream,Unnamed Waterway,0,0
1264456407,stream,Unnamed Waterway,0,0
1264456408,stream,Unnamed Waterway,0,0
1264458856,stream,Unnamed Waterway,0,0
1264458858,stream,Unnamed Waterway,0,0
1264497173,canal,Unnamed Waterway,0,0
1264502631,canal,Unnamed Waterway,0,0
1264826631,stream,Unnamed Waterway,0,0
1264826634,stream,Unnamed Waterway,0,0
1264826635,stream,Unnamed Waterway,0,0
1264826645,river,Unnamed Waterway,0,0
1264826646,river,Chitral River / Kunar River,0,0
1264826648,river,Chitral River / Kunar River,0,0
1264826655,river,Chitral River / Kunar River,0,0
1264826658,river,Chitral River / Kunar River,0,0
1264826660,river,Chitral River / Kunar River,0,0
1264826663,river,Kunar کونړ,0,0
1264826667,river,Kunar کونړ,0,0
1264826670,river,Kunar کونړ,0,0
1264829918,river,Kunar دریائے چترال,0,0
1264829921,river,Chitral River / Kunar River,0,0
1264829922,river,Chitral River / Kunar River,0,0
1264829926,river,Chitral River / Kunar River,0,0
1264829927,river,Chitral River / Kunar River,0,0
1264829934,river,Chitral River / Kunar River,0,0
1264829936,river,Chitral River / Kunar River,0,0
1265011875,river,Unnamed Waterway,0,0
1265043262,river,Unnamed Waterway,0,0
1265043264,river,Unnamed Waterway,0,0
1265043269,stream,Unnamed Waterway,0,0
1265043270,river,Unnamed Waterway,0,0
1265043273,river,River,0,0
1265043276,river,Kunar دریائے چترال,0,0
1265043278,river,Unnamed Waterway,0,0
1265043285,river,Kunar دریائے چترال,0,0
1265054890,canal,Unnamed Waterway,0,0
1265054891,canal,Unnamed Waterway,0,0
1265054892,canal,Unnamed Waterway,0,0
1265054893,canal,Unnamed Waterway,0,0
1265054894,canal,Unnamed Waterway,0,0
1266007142,stream,Unnamed Waterway,0,0
1268886683,canal,Unnamed Waterway,0,0
1268918971,river,دریائے نیلم,0,0
1269001263,river,Unnamed Waterway,0,0
1269005452,stream,Unnamed Waterway,0,0
1269005453,stream,Unnamed Waterway,0,0
1270453279,canal,Unnamed Waterway,0,0
1270453308,canal,Unnamed Waterway,0,0
1270453323,canal,Unnamed Waterway,0,0
1270453332,canal,Unnamed Waterway,0,0
1270453335,canal,Unnamed Waterway,0,0
1270453336,canal,Unnamed Waterway,0,0
1270453343,canal,Unnamed Waterway,0,0
1270453349,canal,Unnamed Waterway,0,0
1270453352,canal,Unnamed Waterway,0,0
1270453364,canal,Unnamed Waterway,0,0
1270453371,canal,Unnamed Waterway,0,0
1270453376,canal,Unnamed Waterway,0,0
1270454478,canal,Unnamed Waterway,0,0
1270454479,canal,Unnamed Waterway,0,0
1270454480,canal,Unnamed Waterway,0,0
1270454489,canal,Unnamed Waterway,0,0
1270454496,canal,Unnamed Waterway,0,0
1270455865,canal,Unnamed Waterway,0,0
1270455871,canal,Unnamed Waterway,0,0
1270456681,canal,Unnamed Waterway,0,0
1270456685,canal,Unnamed Waterway,0,0
1270456688,canal,Unnamed Waterway,0,0
1270456693,canal,Unnamed Waterway,0,0
1270456698,canal,Unnamed Waterway,0,0
1270456701,canal,Unnamed Waterway,0,0
1270457440,river,Unnamed Waterway,0,0
1270460233,canal,Unnamed Waterway,0,0
1270460239,canal,Unnamed Waterway,0,0
1270460240,canal,Unnamed Waterway,0,0
1270460241,canal,Unnamed Waterway,0,0
1270460248,canal,Unnamed Waterway,0,0
1270460249,canal,Muzaffar Distributary,0,0
1270460250,canal,Unnamed Waterway,0,0
1270460259,canal,Unnamed Waterway,0,0
1270460265,canal,Mangowal Distributary,0,0
1270460269,canal,Unnamed Waterway,0,0
1270464862,canal,Unnamed Waterway,0,0
1270464890,canal,Unnamed Waterway,0,0
1270464932,canal,Unnamed Waterway,0,0
1270464946,canal,Unnamed Waterway,0,0
1270464958,river,Unnamed Waterway,0,0
1270464972,river,Unnamed Waterway,0,0
1270464973,canal,Unnamed Waterway,0,0
1271223836,canal,Unnamed Waterway,0,0
1271223837,canal,Unnamed Waterway,0,0
1271223838,canal,Unnamed Waterway,0,0
1271223839,canal,Unnamed Waterway,0,0
1271223840,canal,Unnamed Waterway,0,0
1271223858,canal,Unnamed Waterway,0,0
1271223859,canal,Unnamed Waterway,0,0
1271223863,canal,Unnamed Waterway,0,0
1271223864,canal,Unnamed Waterway,0,0
1271223865,canal,Unnamed Waterway,0,0
1271223866,canal,Unnamed Waterway,0,0
1271223867,canal,Unnamed Waterway,0,0
1271223873,canal,Unnamed Waterway,0,0
1271223874,canal,Unnamed Waterway,0,0
1271223875,canal,Unnamed Waterway,0,0
1271223876,canal,Unnamed Waterway,0,0
1271223877,canal,Unnamed Waterway,0,0
1271223878,canal,Unnamed Waterway,0,0
1271223879,canal,Unnamed Waterway,0,0
1271223880,canal,Unnamed Waterway,0,0
1271223882,canal,Unnamed Waterway,0,0
1271223883,canal,Unnamed Waterway,0,0
1271223887,canal,Unnamed Waterway,0,0
1271223888,canal,Unnamed Waterway,0,0
1271223900,canal,Unnamed Waterway,0,0
1271223901,canal,Unnamed Waterway,0,0
1271223902,canal,Unnamed Waterway,0,0
1271223903,canal,Unnamed Waterway,0,0
1271223904,canal,Unnamed Waterway,0,0
1271223915,canal,Unnamed Waterway,0,0
1271223916,canal,Unnamed Waterway,0,0
1271223917,canal,Unnamed Waterway,0,0
1271223918,canal,Unnamed Waterway,0,0
1271223919,canal,Unnamed Waterway,0,0
1271223920,canal,Unnamed Waterway,0,0
1271223921,canal,Unnamed Waterway,0,0
1271223922,canal,Unnamed Waterway,0,0
1271223923,canal,Unnamed Waterway,0,0
1271229299,canal,Unnamed Waterway,0,0
1271229300,canal,Unnamed Waterway,0,0
1271248620,stream,Unnamed Waterway,0,0
1271248621,stream,Unnamed Waterway,0,0
1271248623,stream,Unnamed Waterway,0,0
1271248624,stream,Unnamed Waterway,0,0
1272033615,stream,Unnamed Waterway,0,0
1272033618,stream,Unnamed Waterway,0,0
1272033619,stream,Unnamed Waterway,0,0
1272033620,stream,Unnamed Waterway,0,0
1272033621,stream,Unnamed Waterway,0,0
1272574347,stream,Unnamed Waterway,0,0
1272672437,canal,Dangahi Minor,0,0
1272672438,canal,Dangahi Minor,0,0
1272672442,canal,Dangahi Minor,0,0
1272672443,canal,Dangahi Minor,0,0
1272672475,canal,Muridke Distributary,0,0
1272672476,canal,Muridke Distributary,0,0
1272672477,canal,Muridke Distributary,0,0
1272672478,canal,Muridke Distributary,0,0
1272689678,canal,Unnamed Waterway,0,0
1273304460,canal,Unnamed Waterway,0,0
1273304464,canal,Unnamed Waterway,0,0
1273790793,stream,Unnamed Waterway,0,0
1273976196,canal,Unnamed Waterway,0,0
1273976197,canal,Unnamed Waterway,0,0
1273976198,canal,Unnamed Waterway,0,0
1273976204,canal,Unnamed Waterway,0,0
1273976205,canal,Unnamed Waterway,0,0
1273976206,canal,Unnamed Waterway,0,0
1273976207,canal,Unnamed Waterway,0,0
1273976208,canal,Unnamed Waterway,0,0
1273976209,canal,Unnamed Waterway,0,0
1273976210,canal,Unnamed Waterway,0,0
1273976211,canal,Unnamed Waterway,0,0
1273976212,canal,Unnamed Waterway,0,0
1274267341,canal,Unnamed Waterway,0,0
1274267343,canal,Unnamed Waterway,0,0
1274267344,canal,Unnamed Waterway,0,0
1274267345,canal,Unnamed Waterway,0,0
1274442238,stream,Unnamed Waterway,0,0
1274442239,stream,Unnamed Waterway,0,0
1274568371,canal,Unnamed Waterway,0,0
1274568992,canal,Unnamed Waterway,0,0
1274568993,canal,Unnamed Waterway,0,0
1274568994,canal,Unnamed Waterway,0,0
1274568995,canal,Unnamed Waterway,0,0
1274569338,canal,Unnamed Waterway,0,0
1274569339,canal,Unnamed Waterway,0,0
1274569702,canal,Unnamed Waterway,0,0
1274570249,canal,Unnamed Waterway,0,0
1274570250,canal,Unnamed Waterway,0,0
1274570254,canal,Unnamed Waterway,0,0
1274570255,canal,Unnamed Waterway,0,0
1274570256,canal,Unnamed Waterway,0,0
1274572703,canal,Unnamed Waterway,0,0
1274574445,canal,Unnamed Waterway,0,0
1274776387,river,Unnamed Waterway,0,0
1274777449,river,Unnamed Waterway,0,0
1274777450,stream,Unnamed Waterway,0,0
1274779290,stream,Unnamed Waterway,0,0
1274781556,river,Unnamed Waterway,0,0
1274789707,canal,Unnamed Waterway,0,0
1274792790,river,Unnamed Waterway,0,0
1274793837,river,Unnamed Waterway,0,0
1274793838,stream,Unnamed Waterway,0,0
1274793839,stream,Unnamed Waterway,0,0
1274793840,stream,Unnamed Waterway,0,0
1274793842,stream,Unnamed Waterway,0,0
1274798393,stream,Unnamed Waterway,0,0
1274798394,river,Unnamed Waterway,0,0
1274798395,stream,Unnamed Waterway,0,0
1274799939,stream,Unnamed Waterway,0,0
1274802630,stream,Unnamed Waterway,0,0
1274802631,stream,Unnamed Waterway,0,0
1274806196,stream,Unnamed Waterway,0,0
1274817304,river,Unnamed Waterway,0,0
1275168360,river,Unnamed Waterway,0,0
1275491107,canal,Unnamed Waterway,0,0
1275491108,canal,Unnamed Waterway,0,0
1275491109,canal,Unnamed Waterway,0,0
1275491110,canal,Unnamed Waterway,0,0
1275505489,stream,Unnamed Waterway,0,0
1275735175,canal,Unnamed Waterway,0,0
1275735176,canal,Unnamed Waterway,0,0
1276009770,river,Indus دریائے سندھ,0,0
1276009771,river,Indus دریائے سندھ,0,0
1276082300,stream,Satpara Gol,0,0
1276082301,river,Indus دریائے سندھ,0,0
1276291258,river,دریائے شیوک,0,0
1276291259,river,دریائے شیوک,0,0
1276291264,river,دریائے شیوک,0,0
1276291265,river,Hushe River,0,0
1276299144,river,Astore River,0,0
1276323363,river,Unnamed Waterway,0,0
1276323621,river,Unnamed Waterway,0,0
1276323622,river,Unnamed Waterway,0,0
1276348890,stream,Unnamed Waterway,0,0
1276348891,stream,Unnamed Waterway,0,0
1276410657,river,Unnamed Waterway,0,0
1276411549,river,Unnamed Waterway,0,0
1276486426,river,Unnamed Waterway,0,0
1276486427,river,Unnamed Waterway,0,0
1276486428,river,Unnamed Waterway,0,0
1276486429,river,Unnamed Waterway,0,0
1276712759,stream,Unnamed Waterway,0,0
1276712760,stream,Unnamed Waterway,0,0
1276765583,canal,Unnamed Waterway,0,0
1277754984,canal,Unnamed Waterway,0,0
1277754985,canal,Unnamed Waterway,0,0
1278409808,canal,Unnamed Waterway,0,0
1278409809,canal,Unnamed Waterway,0,0
1278683938,stream,Unnamed Waterway,0,0
1278683939,stream,Unnamed Waterway,0,0
1278683940,stream,Unnamed Waterway,0,0
1278683941,stream,Unnamed Waterway,0,0
1278688401,canal,Unnamed Waterway,0,0
1278688402,canal,Unnamed Waterway,0,0
1278691065,canal,Unnamed Waterway,0,0
1278691066,canal,Unnamed Waterway,0,0
1278692301,stream,Unnamed Waterway,0,0
1278692302,stream,Unnamed Waterway,0,0
1278692838,canal,Unnamed Waterway,0,0
1278692839,canal,Unnamed Waterway,0,0
1278781502,canal,Unnamed Waterway,0,0
1278781503,canal,Unnamed Waterway,0,0
1278933125,stream,Unnamed Waterway,0,0
1278933126,stream,Unnamed Waterway,0,0
1278933127,stream,Unnamed Waterway,0,0
1278933128,stream,Unnamed Waterway,0,0
1278933129,stream,Unnamed Waterway,0,0
1278933130,stream,Unnamed Waterway,0,0
1278933131,stream,Unnamed Waterway,0,0
1278933132,stream,Unnamed Waterway,0,0
1278958520,canal,Unnamed Waterway,0,0
1278958539,canal,Unnamed Waterway,0,0
1278958549,canal,Unnamed Waterway,0,0
1278958556,canal,Unnamed Waterway,0,0
1278958563,canal,Unnamed Waterway,0,0
1278958571,canal,Unnamed Waterway,0,0
1278958702,canal,لوئر چناب نہر,0,0
1278960602,canal,Unnamed Waterway,0,0
1278960608,canal,Unnamed Waterway,0,0
1278960609,canal,Unnamed Waterway,0,0
1278960610,canal,Unnamed Waterway,0,0
1278960611,canal,Unnamed Waterway,0,0
1278960615,canal,Unnamed Waterway,0,0
1278960618,canal,Unnamed Waterway,0,0
1278960623,canal,Baath Distributory,0,0
1278960624,canal,Unnamed Waterway,0,0
1278960625,canal,Unnamed Waterway,0,0
1278960626,canal,Unnamed Waterway,0,0
1278960633,canal,Unnamed Waterway,0,0
1278960634,canal,Unnamed Waterway,0,0
1278960639,canal,Unnamed Waterway,0,0
1278960640,canal,Unnamed Waterway,0,0
1278960650,canal,Unnamed Waterway,0,0
1278960655,canal,Unnamed Waterway,0,0
1278960676,canal,Unnamed Waterway,0,0
1278960677,canal,Unnamed Waterway,0,0
1278960678,canal,Unnamed Waterway,0,0
1278960679,canal,Unnamed Waterway,0,0
1278965010,canal,Unnamed Waterway,0,0
1278965011,canal,Unnamed Waterway,0,0
1278965012,canal,Unnamed Waterway,0,0
1278965013,canal,Unnamed Waterway,0,0
1278965050,canal,Unnamed Waterway,0,0
1278965051,canal,Unnamed Waterway,0,0
1278965052,canal,Unnamed Waterway,0,0
1278965063,stream,Unnamed Waterway,0,0
1278965064,stream,Unnamed Waterway,0,0
1278965065,stream,Unnamed Waterway,0,0
1278965066,stream,Unnamed Waterway,0,0
1278965067,stream,Unnamed Waterway,0,0
1278965068,stream,Unnamed Waterway,0,0
1278965069,stream,Unnamed Waterway,0,0
1278965070,stream,Unnamed Waterway,0,0
1278965071,stream,Unnamed Waterway,0,0
1278965072,stream,Unnamed Waterway,0,0
1278983309,canal,Unnamed Waterway,0,0
1278983310,canal,Unnamed Waterway,0,0
1278985309,canal,Unnamed Waterway,0,0
1279201588,canal,Unnamed Waterway,0,0
1279201589,canal,Unnamed Waterway,0,0
1279201590,canal,Unnamed Waterway,0,0
1279201591,canal,Unnamed Waterway,0,0
1279209864,canal,Unnamed Waterway,0,0
1279209865,canal,Unnamed Waterway,0,0
1279209866,canal,Unnamed Waterway,0,0
1279209867,canal,Unnamed Waterway,0,0
1279209868,canal,Unnamed Waterway,0,0
1279209870,canal,Unnamed Waterway,0,0
1279209871,canal,Unnamed Waterway,0,0
1279209872,canal,Unnamed Waterway,0,0
1279209873,canal,Unnamed Waterway,0,0
1279209874,canal,Unnamed Waterway,0,0
1279209875,canal,Unnamed Waterway,0,0
1279209881,canal,Unnamed Waterway,0,0
1279209882,canal,Unnamed Waterway,0,0
1279209883,canal,Unnamed Waterway,0,0
1279209884,canal,Unnamed Waterway,0,0
1279209885,canal,Unnamed Waterway,0,0
1279209886,canal,Unnamed Waterway,0,0
1279209887,canal,Unnamed Waterway,0,0
1279209888,canal,Unnamed Waterway,0,0
1279209889,canal,Unnamed Waterway,0,0
1279209890,canal,Unnamed Waterway,0,0
1279822279,canal,Unnamed Waterway,0,0
1279822280,canal,Unnamed Waterway,0,0
1280524323,canal,Unnamed Waterway,0,0
1280554086,river,دریائے سواں,0,0
1282013470,canal,Waghwala Distributary,0,0
1282013473,canal,Unnamed Waterway,0,0
1282013475,canal,Unnamed Waterway,0,0
1282013476,canal,Waghwala Distributary,0,0
1282013477,canal,Unnamed Waterway,0,0
1282013478,canal,Waghwala Distributary,0,0
1282013479,canal,Unnamed Waterway,0,0
1282013482,canal,Waghwala Distributary,0,0
1282341175,river,Stak Nala,0,0
1282341176,river,Goropa,0,0
1282342130,stream,Unnamed Waterway,0,0
1282365813,stream,Bazgang Lungma,0,0
1282446172,canal,Unnamed Waterway,0,0
1282446173,canal,Unnamed Waterway,0,0
1282706108,canal,Jandoki Distributary,0,0
1282722684,canal,جگانوالہ ڈسٹری بیوٹری,0,0
1282722685,canal,جگانوالہ ڈسٹری بیوٹری,0,0
1283293523,canal,Unnamed Waterway,0,0
1283293524,canal,Unnamed Waterway,0,0
1283314103,canal,Unnamed Waterway,0,0
1283314104,canal,Unnamed Waterway,0,0
1283314105,canal,Unnamed Waterway,0,0
1283314106,canal,Unnamed Waterway,0,0
1283314129,canal,Unnamed Waterway,0,0
1283314130,canal,Unnamed Waterway,0,0
1283777378,stream,Unnamed Waterway,0,0
1283777379,stream,Unnamed Waterway,0,0
1283777380,stream,Unnamed Waterway,0,0
1283777381,stream,Unnamed Waterway,0,0
1283777382,stream,Unnamed Waterway,0,0
1283806371,river,Unnamed Waterway,0,0
1283806372,stream,Unnamed Waterway,0,0
1283824395,stream,Unnamed Waterway,0,0
1283824397,stream,Unnamed Waterway,0,0
1283824408,stream,Unnamed Waterway,0,0
1283831537,stream,Unnamed Waterway,0,0
1283833260,stream,Khema,0,0
1283833261,stream,Unnamed Waterway,0,0
1283846306,stream,Unnamed Waterway,0,0
1283846307,stream,Bramal Pushop Lungma,0,0
1283846308,stream,Unnamed Waterway,0,0
1283846309,stream,Chhuchungo Lungma,0,0
1283846310,stream,Bramal Choko Lungma,0,0
1283846780,stream,Lungma Shisha,0,0
1283846781,stream,Kanthar Brok,0,0
1284269132,stream,Unnamed Waterway,0,0
1284269133,stream,Unnamed Waterway,0,0
1284269134,stream,Unnamed Waterway,0,0
1284269135,stream,Unnamed Waterway,0,0
1284627056,stream,Khasum Kor,0,0
1284632420,stream,Khisa Lungma,0,0
1284638630,stream,Khema,0,0
1284638642,stream,Unnamed Waterway,0,0
1284646056,canal,Unnamed Waterway,0,0
1284646081,canal,Unnamed Waterway,0,0
1284646088,canal,Unnamed Waterway,0,0
1284646091,canal,Unnamed Waterway,0,0
1284970486,stream,Salispur Gah,0,0
1284970487,river,Bujar Gah,0,0
1286169239,stream,Unnamed Waterway,0,0
1286169240,stream,Unnamed Waterway,0,0
1286169241,stream,Unnamed Waterway,0,0
1286169242,stream,Unnamed Waterway,0,0
1286169243,stream,Unnamed Waterway,0,0
1286169244,stream,Unnamed Waterway,0,0
1286169245,stream,Unnamed Waterway,0,0
1286169246,stream,Unnamed Waterway,0,0
1286169247,stream,Unnamed Waterway,0,0
1286169248,stream,Unnamed Waterway,0,0
1286169249,stream,Unnamed Waterway,0,0
1286177445,stream,Unnamed Waterway,0,0
1286177446,stream,Unnamed Waterway,0,0
1286177447,stream,Unnamed Waterway,0,0
1286177448,stream,Unnamed Waterway,0,0
1286329384,river,Unnamed Waterway,0,0
1286329385,river,Unnamed Waterway,0,0
1286329386,river,Unnamed Waterway,0,0
1286429680,stream,Unnamed Waterway,0,0
1286429681,stream,Unnamed Waterway,0,0
1286429682,stream,Unnamed Waterway,0,0
1286450581,stream,Unnamed Waterway,0,0
1286450584,river,Unnamed Waterway,0,0
1286450585,stream,Unnamed Waterway,0,0
1286450586,stream,Unnamed Waterway,0,0
1286450587,stream,Unnamed Waterway,0,0
1286450588,stream,Unnamed Waterway,0,0
1286450589,stream,Unnamed Waterway,0,0
1286450590,stream,Unnamed Waterway,0,0
1286450592,river,Unnamed Waterway,0,0
1286450593,stream,Unnamed Waterway,0,0
1286450594,stream,Unnamed Waterway,0,0
1286450598,stream,Unnamed Waterway,0,0
1286450603,river,Unnamed Waterway,0,0
1286450610,stream,Unnamed Waterway,0,0
1286450615,stream,Unnamed Waterway,0,0
1286450616,stream,Unnamed Waterway,0,0
1286450617,stream,Unnamed Waterway,0,0
1286450628,river,Unnamed Waterway,0,0
1286450629,stream,Unnamed Waterway,0,0
1286452725,stream,Unnamed Waterway,0,0
1286452726,stream,Unnamed Waterway,0,0
1286452728,stream,Unnamed Waterway,0,0
1286452730,river,Unnamed Waterway,0,0
1286452735,stream,Unnamed Waterway,0,0
1286452739,stream,Unnamed Waterway,0,0
1286452746,stream,Unnamed Waterway,0,0
1286452747,river,Unnamed Waterway,0,0
1286452748,river,Unnamed Waterway,0,0
1286452752,river,Unnamed Waterway,0,0
1286452762,river,Unnamed Waterway,0,0
1286452765,stream,Unnamed Waterway,0,0
1286452766,river,Unnamed Waterway,0,0
1286452767,river,Unnamed Waterway,0,0
1286452768,stream,Unnamed Waterway,0,0
1286453316,river,Unnamed Waterway,0,0
1286453319,stream,Unnamed Waterway,0,0
1286453320,stream,Unnamed Waterway,0,0
1286453321,stream,Unnamed Waterway,0,0
1286453322,river,Unnamed Waterway,0,0
1286453323,river,Unnamed Waterway,0,0
1286453326,stream,Unnamed Waterway,0,0
1286453329,stream,Unnamed Waterway,0,0
1286455556,stream,Unnamed Waterway,0,0
1286455557,river,Unnamed Waterway,0,0
1286455560,stream,Unnamed Waterway,0,0
1286455568,stream,Unnamed Waterway,0,0
1286455569,stream,Unnamed Waterway,0,0
1286455571,stream,Unnamed Waterway,0,0
1286455572,stream,Unnamed Waterway,0,0
1286455578,stream,Unnamed Waterway,0,0
1286455579,stream,Unnamed Waterway,0,0
1286455580,stream,Unnamed Waterway,0,0
1286455581,stream,Unnamed Waterway,0,0
1286455582,stream,Unnamed Waterway,0,0
1286455583,stream,Unnamed Waterway,0,0
1286455584,stream,Unnamed Waterway,0,0
1286455587,stream,Unnamed Waterway,0,0
1286455588,stream,Unnamed Waterway,0,0
1286455589,stream,Unnamed Waterway,0,0
1286455593,stream,Unnamed Waterway,0,0
1286455596,stream,Unnamed Waterway,0,0
1286455597,stream,Unnamed Waterway,0,0
1286455598,stream,Unnamed Waterway,0,0
1286455599,stream,Unnamed Waterway,0,0
1286455601,stream,Unnamed Waterway,0,0
1286455602,stream,Unnamed Waterway,0,0
1286455603,stream,Unnamed Waterway,0,0
1286455604,stream,Unnamed Waterway,0,0
1286455605,river,Unnamed Waterway,0,0
1286455606,river,Unnamed Waterway,0,0
1286455607,stream,Unnamed Waterway,0,0
1286455655,stream,Unnamed Waterway,0,0
1286458556,stream,Unnamed Waterway,0,0
1286458558,stream,Unnamed Waterway,0,0
1286458559,river,Unnamed Waterway,0,0
1286458560,stream,Unnamed Waterway,0,0
1286458561,stream,Unnamed Waterway,0,0
1286458562,river,Unnamed Waterway,0,0
1286458563,stream,Unnamed Waterway,0,0
1286458564,stream,Unnamed Waterway,0,0
1286458565,stream,Unnamed Waterway,0,0
1286458566,stream,Unnamed Waterway,0,0
1286460374,stream,Unnamed Waterway,0,0
1286460375,stream,Unnamed Waterway,0,0
1286460376,stream,Unnamed Waterway,0,0
1286460377,stream,Unnamed Waterway,0,0
1286460382,stream,Unnamed Waterway,0,0
1286460388,stream,Unnamed Waterway,0,0
1286460391,stream,Unnamed Waterway,0,0
1286462452,river,Singal Nala,0,0
1286462453,stream,Unnamed Waterway,0,0
1286462454,stream,Unnamed Waterway,0,0
1286462455,stream,Unnamed Waterway,0,0
1286462456,stream,Unnamed Waterway,0,0
1286462458,stream,Unnamed Waterway,0,0
1286462459,stream,Unnamed Waterway,0,0
1286462460,stream,Unnamed Waterway,0,0
1286462461,stream,Unnamed Waterway,0,0
1286462464,stream,Unnamed Waterway,0,0
1286462465,stream,Unnamed Waterway,0,0
1286462466,stream,Unnamed Waterway,0,0
1286462467,stream,Unnamed Waterway,0,0
1286462468,stream,Unnamed Waterway,0,0
1286462471,stream,Unnamed Waterway,0,0
1286462472,stream,Unnamed Waterway,0,0
1286462473,stream,Unnamed Waterway,0,0
1286462474,river,Unnamed Waterway,0,0
1286462477,stream,Unnamed Waterway,0,0
1286462478,river,Unnamed Waterway,0,0
1286462481,stream,Unnamed Waterway,0,0
1286462482,stream,Kargah,0,0
1286462485,river,Unnamed Waterway,0,0
1286462486,river,Unnamed Waterway,0,0
1286462487,stream,Unnamed Waterway,0,0
1286462488,stream,Unnamed Waterway,0,0
1286462489,stream,Salispur Gah,0,0
1286463549,stream,Unnamed Waterway,0,0
1286464889,stream,Unnamed Waterway,0,0
1286464890,stream,Unnamed Waterway,0,0
1286464891,stream,Unnamed Waterway,0,0
1286464892,stream,Unnamed Waterway,0,0
1286464893,stream,Unnamed Waterway,0,0
1286464894,stream,Unnamed Waterway,0,0
1286464895,stream,Unnamed Waterway,0,0
1286464896,stream,Unnamed Waterway,0,0
1286464897,stream,Unnamed Waterway,0,0
1286464898,stream,Unnamed Waterway,0,0
1286464899,stream,Unnamed Waterway,0,0
1286464900,stream,Unnamed Waterway,0,0
1286464901,stream,Unnamed Waterway,0,0
1286464902,stream,Unnamed Waterway,0,0
1286464903,river,Unnamed Waterway,0,0
1286494784,stream,Unnamed Waterway,0,0
1286494785,stream,Unnamed Waterway,0,0
1286494786,stream,Unnamed Waterway,0,0
1286494787,stream,Unnamed Waterway,0,0
1286494788,stream,Unnamed Waterway,0,0
1286494789,stream,Unnamed Waterway,0,0
1286494790,stream,Unnamed Waterway,0,0
1286494791,stream,Unnamed Waterway,0,0
1286494792,stream,Unnamed Waterway,0,0
1286494793,stream,Unnamed Waterway,0,0
1286494794,stream,Unnamed Waterway,0,0
1286494795,stream,Unnamed Waterway,0,0
1286494796,stream,Unnamed Waterway,0,0
1286494797,stream,Unnamed Waterway,0,0
1286494798,stream,Unnamed Waterway,0,0
1286494799,stream,Unnamed Waterway,0,0
1286494800,stream,Unnamed Waterway,0,0
1286494801,stream,Unnamed Waterway,0,0
1286494809,stream,Unnamed Waterway,0,0
1286494810,stream,Unnamed Waterway,0,0
1286494811,stream,Unnamed Waterway,0,0
1286494812,stream,Unnamed Waterway,0,0
1286509191,river,Kotgaz,0,0
1286509193,stream,Unnamed Waterway,0,0
1286509194,stream,Unnamed Waterway,0,0
1286509198,stream,Unnamed Waterway,0,0
1286509200,stream,Unnamed Waterway,0,0
1286509211,stream,Unnamed Waterway,0,0
1286509212,stream,Unnamed Waterway,0,0
1286509214,stream,Unnamed Waterway,0,0
1286509215,stream,Unnamed Waterway,0,0
1286509217,stream,Unnamed Waterway,0,0
1286509218,stream,Unnamed Waterway,0,0
1286509219,stream,Unnamed Waterway,0,0
1286509220,stream,Unnamed Waterway,0,0
1286509221,stream,Unnamed Waterway,0,0
1286509222,stream,Unnamed Waterway,0,0
1286510864,river,Unnamed Waterway,0,0
1286510865,stream,Unnamed Waterway,0,0
1286510866,stream,Unnamed Waterway,0,0
1286510867,stream,Unnamed Waterway,0,0
1286510868,stream,Unnamed Waterway,0,0
1286513015,stream,Unnamed Waterway,0,0
1286513016,stream,Unnamed Waterway,0,0
1286513621,stream,Barbar Gol,0,0
1286513622,stream,Gorshai Gol,0,0
1286515640,stream,Unnamed Waterway,0,0
1286515664,stream,Unnamed Waterway,0,0
1286515665,river,Unnamed Waterway,0,0
1286517346,stream,Unnamed Waterway,0,0
1286707955,stream,Unnamed Waterway,0,0
1286707957,stream,Unnamed Waterway,0,0
1286707958,stream,Unnamed Waterway,0,0
1286707959,stream,Unnamed Waterway,0,0
1286707978,stream,Unnamed Waterway,0,0
1286707992,stream,Unnamed Waterway,0,0
1286709300,stream,Unnamed Waterway,0,0
1286709303,stream,Unnamed Waterway,0,0
1286709305,stream,Unnamed Waterway,0,0
1286709306,stream,Unnamed Waterway,0,0
1286709309,stream,Unnamed Waterway,0,0
1286709312,stream,Unnamed Waterway,0,0
1286709315,river,Unnamed Waterway,0,0
1286709322,stream,Unnamed Waterway,0,0
1286709323,stream,Unnamed Waterway,0,0
1286709324,stream,Unnamed Waterway,0,0
1286709325,stream,Unnamed Waterway,0,0
1286709326,stream,Unnamed Waterway,0,0
1286709337,stream,Unnamed Waterway,0,0
1286709338,stream,Unnamed Waterway,0,0
1286987638,stream,Unnamed Waterway,0,0
1286987639,stream,Unnamed Waterway,0,0
1286987640,stream,Unnamed Waterway,0,0
1286987641,stream,Unnamed Waterway,0,0
1286987642,stream,Unnamed Waterway,0,0
1286987643,stream,Unnamed Waterway,0,0
1286987644,stream,Unnamed Waterway,0,0
1286987645,stream,Unnamed Waterway,0,0
1286987646,stream,Unnamed Waterway,0,0
1286987647,stream,Unnamed Waterway,0,0
1286987648,stream,Unnamed Waterway,0,0
1286987649,stream,Unnamed Waterway,0,0
1286987650,stream,Unnamed Waterway,0,0
1286987651,stream,Unnamed Waterway,0,0
1286987652,stream,Unnamed Waterway,0,0
1286993958,stream,Unnamed Waterway,0,0
1286993964,stream,Unnamed Waterway,0,0
1286993970,stream,Unnamed Waterway,0,0
1286993973,river,Unnamed Waterway,0,0
1286996682,stream,Unnamed Waterway,0,0
1286996683,stream,Unnamed Waterway,0,0
1286996684,stream,Unnamed Waterway,0,0
1286996685,stream,Unnamed Waterway,0,0
1286996686,stream,Unnamed Waterway,0,0
1286996691,stream,Unnamed Waterway,0,0
1286996692,stream,Unnamed Waterway,0,0
1286996693,stream,Unnamed Waterway,0,0
1286996694,stream,Unnamed Waterway,0,0
1286996695,river,Unnamed Waterway,0,0
1286996697,stream,Unnamed Waterway,0,0
1286996699,stream,Unnamed Waterway,0,0
1286996700,stream,Unnamed Waterway,0,0
1286996701,stream,Unnamed Waterway,0,0
1286996707,river,Unnamed Waterway,0,0
1286996708,stream,Unnamed Waterway,0,0
1286996709,stream,Unnamed Waterway,0,0
1286996710,stream,Unnamed Waterway,0,0
1286996711,stream,Unnamed Waterway,0,0
1286999819,stream,Unnamed Waterway,0,0
1286999820,stream,Unnamed Waterway,0,0
1286999822,stream,Unnamed Waterway,0,0
1286999825,stream,Unnamed Waterway,0,0
1286999828,stream,Unnamed Waterway,0,0
1286999829,stream,Unnamed Waterway,0,0
1286999830,stream,Unnamed Waterway,0,0
1286999831,river,Unnamed Waterway,0,0
1287003849,stream,Unnamed Waterway,0,0
1287003850,stream,Unnamed Waterway,0,0
1287003851,stream,Unnamed Waterway,0,0
1287003852,stream,Unnamed Waterway,0,0
1287003853,stream,Unnamed Waterway,0,0
1287003854,stream,Unnamed Waterway,0,0
1287003859,stream,Unnamed Waterway,0,0
1287003860,stream,Unnamed Waterway,0,0
1287003861,stream,Unnamed Waterway,0,0
1287003862,stream,Unnamed Waterway,0,0
1287003863,stream,Unnamed Waterway,0,0
1287003866,stream,Unnamed Waterway,0,0
1287003867,stream,Unnamed Waterway,0,0
1287003869,stream,Unnamed Waterway,0,0
1287003872,stream,Unnamed Waterway,0,0
1287005394,stream,Unnamed Waterway,0,0
1287005397,stream,Unnamed Waterway,0,0
1287005398,stream,Unnamed Waterway,0,0
1287005399,stream,Unnamed Waterway,0,0
1287005400,stream,Unnamed Waterway,0,0
1287005406,stream,Unnamed Waterway,0,0
1287005407,stream,Unnamed Waterway,0,0
1287005411,stream,Unnamed Waterway,0,0
1287006240,stream,Unnamed Waterway,0,0
1287006241,river,Unnamed Waterway,0,0
1287008324,river,Unnamed Waterway,0,0
1287008327,river,Unnamed Waterway,0,0
1287008329,river,Unnamed Waterway,0,0
1287008330,river,Unnamed Waterway,0,0
1287009817,river,Unnamed Waterway,0,0
1287009818,stream,Potlatch,0,0
1287019448,stream,Unnamed Waterway,0,0
1287019451,stream,Unnamed Waterway,0,0
1287019453,stream,Unnamed Waterway,0,0
1287019456,stream,Unnamed Waterway,0,0
1287273671,stream,Unnamed Waterway,0,0
1287273672,stream,Unnamed Waterway,0,0
1287281906,stream,Unnamed Waterway,0,0
1287281907,stream,Unnamed Waterway,0,0
1287281908,stream,Unnamed Waterway,0,0
1287281909,stream,Unnamed Waterway,0,0
1287281911,stream,Unnamed Waterway,0,0
1287281912,stream,Unnamed Waterway,0,0
1287281915,stream,Unnamed Waterway,0,0
1287281916,stream,Unnamed Waterway,0,0
1287281917,stream,Unnamed Waterway,0,0
1287281918,stream,Unnamed Waterway,0,0
1287281931,stream,Unnamed Waterway,0,0
1287287957,stream,Unnamed Waterway,0,0
1287287962,stream,Unnamed Waterway,0,0
1287287963,stream,Unnamed Waterway,0,0
1287287964,stream,Unnamed Waterway,0,0
1287287966,stream,Unnamed Waterway,0,0
1287287972,stream,Unnamed Waterway,0,0
1287287973,stream,Unnamed Waterway,0,0
1287287974,stream,Unnamed Waterway,0,0
1287287976,stream,Unnamed Waterway,0,0
1287287982,stream,Unnamed Waterway,0,0
1287287985,stream,Unnamed Waterway,0,0
1287292055,river,Unnamed Waterway,0,0
1287292057,stream,Unnamed Waterway,0,0
1287292075,stream,Unnamed Waterway,0,0
1287292077,stream,Unnamed Waterway,0,0
1287292081,stream,Unnamed Waterway,0,0
1287294315,stream,Unnamed Waterway,0,0
1287294316,stream,Unnamed Waterway,0,0
1287297167,stream,Unnamed Waterway,0,0
1287297168,stream,Unnamed Waterway,0,0
1287297169,stream,Unnamed Waterway,0,0
1287298489,stream,Unnamed Waterway,0,0
1287542427,canal,Unnamed Waterway,0,0
1287542445,canal,Unnamed Waterway,0,0
1287542452,canal,Unnamed Waterway,0,0
1287542935,canal,Unnamed Waterway,0,0
1287548625,canal,Unnamed Waterway,0,0
1287548626,canal,Unnamed Waterway,0,0
1287548637,canal,Unnamed Waterway,0,0
1287548647,canal,Unnamed Waterway,0,0
1287548651,canal,Unnamed Waterway,0,0
1287548674,canal,Unnamed Waterway,0,0
1287890540,stream,Unnamed Waterway,0,0
1288200184,canal,Unnamed Waterway,0,0
1288200185,canal,Unnamed Waterway,0,0
1288200242,canal,Unnamed Waterway,0,0
1288200249,canal,Unnamed Waterway,0,0
1288200252,canal,Unnamed Waterway,0,0
1288205739,canal,Unnamed Waterway,0,0
1288205743,canal,Unnamed Waterway,0,0
1288205753,canal,Unnamed Waterway,0,0
1288205762,canal,Unnamed Waterway,0,0
1288205768,canal,Unnamed Waterway,0,0
1288211926,canal,Unnamed Waterway,0,0
1288211935,canal,Unnamed Waterway,0,0
1288211936,canal,Unnamed Waterway,0,0
1288211940,canal,Unnamed Waterway,0,0
1288211942,canal,Unnamed Waterway,0,0
1288211945,canal,Unnamed Waterway,0,0
1288213849,canal,Unnamed Waterway,0,0
1288215391,canal,Unnamed Waterway,0,0
1288215402,canal,Unnamed Waterway,0,0
1288215403,canal,Unnamed Waterway,0,0
1288216555,stream,Unnamed Waterway,0,0
1288219802,river,Khunjerāb River,0,0
1288544011,stream,Samayar Stream,0,0
1289088465,stream,Unnamed Waterway,0,0
1289093332,stream,Unnamed Waterway,0,0
1289093333,stream,Unnamed Waterway,0,0
1289195372,stream,Unnamed Waterway,0,0
1289195373,stream,Unnamed Waterway,0,0
1289459357,river,Unnamed Waterway,0,0
1289758338,stream,Unnamed Waterway,0,0
1290114717,stream,Unnamed Waterway,0,0
1290114723,stream,Unnamed Waterway,0,0
1290133455,stream,Unnamed Waterway,0,0
1290133456,stream,Unnamed Waterway,0,0
1290133459,stream,Unnamed Waterway,0,0
1290133461,stream,Unnamed Waterway,0,0
1290133462,stream,Unnamed Waterway,0,0
1290133463,stream,Unnamed Waterway,0,0
1292025108,stream,Unnamed Waterway,0,0
1292028217,stream,Unnamed Waterway,0,0
1292238779,stream,Unnamed Waterway,0,0
1292238780,stream,Unnamed Waterway,0,0
1292238781,stream,Unnamed Waterway,0,0
1292685530,stream,Unnamed Waterway,0,0
1292973152,stream,Unnamed Waterway,0,0
1293041769,canal,Unnamed Waterway,0,0
1293041770,canal,Unnamed Waterway,0,0
1293041773,canal,Unnamed Waterway,0,0
1293041774,canal,Unnamed Waterway,0,0
1293041777,canal,Unnamed Waterway,0,0
1293041778,canal,Unnamed Waterway,0,0
1293564081,stream,Unnamed Waterway,0,0
1294804258,river,Unnamed Waterway,0,0
1295072055,stream,Sai Nala,0,0
1295072056,river,Unnamed Waterway,0,0
1295072057,stream,Unnamed Waterway,0,0
1295421869,stream,Unnamed Waterway,0,0
1295421870,stream,Unnamed Waterway,0,0
1295449057,stream,Unnamed Waterway,0,0
1295449058,stream,Unnamed Waterway,0,0
1295449059,stream,Unnamed Waterway,0,0
1295449060,stream,Unnamed Waterway,0,0
1295449061,stream,Unnamed Waterway,0,0
1295449062,stream,Unnamed Waterway,0,0
1295449063,stream,Unnamed Waterway,0,0
1295449064,stream,Unnamed Waterway,0,0
1295449065,stream,Unnamed Waterway,0,0
1295449066,stream,Unnamed Waterway,0,0
1295449067,stream,Unnamed Waterway,0,0
1295449068,stream,Unnamed Waterway,0,0
1295449069,stream,Unnamed Waterway,0,0
1295449070,stream,Unnamed Waterway,0,0
1295449071,stream,Unnamed Waterway,0,0
1295449072,stream,Unnamed Waterway,0,0
1295449073,stream,Unnamed Waterway,0,0
1295449074,stream,Unnamed Waterway,0,0
1295449075,stream,Unnamed Waterway,0,0
1295449076,stream,Unnamed Waterway,0,0
1295449077,stream,Unnamed Waterway,0,0
1295449078,stream,Unnamed Waterway,0,0
1295449079,stream,Unnamed Waterway,0,0
1295449080,stream,Unnamed Waterway,0,0
1295449081,stream,Unnamed Waterway,0,0
1295449082,stream,Unnamed Waterway,0,0
1295449083,stream,Unnamed Waterway,0,0
1295449084,stream,Unnamed Waterway,0,0
1295449085,stream,Unnamed Waterway,0,0
1295449086,stream,Unnamed Waterway,0,0
1295449087,stream,Unnamed Waterway,0,0
1295449088,stream,Unnamed Waterway,0,0
1295454126,stream,Unnamed Waterway,0,0
1295454129,stream,Unnamed Waterway,0,0
1295454132,stream,Unnamed Waterway,0,0
1295454135,stream,Unnamed Waterway,0,0
1295839100,river,Unnamed Waterway,0,0
1295990085,stream,Unnamed Waterway,0,0
1295990088,stream,Unnamed Waterway,0,0
1296178923,river,Unnamed Waterway,0,0
1296178926,river,Unnamed Waterway,0,0
1296178934,stream,Unnamed Waterway,0,0
1296178935,stream,Unnamed Waterway,0,0
1296182967,stream,Unnamed Waterway,0,0
1296183882,stream,Unnamed Waterway,0,0
1296183891,stream,Unnamed Waterway,0,0
1296184443,stream,Unnamed Waterway,0,0
1296184444,river,Unnamed Waterway,0,0
1296207376,stream,Unnamed Waterway,0,0
1296207377,river,Laddu Khwar,0,0
1296209216,stream,Unnamed Waterway,0,0
1296209220,stream,Unnamed Waterway,0,0
1296209231,river,Unnamed Waterway,0,0
1296209232,stream,Unnamed Waterway,0,0
1296209233,stream,Unnamed Waterway,0,0
1296209617,stream,Unnamed Waterway,0,0
1296209618,stream,Unnamed Waterway,0,0
1296209635,stream,Unnamed Waterway,0,0
1296215260,stream,Laikot Ghat Khwar,0,0
1296215263,stream,گھڑئی خوڑ,0,0
1296244951,river,پیوچار,0,0
1296261488,stream,Shar,0,0
1296261489,stream,جہاز خوڑ,0,0
1296261501,stream,Unnamed Waterway,0,0
1296262728,stream,Unnamed Waterway,0,0
1296263499,stream,Unnamed Waterway,0,0
1296263500,stream,Unnamed Waterway,0,0
1296263501,stream,Unnamed Waterway,0,0
1296272372,stream,Unnamed Waterway,0,0
1296273568,stream,Unnamed Waterway,0,0
1296480824,stream,Unnamed Waterway,0,0
1296480825,stream,Unnamed Waterway,0,0
1296482097,stream,Unnamed Waterway,0,0
1296482099,stream,Unnamed Waterway,0,0
1296482100,stream,Unnamed Waterway,0,0
1296482101,stream,Unnamed Waterway,0,0
1296482102,stream,Unnamed Waterway,0,0
1296482103,river,Unnamed Waterway,0,0
1296482104,stream,Unnamed Waterway,0,0
1296482109,stream,Unnamed Waterway,0,0
1296482110,stream,Unnamed Waterway,0,0
1296482111,stream,Unnamed Waterway,0,0
1296492990,stream,ڈبرگے,0,0
1296492999,stream,Unnamed Waterway,0,0
1296512630,stream,Shanku Darra,0,0
1296512643,stream,Mughalmar Darra,0,0
1296530109,river,Unnamed Waterway,0,0
1296530111,canal,Unnamed Waterway,0,0
1296530112,stream,Unnamed Waterway,0,0
1296532788,stream,Unnamed Waterway,0,0
1296548568,river,Unnamed Waterway,0,0
1297208461,river,Toi River,0,0
1297214727,stream,Unnamed Waterway,0,0
1297217745,stream,Unnamed Waterway,0,0
1297217746,stream,Unnamed Waterway,0,0
1297217747,river,Unnamed Waterway,0,0
1297220951,canal,Unnamed Waterway,0,0
1297220955,canal,Unnamed Waterway,0,0
1297220961,canal,Unnamed Waterway,0,0
1297220966,canal,Unnamed Waterway,0,0
1297295959,river,Unnamed Waterway,0,0
1297468300,stream,Unnamed Waterway,0,0
1297469857,stream,rain water drain,0,0
1297469859,river,Unnamed Waterway,0,0
1297469866,stream,Unnamed Waterway,0,0
1297892387,river,Unnamed Waterway,0,0
1297892388,river,Toi River,0,0
1298332167,stream,Unnamed Waterway,0,0
1298951231,river,Unnamed Waterway,0,0
1298953718,stream,Unnamed Waterway,0,0
1298953726,stream,Unnamed Waterway,0,0
1298957627,stream,Unnamed Waterway,0,0
1298957630,stream,Unnamed Waterway,0,0
1298957631,stream,Unnamed Waterway,0,0
1298957632,stream,Unnamed Waterway,0,0
1298960595,stream,Unnamed Waterway,0,0
1298963284,river,Unnamed Waterway,0,0
1298970127,river,Unnamed Waterway,0,0
1298972315,stream,Unnamed Waterway,0,0
1298972316,stream,Unnamed Waterway,0,0
1299148774,river,Unnamed Waterway,0,0
1299148778,stream,Unnamed Waterway,0,0
1299148781,stream,Unnamed Waterway,0,0
1299148782,stream,Unnamed Waterway,0,0
1299148783,stream,Unnamed Waterway,0,0
1299148784,stream,Unnamed Waterway,0,0
1299148785,river,Unnamed Waterway,0,0
1299182194,river,Unnamed Waterway,0,0
1299189274,stream,Unnamed Waterway,0,0
1299439859,stream,Unnamed Waterway,0,0
1299444956,stream,Unnamed Waterway,0,0
1299449933,canal,Unnamed Waterway,0,0
1299449935,canal,Unnamed Waterway,0,0
1299600308,stream,Unnamed Waterway,0,0
1299600309,stream,Unnamed Waterway,0,0
1299600311,stream,Unnamed Waterway,0,0
1299600317,stream,Unnamed Waterway,0,0
1299600324,stream,Unnamed Waterway,0,0
1299600325,stream,Unnamed Waterway,0,0
1299600665,stream,Unnamed Waterway,0,0
1299600666,stream,Unnamed Waterway,0,0
1299600667,stream,Unnamed Waterway,0,0
1299602538,stream,Unnamed Waterway,0,0
1299608845,stream,Unnamed Waterway,0,0
1299608847,stream,Unnamed Waterway,0,0
1299608851,stream,Unnamed Waterway,0,0
1299612374,river,Unnamed Waterway,0,0
1299612375,river,Unnamed Waterway,0,0
1299615824,stream,Unnamed Waterway,0,0
1299638248,stream,Unnamed Waterway,0,0
1299638249,river,Unnamed Waterway,0,0
1299638251,stream,Unnamed Waterway,0,0
1299638252,river,Unnamed Waterway,0,0
1299638629,river,Unnamed Waterway,0,0
1299664628,stream,Unnamed Waterway,0,0
1299664631,stream,Unnamed Waterway,0,0
1299664635,river,Unnamed Waterway,0,0
1299664636,river,Unnamed Waterway,0,0
1299664637,river,Unnamed Waterway,0,0
1299664642,river,Unnamed Waterway,0,0
1299664650,river,Unnamed Waterway,0,0
1299664652,river,Unnamed Waterway,0,0
1299665405,river,Unnamed Waterway,0,0
1299665406,stream,Unnamed Waterway,0,0
1299665410,river,Unnamed Waterway,0,0
1299665412,river,Unnamed Waterway,0,0
1299665413,stream,Unnamed Waterway,0,0
1299671307,stream,Unnamed Waterway,0,0
1299671308,stream,Unnamed Waterway,0,0
1299671309,stream,Unnamed Waterway,0,0
1299671312,river,Unnamed Waterway,0,0
1299671313,river,Unnamed Waterway,0,0
1299671896,river,Nasari Toi,0,0
1299671897,stream,Unnamed Waterway,0,0
1299671900,river,Unnamed Waterway,0,0
1299671902,stream,Unnamed Waterway,0,0
1299671905,river,Unnamed Waterway,0,0
1299671906,river,Unnamed Waterway,0,0
1299689551,stream,Unnamed Waterway,0,0
1299689554,river,Unnamed Waterway,0,0
1299691478,stream,Unnamed Waterway,0,0
1299889776,stream,Unnamed Waterway,0,0
1299890966,stream,Unnamed Waterway,0,0
1299890969,stream,Unnamed Waterway,0,0
1299890971,stream,Unnamed Waterway,0,0
1299892041,stream,Unnamed Waterway,0,0
1299918191,stream,Unnamed Waterway,0,0
1299930500,river,Unnamed Waterway,0,0
1299930501,stream,Unnamed Waterway,0,0
1299930504,stream,Unnamed Waterway,0,0
1299930505,river,Unnamed Waterway,0,0
1299949142,canal,Unnamed Waterway,0,0
1300001647,river,Unnamed Waterway,0,0
1300001655,canal,B.R.B.D. Canal,0,0
1300001656,canal,B.R.B.D. Canal,0,0
1300110085,stream,Unnamed Waterway,0,0
1300116745,river,Unnamed Waterway,0,0
1300117159,river,Toi River,0,0
1300117161,river,Unnamed Waterway,0,0
1300117379,river,Unnamed Waterway,0,0
1300117380,river,Unnamed Waterway,0,0
1300120299,river,Unnamed Waterway,0,0
1300121443,river,Unnamed Waterway,0,0
1300125002,stream,Unnamed Waterway,0,0
1300125008,stream,Unnamed Waterway,0,0
1300125015,stream,Unnamed Waterway,0,0
1300125037,stream,Unnamed Waterway,0,0
1300126247,stream,Unnamed Waterway,0,0
1300126248,stream,Unnamed Waterway,0,0
1300126249,stream,Unnamed Waterway,0,0
1300126250,stream,Unnamed Waterway,0,0
1300126251,stream,Unnamed Waterway,0,0
1300126252,stream,Unnamed Waterway,0,0
1300126254,stream,Unnamed Waterway,0,0
1300126255,stream,Unnamed Waterway,0,0
1300126256,stream,Unnamed Waterway,0,0
1300127025,river,Unnamed Waterway,0,0
1300127027,river,Unnamed Waterway,0,0
1300131351,stream,Unnamed Waterway,0,0
1300679837,stream,Unnamed Waterway,0,0
1300679838,stream,Unnamed Waterway,0,0
1301221963,stream,Unnamed Waterway,0,0
1301221964,stream,Unnamed Waterway,0,0
1301389707,river,Unnamed Waterway,0,0
1301389708,river,ٹانک زام,0,0
1301442928,canal,Unnamed Waterway,0,0
1301442929,canal,Unnamed Waterway,0,0
1301610683,river,Unnamed Waterway,0,0
1301784646,river,Unnamed Waterway,0,0
1301798928,river,Unnamed Waterway,0,0
1302181050,canal,Unnamed Waterway,0,0
1302181051,canal,Unnamed Waterway,0,0
1302181052,canal,Unnamed Waterway,0,0
1302181053,canal,Unnamed Waterway,0,0
1302353258,stream,Unnamed Waterway,0,0
1302353259,stream,Unnamed Waterway,0,0
1302353260,stream,Chakesar Khwar,0,0
1302353265,stream,Chakesar Khwar,0,0
1302396019,canal,Unnamed Waterway,0,0
1302396021,canal,Unnamed Waterway,0,0
1302474159,stream,Unnamed Waterway,0,0
1302474162,stream,Unnamed Waterway,0,0
1302475585,stream,Unnamed Waterway,0,0
1302485572,stream,Unnamed Waterway,0,0
1302485573,stream,Unnamed Waterway,0,0
1302628859,canal,Unnamed Waterway,0,0
1302628860,canal,Unnamed Waterway,0,0
1302628868,canal,Unnamed Waterway,0,0
1302628869,canal,Unnamed Waterway,0,0
1302628870,canal,Unnamed Waterway,0,0
1302628880,canal,Unnamed Waterway,0,0
1302628881,canal,Unnamed Waterway,0,0
1302628884,canal,Unnamed Waterway,0,0
1302628885,canal,Unnamed Waterway,0,0
1302628886,canal,Unnamed Waterway,0,0
1302628890,canal,Unnamed Waterway,0,0
1302628903,canal,Unnamed Waterway,0,0
1302628906,canal,Unnamed Waterway,0,0
1302628907,canal,Unnamed Waterway,0,0
1302628910,canal,Unnamed Waterway,0,0
1302628911,canal,Unnamed Waterway,0,0
1302649460,canal,Unnamed Waterway,0,0
1302649477,canal,Unnamed Waterway,0,0
1302649479,canal,Unnamed Waterway,0,0
1302649480,canal,Unnamed Waterway,0,0
1302649481,canal,Unnamed Waterway,0,0
1302649494,canal,Unnamed Waterway,0,0
1302649495,canal,Unnamed Waterway,0,0
1302650034,canal,Unnamed Waterway,0,0
1302650045,canal,Unnamed Waterway,0,0
1302650046,canal,Unnamed Waterway,0,0
1302650047,canal,Unnamed Waterway,0,0
1302650050,canal,Unnamed Waterway,0,0
1302654213,canal,Unnamed Waterway,0,0
1302654214,canal,Unnamed Waterway,0,0
1302654215,canal,Unnamed Waterway,0,0
1302654216,canal,Unnamed Waterway,0,0
1302654217,canal,Unnamed Waterway,0,0
1302654218,canal,Unnamed Waterway,0,0
1302654219,canal,Unnamed Waterway,0,0
1302655661,canal,Unnamed Waterway,0,0
1302655662,canal,Unnamed Waterway,0,0
1302655663,canal,Unnamed Waterway,0,0
1302655664,canal,Unnamed Waterway,0,0
1302655665,canal,Unnamed Waterway,0,0
1302655666,canal,Unnamed Waterway,0,0
1302655667,canal,Unnamed Waterway,0,0
1302655669,canal,Unnamed Waterway,0,0
1302655671,canal,Unnamed Waterway,0,0
1302655673,canal,Unnamed Waterway,0,0
1302655675,canal,Talwandi Balwa Distributary,0,0
1302655676,canal,Unnamed Waterway,0,0
1302655677,canal,Baddumalhi Distributary,0,0
1302655678,canal,Baddumalhi Distributary,0,0
1302655680,canal,Unnamed Waterway,0,0
1302655681,canal,Unnamed Waterway,0,0
1302655683,canal,Jajjo Gil Minor,0,0
1302655684,canal,Jajjo Gil Minor,0,0
1302655685,river,Unnamed Waterway,0,0
1302655686,canal,Gujran Minor,0,0
1302656830,canal,Unnamed Waterway,0,0
1302656832,canal,Unnamed Waterway,0,0
1302656833,canal,Unnamed Waterway,0,0
1302656834,canal,Unnamed Waterway,0,0
1302656835,canal,Unnamed Waterway,0,0
1302656888,canal,Unnamed Waterway,0,0
1303170540,river,دریائے پونچھ,0,0
1303173723,stream,Unnamed Waterway,0,0
1303173724,stream,Unnamed Waterway,0,0
1303175775,stream,Unnamed Waterway,0,0
1303175777,stream,Unnamed Waterway,0,0
1303175778,stream,Unnamed Waterway,0,0
1303224414,river,Unnamed Waterway,0,0
1303612825,canal,Unnamed Waterway,0,0
1303612827,canal,گوگيره برانچ ﻧﻬﺮ,0,0
1303612828,canal,Lagar Distributary,0,0
1303648974,stream,Unnamed Waterway,0,0
1303648975,stream,Unnamed Waterway,0,0
1303792565,stream,Unnamed Waterway,0,0
1303792566,stream,Unnamed Waterway,0,0
1303796756,stream,Unnamed Waterway,0,0
1303803055,river,Unnamed Waterway,0,0
1303803081,stream,Kalail Khwar,0,0
1303803093,stream,Kalail Khwar,0,0
1303805701,stream,Unnamed Waterway,0,0
1303805702,stream,Unnamed Waterway,0,0
1303808221,stream,Unnamed Waterway,0,0
1303808222,stream,Unnamed Waterway,0,0
1303808223,stream,Unnamed Waterway,0,0
1303809308,stream,Gogai Kalabat,0,0
1303811408,stream,Unnamed Waterway,0,0
1303812318,river,Unnamed Waterway,0,0
1303812620,stream,Unnamed Waterway,0,0
1303813302,stream,Unnamed Waterway,0,0
1303813303,stream,Unnamed Waterway,0,0
1303813304,stream,Unnamed Waterway,0,0
1303814568,stream,Unnamed Waterway,0,0
1303814579,stream,Unnamed Waterway,0,0
1303814587,river,Unnamed Waterway,0,0
1303814588,river,Unnamed Waterway,0,0
1303828120,stream,Unnamed Waterway,0,0
1303889677,stream,Unnamed Waterway,0,0
1303997859,stream,Unnamed Waterway,0,0
1303997860,stream,Unnamed Waterway,0,0
1303997863,stream,Unnamed Waterway,0,0
1303997864,stream,Unnamed Waterway,0,0
1304002069,stream,Unnamed Waterway,0,0
1304002070,stream,Unnamed Waterway,0,0
1304002071,stream,Unnamed Waterway,0,0
1304002072,stream,Unnamed Waterway,0,0
1304036192,stream,Unnamed Waterway,0,0
1304509827,stream,Unnamed Waterway,0,0
1304509828,stream,Unnamed Waterway,0,0
1304509829,stream,Unnamed Waterway,0,0
1304509830,stream,Unnamed Waterway,0,0
1304509831,stream,Unnamed Waterway,0,0
1304558176,stream,Unnamed Waterway,0,0
1304580254,stream,Unnamed Waterway,0,0
1304580255,stream,Unnamed Waterway,0,0
1304580257,stream,Unnamed Waterway,0,0
1304581030,river,Dirlung Gah,0,0
1304581031,river,Dirlung Gah,0,0
1304581046,stream,Unnamed Waterway,0,0
1304581049,stream,Unnamed Waterway,0,0
1304584573,river,Unnamed Waterway,0,0
1304584574,stream,Urdung Gah,0,0
1304584575,river,Unnamed Waterway,0,0
1304584578,river,Bulashbar Gah,0,0
1304592444,river,Shilling Bar Nullah,0,0
1304592456,stream,Unnamed Waterway,0,0
1304709269,stream,Dokranwala Nar,0,0
1304936063,stream,Unnamed Waterway,0,0
1304936064,stream,Unnamed Waterway,0,0
1304936069,stream,Unnamed Waterway,0,0
1304939641,river,Unnamed Waterway,0,0
1304939644,stream,Unnamed Waterway,0,0
1304939649,river,Unnamed Waterway,0,0
1304939650,river,Unnamed Waterway,0,0
1304950189,river,Unnamed Waterway,0,0
1305108870,stream,Chokur Tangi,0,0
1305108871,stream,Gat Nala,0,0
1305108872,stream,Shahidun Gat Nala,0,0
1305108873,stream,Ganju Gat Nala,0,0
1305154009,river,Unnamed Waterway,0,0
1305157226,river,Unnamed Waterway,0,0
1305321747,stream,Unnamed Waterway,0,0
1305321748,river,Unnamed Waterway,0,0
1305321752,stream,Unnamed Waterway,0,0
1305321753,stream,Unnamed Waterway,0,0
1305321756,stream,Unnamed Waterway,0,0
1305326117,stream,Unnamed Waterway,0,0
1305326123,stream,Unnamed Waterway,0,0
1305326124,river,Unnamed Waterway,0,0
1305327020,river,Unnamed Waterway,0,0
1305332175,river,Unnamed Waterway,0,0
1305332176,river,Unnamed Waterway,0,0
1305332177,river,Unnamed Waterway,0,0
1305332179,stream,Unnamed Waterway,0,0
1305332180,stream,Unnamed Waterway,0,0
1305332181,stream,Unnamed Waterway,0,0
1305464582,river,Unnamed Waterway,0,0
1305464583,river,Unnamed Waterway,0,0
1305464584,river,Unnamed Waterway,0,0
1305464585,stream,Unnamed Waterway,0,0
1305464586,river,Bustargi Nala,0,0
1305464587,stream,Unnamed Waterway,0,0
1305464588,stream,Unnamed Waterway,0,0
1305464589,river,Unnamed Waterway,0,0
1305464590,stream,Unnamed Waterway,0,0
1305464591,river,Unnamed Waterway,0,0
1305464592,stream,Unnamed Waterway,0,0
1305464593,stream,Unnamed Waterway,0,0
1305464594,river,Unnamed Waterway,0,0
1305465685,stream,Unnamed Waterway,0,0
1305465686,stream,Unnamed Waterway,0,0
1305467385,stream,Unnamed Waterway,0,0
1305467386,stream,Unnamed Waterway,0,0
1305467387,river,Unnamed Waterway,0,0
1305467388,stream,Unnamed Waterway,0,0
1305467389,river,Unnamed Waterway,0,0
1305467390,stream,Unnamed Waterway,0,0
1305467391,stream,Unnamed Waterway,0,0
1305467392,stream,Unnamed Waterway,0,0
1305467393,stream,Unnamed Waterway,0,0
1305467394,stream,Unnamed Waterway,0,0
1305467395,stream,Unnamed Waterway,0,0
1305467396,stream,Unnamed Waterway,0,0
1305467397,stream,Unnamed Waterway,0,0
1305467398,stream,Unnamed Waterway,0,0
1305467399,stream,Unnamed Waterway,0,0
1305467400,stream,Unnamed Waterway,0,0
1305467401,stream,Unnamed Waterway,0,0
1305467402,stream,Unnamed Waterway,0,0
1305467403,stream,Unnamed Waterway,0,0
1305467404,stream,Unnamed Waterway,0,0
1305467405,stream,Unnamed Waterway,0,0
1305467406,stream,Unnamed Waterway,0,0
1305474722,stream,Unnamed Waterway,0,0
1305526078,stream,Unnamed Waterway,0,0
1305642758,stream,Unnamed Waterway,0,0
1305642759,river,Unnamed Waterway,0,0
1305642760,stream,Unnamed Waterway,0,0
1305642761,stream,Unnamed Waterway,0,0
1305642762,stream,Unnamed Waterway,0,0
1305642763,stream,Unnamed Waterway,0,0
1305642764,stream,Unnamed Waterway,0,0
1305643247,river,Unnamed Waterway,0,0
1306047600,canal,Right Bank Canal,0,0
1306047602,canal,Right Bank Canal,0,0
1306047604,canal,Kachkot Canal,0,0
1306047611,river,دریائے توچی,0,0
1306047617,river,دریائے توچی,0,0
1306050623,river,Unnamed Waterway,0,0
1306050624,river,Unnamed Waterway,0,0
1306051240,canal,Unnamed Waterway,0,0
1306051241,canal,Unnamed Waterway,0,0
1306053586,river,Unnamed Waterway,0,0
1306053589,river,Unnamed Waterway,0,0
1306053591,stream,Unnamed Waterway,0,0
1306053592,stream,Unnamed Waterway,0,0
1306053593,stream,Unnamed Waterway,0,0
1306053594,stream,Unnamed Waterway,0,0
1306053595,river,Unnamed Waterway,0,0
1306053596,stream,Unnamed Waterway,0,0
1306053597,stream,Unnamed Waterway,0,0
1306053598,stream,Unnamed Waterway,0,0
1306053600,river,Unnamed Waterway,0,0
1306053601,river,Unnamed Waterway,0,0
1306053603,river,Unnamed Waterway,0,0
1306053604,river,Unnamed Waterway,0,0
1306053605,stream,Unnamed Waterway,0,0
1306053606,stream,Unnamed Waterway,0,0
1306053607,stream,Unnamed Waterway,0,0
1306053608,river,Unnamed Waterway,0,0
1306053609,river,Unnamed Waterway,0,0
1306053973,river,Unnamed Waterway,0,0
1306053974,stream,Unnamed Waterway,0,0
1306053975,stream,Unnamed Waterway,0,0
1306053976,river,Unnamed Waterway,0,0
1306112715,river,Unnamed Waterway,0,0
1306112716,river,Unnamed Waterway,0,0
1306118660,river,Unnamed Waterway,0,0
1306121132,stream,Unnamed Waterway,0,0
1306121133,stream,Unnamed Waterway,0,0
1306121138,river,Unnamed Waterway,0,0
1306123975,stream,Unnamed Waterway,0,0
1306123976,stream,Unnamed Waterway,0,0
1306123977,stream,Unnamed Waterway,0,0
1306123978,stream,Unnamed Waterway,0,0
1306123979,stream,Unnamed Waterway,0,0
1306123980,stream,Unnamed Waterway,0,0
1306123981,stream,Unnamed Waterway,0,0
1306123982,stream,Unnamed Waterway,0,0
1306123983,stream,Unnamed Waterway,0,0
1306123984,river,Unnamed Waterway,0,0
1306123985,stream,Unnamed Waterway,0,0
1306123986,stream,Unnamed Waterway,0,0
1306123987,stream,Unnamed Waterway,0,0
1306450061,river,Unnamed Waterway,0,0
1306450935,river,Unnamed Waterway,0,0
1306450936,stream,Unnamed Waterway,0,0
1306450937,stream,Unnamed Waterway,0,0
1306450938,stream,Unnamed Waterway,0,0
1306450939,stream,Unnamed Waterway,0,0
1306450940,stream,Unnamed Waterway,0,0
1306450941,stream,Unnamed Waterway,0,0
1306450942,stream,Unnamed Waterway,0,0
1306452861,river,Unnamed Waterway,0,0
1306452862,stream,Unnamed Waterway,0,0
1306452863,stream,Unnamed Waterway,0,0
1306452864,stream,Unnamed Waterway,0,0
1306452865,stream,Unnamed Waterway,0,0
1306452866,stream,Unnamed Waterway,0,0
1306452867,stream,Unnamed Waterway,0,0
1306452868,stream,Unnamed Waterway,0,0
1306452869,stream,Unnamed Waterway,0,0
1306452870,stream,Unnamed Waterway,0,0
1306452871,stream,Unnamed Waterway,0,0
1306452872,stream,Unnamed Waterway,0,0
1306452873,stream,Unnamed Waterway,0,0
1306452874,stream,Unnamed Waterway,0,0
1306452875,stream,Unnamed Waterway,0,0
1306452876,stream,Unnamed Waterway,0,0
1306452877,stream,Unnamed Waterway,0,0
1306452878,stream,Unnamed Waterway,0,0
1306452879,stream,Unnamed Waterway,0,0
1306454881,stream,Unnamed Waterway,0,0
1306454882,stream,Unnamed Waterway,0,0
1306454883,stream,Unnamed Waterway,0,0
1306454884,stream,Unnamed Waterway,0,0
1306454885,stream,Unnamed Waterway,0,0
1306454886,stream,Unnamed Waterway,0,0
1306454887,stream,Unnamed Waterway,0,0
1306454888,stream,Unnamed Waterway,0,0
1306454889,stream,Unnamed Waterway,0,0
1306454890,stream,Unnamed Waterway,0,0
1306454891,river,Unnamed Waterway,0,0
1306454892,river,Unnamed Waterway,0,0
1306454893,stream,Unnamed Waterway,0,0
1306454894,stream,Unnamed Waterway,0,0
1306454895,stream,Unnamed Waterway,0,0
1306454896,stream,Unnamed Waterway,0,0
1306454897,stream,Unnamed Waterway,0,0
1306454898,stream,Unnamed Waterway,0,0
1306454899,stream,Unnamed Waterway,0,0
1306454900,stream,Unnamed Waterway,0,0
1306454901,stream,Unnamed Waterway,0,0
1306454902,stream,Unnamed Waterway,0,0
1306454903,river,Unnamed Waterway,0,0
1306454904,stream,Unnamed Waterway,0,0
1306454905,stream,Unnamed Waterway,0,0
1306454906,stream,Unnamed Waterway,0,0
1306454907,river,Unnamed Waterway,0,0
1306454908,river,Unnamed Waterway,0,0
1306454909,river,Unnamed Waterway,0,0
1306454910,stream,Unnamed Waterway,0,0
1306454911,stream,Unnamed Waterway,0,0
1306454912,stream,Unnamed Waterway,0,0
1306454913,stream,Unnamed Waterway,0,0
1306454914,stream,Unnamed Waterway,0,0
1306454915,stream,Unnamed Waterway,0,0
1306454916,stream,Unnamed Waterway,0,0
1306454917,stream,Unnamed Waterway,0,0
1306454918,stream,Unnamed Waterway,0,0
1306454919,stream,Unnamed Waterway,0,0
1306454920,stream,Unnamed Waterway,0,0
1306454921,stream,Unnamed Waterway,0,0
1306454922,river,Unnamed Waterway,0,0
1306462326,river,Unnamed Waterway,0,0
1306462327,stream,Unnamed Waterway,0,0
1306462328,stream,Unnamed Waterway,0,0
1306462329,stream,Unnamed Waterway,0,0
1306462330,stream,Unnamed Waterway,0,0
1306462331,stream,Unnamed Waterway,0,0
1306462332,stream,Unnamed Waterway,0,0
1306462333,stream,Unnamed Waterway,0,0
1306462334,stream,Unnamed Waterway,0,0
1306462335,stream,Unnamed Waterway,0,0
1306462336,stream,Unnamed Waterway,0,0
1306462337,stream,Unnamed Waterway,0,0
1306462338,stream,Unnamed Waterway,0,0
1306462339,stream,Unnamed Waterway,0,0
1306462340,stream,Unnamed Waterway,0,0
1306462341,stream,Unnamed Waterway,0,0
1306462342,stream,Unnamed Waterway,0,0
1306462343,stream,Unnamed Waterway,0,0
1306462344,stream,Unnamed Waterway,0,0
1306462345,stream,Unnamed Waterway,0,0
1306462346,stream,Unnamed Waterway,0,0
1306462347,river,Unnamed Waterway,0,0
1306462348,stream,Unnamed Waterway,0,0
1306462349,stream,Unnamed Waterway,0,0
1306462350,stream,Unnamed Waterway,0,0
1306480880,stream,Unnamed Waterway,0,0
1306480881,stream,Unnamed Waterway,0,0
1306512642,stream,Unnamed Waterway,0,0
1306518589,stream,Unnamed Waterway,0,0
1306532071,stream,Unnamed Waterway,0,0
1306690024,stream,Unnamed Waterway,0,0
1306690025,stream,Unnamed Waterway,0,0
1306693602,canal,Unnamed Waterway,0,0
1306694126,river,Unnamed Waterway,0,0
1306694127,river,Unnamed Waterway,0,0
1306730707,river,Unnamed Waterway,0,0
1306838536,stream,Unnamed Waterway,0,0
1306850539,stream,Unnamed Waterway,0,0
1306850540,stream,Unnamed Waterway,0,0
1306863843,stream,Unnamed Waterway,0,0
1306864350,stream,Unnamed Waterway,0,0
1306943452,stream,Unnamed Waterway,0,0
1306943453,stream,Unnamed Waterway,0,0
1306943454,stream,Unnamed Waterway,0,0
1306943455,stream,Unnamed Waterway,0,0
1306943456,stream,Unnamed Waterway,0,0
1306943457,stream,Unnamed Waterway,0,0
1306943458,stream,Unnamed Waterway,0,0
1306943459,stream,Unnamed Waterway,0,0
1306943460,stream,Unnamed Waterway,0,0
1306943461,stream,Unnamed Waterway,0,0
1306943462,stream,Unnamed Waterway,0,0
1306943463,stream,Unnamed Waterway,0,0
1306943464,stream,Unnamed Waterway,0,0
1306943465,stream,Unnamed Waterway,0,0
1306943466,stream,Unnamed Waterway,0,0
1306943467,stream,Unnamed Waterway,0,0
1306943468,stream,Unnamed Waterway,0,0
1306943469,stream,Unnamed Waterway,0,0
1306943470,stream,Unnamed Waterway,0,0
1306943471,river,Unnamed Waterway,0,0
1306943472,stream,Unnamed Waterway,0,0
1306943473,stream,Unnamed Waterway,0,0
1306943474,stream,Unnamed Waterway,0,0
1306943475,stream,Unnamed Waterway,0,0
1306943476,stream,Unnamed Waterway,0,0
1306943477,stream,Unnamed Waterway,0,0
1307048502,river,ہجیرہ نالہ,0,0
1307180476,river,Unnamed Waterway,0,0
1307180477,river,Unnamed Waterway,0,0
1307197809,stream,Unnamed Waterway,0,0
1307197810,stream,Unnamed Waterway,0,0
1307237722,stream,Unnamed Waterway,0,0
1307237723,stream,Unnamed Waterway,0,0
1307331782,river,Unnamed Waterway,0,0
1307331783,river,Unnamed Waterway,0,0
1307331784,river,Unnamed Waterway,0,0
1307367516,stream,Nala,0,0
1307367517,stream,Nala,0,0
1307582734,river,Mahl River,0,0
1307582735,river,Mahl River,0,0
1307895163,stream,Unnamed Waterway,0,0
1307895164,river,Unnamed Waterway,0,0
1307895165,river,Unnamed Waterway,0,0
1307895985,river,Darkala Kas,0,0
1307895986,river,Darkala Kas,0,0
1307895988,river,Darkala Kas,0,0
1307895989,river,Darkala Kas,0,0
1307902295,river,Unnamed Waterway,0,0
1307902296,river,Unnamed Waterway,0,0
1307965349,stream,Unnamed Waterway,0,0
1307965350,stream,Unnamed Waterway,0,0
1307984454,stream,Unnamed Waterway,0,0
1307984455,stream,Unnamed Waterway,0,0
1307987052,stream,Unnamed Waterway,0,0
1307987053,stream,Unnamed Waterway,0,0
1307998872,canal,Unnamed Waterway,0,0
1308077393,stream,Unnamed Waterway,0,0
1308274112,stream,Unnamed Waterway,0,0
1308553303,river,Unnamed Waterway,0,0
1308553304,river,Unnamed Waterway,0,0
1308553305,stream,Unnamed Waterway,0,0
1308553306,stream,Unnamed Waterway,0,0
1308565553,river,Unnamed Waterway,0,0
1308565554,stream,Unnamed Waterway,0,0
1308565555,stream,Unnamed Waterway,0,0
1308565556,stream,Unnamed Waterway,0,0
1308565557,river,Unnamed Waterway,0,0
1308565558,stream,Unnamed Waterway,0,0
1308565559,stream,Unnamed Waterway,0,0
1308565560,stream,Unnamed Waterway,0,0
1308565561,river,Unnamed Waterway,0,0
1308566199,river,Unnamed Waterway,0,0
1308566200,river,Unnamed Waterway,0,0
1308566201,river,Unnamed Waterway,0,0
1308889424,canal,Unnamed Waterway,0,0
1308889425,canal,Unnamed Waterway,0,0
1308902147,canal,Unnamed Waterway,0,0
1308902148,canal,Unnamed Waterway,0,0
1309149167,stream,Unnamed Waterway,0,0
1309149168,stream,Unnamed Waterway,0,0
1309901542,canal,Unnamed Waterway,0,0
1309903908,canal,Unnamed Waterway,0,0
1309903909,canal,Unnamed Waterway,0,0
1309903978,canal,Unnamed Waterway,0,0
1309903979,canal,Unnamed Waterway,0,0
1310624533,stream,Unnamed Waterway,0,0
1310648621,stream,Unnamed Waterway,0,0
1310792979,canal,Niaz Beg Distributary,0,0
1310792980,canal,Niaz Beg Distributary,0,0
1310959180,stream,Unnamed Waterway,0,0
1310959181,stream,Unnamed Waterway,0,0
1311803449,river,Unnamed Waterway,0,0
1311837109,stream,Unnamed Waterway,0,0
1311837110,stream,Unnamed Waterway,0,0
1311837111,stream,Unnamed Waterway,0,0
1311837122,stream,Unnamed Waterway,0,0
1311837123,stream,Unnamed Waterway,0,0
1311837124,stream,Unnamed Waterway,0,0
1311837125,stream,Unnamed Waterway,0,0
1311837126,stream,Unnamed Waterway,0,0
1311837127,stream,Unnamed Waterway,0,0
1311837136,stream,Unnamed Waterway,0,0
1311837137,stream,Unnamed Waterway,0,0
1311837138,stream,Unnamed Waterway,0,0
1311837139,stream,Unnamed Waterway,0,0
1311837140,stream,Unnamed Waterway,0,0
1311837141,stream,Unnamed Waterway,0,0
1311837142,stream,Unnamed Waterway,0,0
1311837143,stream,Borondo,0,0
1311837144,stream,Unnamed Waterway,0,0
1311837145,stream,Unnamed Waterway,0,0
1311837146,stream,Borondo,0,0
1312288237,river,Shingan Gah Rive,0,0
1312467329,stream,Unnamed Waterway,0,0
1312467334,stream,Unnamed Waterway,0,0
1312467337,stream,Unnamed Waterway,0,0
1312467342,stream,Unnamed Waterway,0,0
1312770401,stream,Unnamed Waterway,0,0
1312792126,river,Unnamed Waterway,0,0
1312830288,stream,Unnamed Waterway,0,0
1312830289,river,Unnamed Waterway,0,0
1312838998,stream,Unnamed Waterway,0,0
1312839001,stream,Unnamed Waterway,0,0
1312875535,stream,Unnamed Waterway,0,0
1312875536,stream,Unnamed Waterway,0,0
1313083266,stream,Unnamed Waterway,0,0
1313083268,stream,Unnamed Waterway,0,0
1313593738,river,Unnamed Waterway,0,0
1313593739,canal,Unnamed Waterway,0,0
1313593740,canal,Unnamed Waterway,0,0
1313593747,river,Unnamed Waterway,0,0
1313593750,river,Unnamed Waterway,0,0
1313593751,stream,Unnamed Waterway,0,0
1313593752,stream,Unnamed Waterway,0,0
1313593753,stream,Unnamed Waterway,0,0
1313593754,stream,Unnamed Waterway,0,0
1313593755,stream,Unnamed Waterway,0,0
1313593756,stream,Unnamed Waterway,0,0
1313593757,stream,Unnamed Waterway,0,0
1313593758,stream,Unnamed Waterway,0,0
1313593759,stream,Unnamed Waterway,0,0
1313593760,stream,Unnamed Waterway,0,0
1313593761,stream,Unnamed Waterway,0,0
1313593762,stream,Unnamed Waterway,0,0
1313593763,stream,Unnamed Waterway,0,0
1313593764,stream,Unnamed Waterway,0,0
1313593765,stream,Unnamed Waterway,0,0
1313593766,stream,Unnamed Waterway,0,0
1313593767,stream,Unnamed Waterway,0,0
1313593768,stream,Unnamed Waterway,0,0
1313593769,stream,Unnamed Waterway,0,0
1313593770,stream,Unnamed Waterway,0,0
1313593771,stream,Unnamed Waterway,0,0
1313593772,stream,Unnamed Waterway,0,0
1314047236,stream,Unnamed Waterway,0,0
1314047237,stream,Unnamed Waterway,0,0
1314047238,stream,Unnamed Waterway,0,0
1314047239,stream,Unnamed Waterway,0,0
1314047240,stream,Unnamed Waterway,0,0
1314047241,stream,Unnamed Waterway,0,0
1314047242,stream,Unnamed Waterway,0,0
1314047243,stream,Unnamed Waterway,0,0
1314047244,stream,Unnamed Waterway,0,0
1314047245,stream,Unnamed Waterway,0,0
1314047246,stream,Unnamed Waterway,0,0
1314047247,stream,Unnamed Waterway,0,0
1314047248,stream,Unnamed Waterway,0,0
1314047249,stream,Unnamed Waterway,0,0
1314047250,stream,Unnamed Waterway,0,0
1314047251,stream,Unnamed Waterway,0,0
1314047252,stream,Unnamed Waterway,0,0
1314047253,stream,Unnamed Waterway,0,0
1314047254,stream,Unnamed Waterway,0,0
1314048390,stream,Unnamed Waterway,0,0
1314048393,stream,Unnamed Waterway,0,0
1314048399,stream,Unnamed Waterway,0,0
1314048400,stream,Unnamed Waterway,0,0
1314048401,stream,Unnamed Waterway,0,0
1314048402,stream,Unnamed Waterway,0,0
1314048403,stream,Unnamed Waterway,0,0
1314048405,stream,Unnamed Waterway,0,0
1314048406,stream,Unnamed Waterway,0,0
1314048407,stream,Unnamed Waterway,0,0
1314048408,stream,Unnamed Waterway,0,0
1314048413,stream,Unnamed Waterway,0,0
1314048414,stream,Unnamed Waterway,0,0
1314048415,stream,Unnamed Waterway,0,0
1314048419,stream,Unnamed Waterway,0,0
1314208750,stream,Unnamed Waterway,0,0
1314208757,stream,Unnamed Waterway,0,0
1314208776,river,Darchan Gah,0,0
1314208777,stream,Unnamed Waterway,0,0
1314208784,stream,Unnamed Waterway,0,0
1314208788,river,Unnamed Waterway,0,0
1314208796,stream,Unnamed Waterway,0,0
1314208798,stream,Unnamed Waterway,0,0
1314208799,stream,Unnamed Waterway,0,0
1314208805,stream,Unnamed Waterway,0,0
1314208807,river,Unnamed Waterway,0,0
1314208808,river,Unnamed Waterway,0,0
1314208809,river,Unnamed Waterway,0,0
1314208810,stream,Unnamed Waterway,0,0
1314208811,stream,Unnamed Waterway,0,0
1314208812,stream,Unnamed Waterway,0,0
1314208813,stream,Unnamed Waterway,0,0
1314208814,stream,Unnamed Waterway,0,0
1314208815,stream,Unnamed Waterway,0,0
1314208816,stream,Unnamed Waterway,0,0
1314208817,stream,Unnamed Waterway,0,0
1314208818,stream,Unnamed Waterway,0,0
1314208819,stream,Unnamed Waterway,0,0
1314208820,stream,Unnamed Waterway,0,0
1314603981,stream,Unnamed Waterway,0,0
1314603982,stream,Unnamed Waterway,0,0
1314603983,stream,Unnamed Waterway,0,0
1314603984,stream,Unnamed Waterway,0,0
1314603986,stream,Unnamed Waterway,0,0
1314603988,stream,Unnamed Waterway,0,0
1314603989,stream,Unnamed Waterway,0,0
1314604001,stream,Unnamed Waterway,0,0
1314604002,stream,Unnamed Waterway,0,0
1314604003,stream,Unnamed Waterway,0,0
1314604004,stream,Unnamed Waterway,0,0
1314694540,stream,Unnamed Waterway,0,0
1314694541,stream,Unnamed Waterway,0,0
1314694545,stream,Unnamed Waterway,0,0
1314694546,stream,Unnamed Waterway,0,0
1314694547,stream,Unnamed Waterway,0,0
1314694548,stream,Unnamed Waterway,0,0
1314694563,stream,Unnamed Waterway,0,0
1314694564,stream,Unnamed Waterway,0,0
1314908007,stream,Unnamed Waterway,0,0
1314908008,stream,Unnamed Waterway,0,0
1314908009,stream,Unnamed Waterway,0,0
1314908010,stream,Unnamed Waterway,0,0
1314908011,stream,Unnamed Waterway,0,0
1314908017,stream,Unnamed Waterway,0,0
1314908018,stream,Unnamed Waterway,0,0
1314908019,stream,Unnamed Waterway,0,0
1314908020,stream,Unnamed Waterway,0,0
1314908021,stream,Unnamed Waterway,0,0
1314908023,stream,Unnamed Waterway,0,0
1314908026,stream,Unnamed Waterway,0,0
1314908027,stream,Unnamed Waterway,0,0
1314908029,stream,Unnamed Waterway,0,0
1314908030,stream,Unnamed Waterway,0,0
1314936607,river,دریائے سواں,0,0
1314946294,river,دریائے سواں,0,0
1316385827,stream,Unnamed Waterway,0,0
1316385839,stream,Unnamed Waterway,0,0
1316385840,stream,Unnamed Waterway,0,0
1316385841,stream,Unnamed Waterway,0,0
1316742958,stream,Unnamed Waterway,0,0
1316742961,stream,Unnamed Waterway,0,0
1316742962,stream,Unnamed Waterway,0,0
1316742963,stream,Unnamed Waterway,0,0
1316742964,stream,Unnamed Waterway,0,0
1316742965,stream,Unnamed Waterway,0,0
1316742966,stream,Unnamed Waterway,0,0
1317047266,river,Unnamed Waterway,0,0
1317096766,stream,Unnamed Waterway,0,0
1317096767,stream,Unnamed Waterway,0,0
1318130870,river,Unnamed Waterway,0,0
1318440127,stream,Unnamed Waterway,0,0
1319209088,stream,Unnamed Waterway,0,0
1319209089,stream,Unnamed Waterway,0,0
1319209090,stream,Unnamed Waterway,0,0
1319209091,stream,Unnamed Waterway,0,0
1319209092,stream,Unnamed Waterway,0,0
1319209093,stream,Unnamed Waterway,0,0
1319209096,stream,Unnamed Waterway,0,0
1319209097,stream,Unnamed Waterway,0,0
1319209098,stream,Unnamed Waterway,0,0
1319209099,stream,Unnamed Waterway,0,0
1319209100,stream,Unnamed Waterway,0,0
1319209101,stream,Unnamed Waterway,0,0
1319432239,river,Unnamed Waterway,0,0
1320092845,river,Unnamed Waterway,0,0
1320092846,river,Unnamed Waterway,0,0
1320096191,river,Unnamed Waterway,0,0
1320096192,river,Unnamed Waterway,0,0
1320096193,river,Unnamed Waterway,0,0
1320096194,river,Unnamed Waterway,0,0
1320096195,river,Unnamed Waterway,0,0
1320096196,river,Unnamed Waterway,0,0
1320096197,river,Unnamed Waterway,0,0
1320097135,canal,Unnamed Waterway,0,0
1320097136,canal,Unnamed Waterway,0,0
1320099527,canal,Unnamed Waterway,0,0
1320099528,canal,Unnamed Waterway,0,0
1320100906,canal,Unnamed Waterway,0,0
1320100907,canal,Unnamed Waterway,0,0
1320100908,canal,Unnamed Waterway,0,0
1320100909,canal,Unnamed Waterway,0,0
1320104030,river,Unnamed Waterway,0,0
1320104031,river,Unnamed Waterway,0,0
1320104032,river,Unnamed Waterway,0,0
1320144661,stream,Unnamed Waterway,0,0
1320144662,stream,Unnamed Waterway,0,0
1320144667,river,Unnamed Waterway,0,0
1320144678,stream,Unnamed Waterway,0,0
1320144679,river,Unnamed Waterway,0,0
1320144681,river,Thak Nayat Gah,0,0
1320326735,canal,Unnamed Waterway,0,0
1320326736,canal,Unnamed Waterway,0,0
1320326737,canal,Unnamed Waterway,0,0
1320326738,canal,Unnamed Waterway,0,0
1320330109,stream,Unnamed Waterway,0,0
1320330110,stream,Unnamed Waterway,0,0
1320330870,canal,Unnamed Waterway,0,0
1320330871,canal,Unnamed Waterway,0,0
1320331921,canal,Unnamed Waterway,0,0
1320331922,canal,Unnamed Waterway,0,0
1320331923,canal,Unnamed Waterway,0,0
1320331924,canal,Unnamed Waterway,0,0
1320331925,canal,Unnamed Waterway,0,0
1320331926,canal,Unnamed Waterway,0,0
1320331927,canal,Unnamed Waterway,0,0
1320331928,canal,Unnamed Waterway,0,0
1320358731,stream,Unnamed Waterway,0,0
1320358739,stream,Unnamed Waterway,0,0
1320358770,stream,Unnamed Waterway,0,0
1320358771,stream,Unnamed Waterway,0,0
1320358772,stream,Unnamed Waterway,0,0
1320358773,stream,Unnamed Waterway,0,0
1320358774,stream,Unnamed Waterway,0,0
1320358775,stream,Unnamed Waterway,0,0
1320358777,stream,Unnamed Waterway,0,0
1320358778,stream,Unnamed Waterway,0,0
1320358779,stream,Unnamed Waterway,0,0
1320358787,stream,Unnamed Waterway,0,0
1320358793,stream,Unnamed Waterway,0,0
1320358797,stream,Unnamed Waterway,0,0
1320358798,stream,Unnamed Waterway,0,0
1320358799,stream,Unnamed Waterway,0,0
1320358809,stream,Unnamed Waterway,0,0
1320358811,stream,Unnamed Waterway,0,0
1320358812,stream,Unnamed Waterway,0,0
1320358813,stream,Unnamed Waterway,0,0
1320358814,stream,Unnamed Waterway,0,0
1320358816,stream,Unnamed Waterway,0,0
1320358817,stream,Unnamed Waterway,0,0
1320358821,stream,Unnamed Waterway,0,0
1320358822,stream,Unnamed Waterway,0,0
1320358848,stream,Unnamed Waterway,0,0
1320358849,stream,Unnamed Waterway,0,0
1320358850,stream,Unnamed Waterway,0,0
1320358869,stream,Unnamed Waterway,0,0
1321905422,stream,Unnamed Waterway,0,0
1321905423,stream,Unnamed Waterway,0,0
1322066371,canal,Unnamed Waterway,0,0
1322066372,canal,Unnamed Waterway,0,0
1322067106,canal,Unnamed Waterway,0,0
1322067107,canal,Unnamed Waterway,0,0
1322582503,canal,Unnamed Waterway,0,0
1322582504,canal,Unnamed Waterway,0,0
1322582505,canal,Unnamed Waterway,0,0
1322582509,canal,Unnamed Waterway,0,0
1322582510,canal,Unnamed Waterway,0,0
1322582511,canal,Unnamed Waterway,0,0
1322582512,canal,Unnamed Waterway,0,0
1322582513,canal,Unnamed Waterway,0,0
1322582514,canal,Unnamed Waterway,0,0
1322582515,canal,Unnamed Waterway,0,0
1322582516,canal,Unnamed Waterway,0,0
1323839083,stream,Unnamed Waterway,0,0
1324406839,stream,Unnamed Waterway,0,0
1324406840,stream,Unnamed Waterway,0,0
1324406841,stream,Unnamed Waterway,0,0
1324406842,stream,Unnamed Waterway,0,0
1324424403,stream,Unnamed Waterway,0,0
1324424404,stream,Unnamed Waterway,0,0
1324424405,stream,Unnamed Waterway,0,0
1324424406,stream,Unnamed Waterway,0,0
1325578335,canal,Unnamed Waterway,0,0
1325578337,canal,Unnamed Waterway,0,0
1325580594,canal,Unnamed Waterway,0,0
1325583032,canal,Unnamed Waterway,0,0
1327132171,stream,Roras Outfall,0,0
1327280657,canal,Unnamed Waterway,0,0
1327280658,canal,Unnamed Waterway,0,0
1327280659,canal,Unnamed Waterway,0,0
1327916183,stream,Unnamed Waterway,0,0
1327916190,stream,Unnamed Waterway,0,0
1327916202,stream,Unnamed Waterway,0,0
1327916222,stream,Unnamed Waterway,0,0
1327916233,stream,Unnamed Waterway,0,0
1327916236,stream,Unnamed Waterway,0,0
1327916248,stream,Unnamed Waterway,0,0
1327916251,stream,Unnamed Waterway,0,0
1328500124,stream,Ismaili Kaur,0,0
1328500125,stream,Ismaili Kaur,0,0
1328500126,stream,Ismaili Kaur,0,0
1328500127,stream,Hafsar Kor,0,0
1328500128,river,Apsar Kaur,0,0
1328500129,river,Apsar Kaur,0,0
1328500130,river,Kumbasar Kaur,0,0
1328500131,stream,Parpogani Kaur,0,0
1328500133,stream,Budig Kaur,0,0
1328500134,stream,Rodan Kaur,0,0
1328500135,stream,Rodan Kaur,0,0
1328500136,stream,Rodan Kaur,0,0
1328500137,stream,Injirkan Kaur,0,0
1328500138,stream,Injirkan Kaur,0,0
1328500139,stream,Injirkan Kaur,0,0
1328500140,stream,Siki Kaur,0,0
1328500141,river,Unnamed Waterway,0,0
1330371193,stream,Unnamed Waterway,0,0
1330371195,river,Buto Gah,0,0
1330371222,stream,Unnamed Waterway,0,0
1330371224,stream,Unnamed Waterway,0,0
1330371230,stream,Unnamed Waterway,0,0
1330371237,stream,Unnamed Waterway,0,0
1330371238,stream,Unnamed Waterway,0,0
1330371242,stream,Unnamed Waterway,0,0
1330371262,stream,Unnamed Waterway,0,0
1330371263,stream,Unnamed Waterway,0,0
1330371275,stream,Unnamed Waterway,0,0
1330371277,stream,Unnamed Waterway,0,0
1330371278,stream,Unnamed Waterway,0,0
1330371279,stream,Unnamed Waterway,0,0
1330371280,stream,Unnamed Waterway,0,0
1330371281,stream,Unnamed Waterway,0,0
1330371288,stream,Unnamed Waterway,0,0
1330371289,stream,Unnamed Waterway,0,0
1330371290,stream,Unnamed Waterway,0,0
1330371292,stream,Unnamed Waterway,0,0
1330371293,stream,Unnamed Waterway,0,0
1330371294,stream,Unnamed Waterway,0,0
1330371295,stream,Unnamed Waterway,0,0
1330371324,stream,Unnamed Waterway,0,0
1330381371,river,Mahl River,0,0
1330381372,river,Mahl River,0,0
1330381375,river,Mahl River,0,0
1330381376,river,Mahl River,0,0
1332750289,stream,Unnamed Waterway,0,0
1332750290,stream,Unnamed Waterway,0,0
1332750291,stream,Unnamed Waterway,0,0
1332750292,stream,Unnamed Waterway,0,0
1332750302,stream,Unnamed Waterway,0,0
1332750303,stream,Unnamed Waterway,0,0
1332750305,stream,Unnamed Waterway,0,0
1332750310,stream,Unnamed Waterway,0,0
1332750323,stream,Unnamed Waterway,0,0
1332750326,stream,Unnamed Waterway,0,0
1332750645,stream,Unnamed Waterway,0,0
1332752783,stream,Unnamed Waterway,0,0
1332752784,stream,Unnamed Waterway,0,0
1332752785,stream,Unnamed Waterway,0,0
1332752786,river,Unnamed Waterway,0,0
1332752787,stream,Chitta Katha Nala,0,0
1332752788,river,Lunda Nala,0,0
1332756541,stream,Unnamed Waterway,0,0
1332757289,stream,Unnamed Waterway,0,0
1332758803,stream,Unnamed Waterway,0,0
1332758805,stream,Unnamed Waterway,0,0
1332758814,stream,Unnamed Waterway,0,0
1332759110,river,Unnamed Waterway,0,0
1332759111,river,Unnamed Waterway,0,0
1333430481,river,Unnamed Waterway,0,0
1333430483,river,Unnamed Waterway,0,0
1333430484,river,Unnamed Waterway,0,0
1333430485,river,Unnamed Waterway,0,0
1333430486,river,Unnamed Waterway,0,0
1333430487,river,Parkini Kaur,0,0
1333430489,stream,Unnamed Waterway,0,0
1333430490,river,Hingol River,0,0
1333430491,river,Parkini Kaur,0,0
1333430492,river,Unnamed Waterway,0,0
1333430494,river,Unnamed Waterway,0,0
1333430495,river,Unnamed Waterway,0,0
1333430498,river,Unnamed Waterway,0,0
1333433519,river,Unnamed Waterway,0,0
1333443371,river,Unnamed Waterway,0,0
1333443654,river,Unnamed Waterway,0,0
1333444533,stream,Unnamed Waterway,0,0
1333444534,stream,Unnamed Waterway,0,0
1333444535,river,Unnamed Waterway,0,0
1333662043,river,Unnamed Waterway,0,0
1333662531,river,Unnamed Waterway,0,0
1333664348,canal,Unnamed Waterway,0,0
1333664349,canal,Unnamed Waterway,0,0
1333664350,stream,Unnamed Waterway,0,0
1333664351,canal,Unnamed Waterway,0,0
1333664352,river,Unnamed Waterway,0,0
1333664353,river,Unnamed Waterway,0,0
1333664849,river,Unnamed Waterway,0,0
1333664850,river,Unnamed Waterway,0,0
1333664851,river,Unnamed Waterway,0,0
1333664852,river,Unnamed Waterway,0,0
1333664853,river,Unnamed Waterway,0,0
1333664854,stream,Unnamed Waterway,0,0
1333664855,stream,Unnamed Waterway,0,0
1333665373,stream,Unnamed Waterway,0,0
1333665374,stream,Unnamed Waterway,0,0
1333665375,stream,Unnamed Waterway,0,0
1333665376,stream,Unnamed Waterway,0,0
1333665377,stream,Unnamed Waterway,0,0
1333665378,river,Unnamed Waterway,0,0
1333665895,river,Unnamed Waterway,0,0
1333665896,river,Unnamed Waterway,0,0
1333666558,stream,Unnamed Waterway,0,0
1333666559,river,Unnamed Waterway,0,0
1333666560,river,Unnamed Waterway,0,0
1333666561,stream,Unnamed Waterway,0,0
1333666562,stream,Unnamed Waterway,0,0
1333666563,river,Unnamed Waterway,0,0
1333666564,river,Unnamed Waterway,0,0
1333668483,river,Unnamed Waterway,0,0
1333668484,river,دریائے ژوب,0,0
1333673967,river,Unnamed Waterway,0,0
1333673970,river,Unnamed Waterway,0,0
1333673971,stream,Unnamed Waterway,0,0
1333673976,river,Unnamed Waterway,0,0
1333673978,river,Unnamed Waterway,0,0
1333673981,river,Unnamed Waterway,0,0
1333673988,river,Unnamed Waterway,0,0
1333673989,river,Unnamed Waterway,0,0
1333673993,river,Unnamed Waterway,0,0
1333673994,stream,Unnamed Waterway,0,0
1333920589,river,Unnamed Waterway,0,0
1333920590,river,Unnamed Waterway,0,0
1333920591,stream,Unnamed Waterway,0,0
1333920592,river,Bagaro Kaur,0,0
1333923023,river,Unnamed Waterway,0,0
1333923024,stream,Unnamed Waterway,0,0
1333923025,stream,Unnamed Waterway,0,0
1333923026,river,Unnamed Waterway,0,0
1333923027,stream,Unnamed Waterway,0,0
1333923028,river,Unnamed Waterway,0,0
1333923029,river,Unnamed Waterway,0,0
1333923030,river,Unnamed Waterway,0,0
1333923031,river,Unnamed Waterway,0,0
1333947445,river,Unnamed Waterway,0,0
1333947446,river,Unnamed Waterway,0,0
1333947447,river,Unnamed Waterway,0,0
1333947448,stream,Unnamed Waterway,0,0
1333947449,stream,Unnamed Waterway,0,0
1333947450,stream,Unnamed Waterway,0,0
1333947451,stream,Unnamed Waterway,0,0
1333947452,stream,Unnamed Waterway,0,0
1333947453,river,Unnamed Waterway,0,0
1333947454,river,Unnamed Waterway,0,0
1333947455,river,Unnamed Waterway,0,0
1333947456,stream,Unnamed Waterway,0,0
1333947457,stream,Unnamed Waterway,0,0
1333947458,river,Unnamed Waterway,0,0
1333947459,river,Unnamed Waterway,0,0
1338583349,canal,Unnamed Waterway,0,0
1339284599,river,دریائے سندھ,0,0
1340646052,river,Unnamed Waterway,0,0
1340646053,stream,Unnamed Waterway,0,0
1340646054,river,Unnamed Waterway,0,0
1340726616,stream,Unnamed Waterway,0,0
1340726621,stream,Unnamed Waterway,0,0
1340726622,stream,Unnamed Waterway,0,0
1340726623,river,Unnamed Waterway,0,0
1340726624,river,Unnamed Waterway,0,0
1340726633,stream,Unnamed Waterway,0,0
1340726634,stream,Unnamed Waterway,0,0
1340726635,river,Unnamed Waterway,0,0
1340726638,stream,Unnamed Waterway,0,0
1340760628,river,Unnamed Waterway,0,0
1340760629,river,Unnamed Waterway,0,0
1340890409,stream,Unnamed Waterway,0,0
1340890410,stream,Unnamed Waterway,0,0
1340890411,stream,Unnamed Waterway,0,0
1340890412,stream,Unnamed Waterway,0,0
1340890413,stream,Unnamed Waterway,0,0
1340890414,stream,Unnamed Waterway,0,0
1340890415,river,Unnamed Waterway,0,0
1340893493,river,Unnamed Waterway,0,0
1340893496,river,Unnamed Waterway,0,0
1340893497,river,Unnamed Waterway,0,0
1340893498,river,Unnamed Waterway,0,0
1340893499,stream,Unnamed Waterway,0,0
1340893502,river,Unnamed Waterway,0,0
1340893503,river,Unnamed Waterway,0,0
1340893504,river,Unnamed Waterway,0,0
1340893505,river,Unnamed Waterway,0,0
1340894775,river,Unnamed Waterway,0,0
1340895289,river,Unnamed Waterway,0,0
1340952667,river,Unnamed Waterway,0,0
1340952955,river,Unnamed Waterway,0,0
1340952956,river,Unnamed Waterway,0,0
1340952957,river,Unnamed Waterway,0,0
1341423115,river,Unnamed Waterway,0,0
1341423116,river,Unnamed Waterway,0,0
1341423117,river,Unnamed Waterway,0,0
1342224001,river,river drug,0,0
1342224692,river,river drug,0,0
1342227404,stream,drug river,0,0
1342227405,stream,drug river,0,0
1342227406,stream,drug river,0,0
1342227407,stream,Unnamed Waterway,0,0
1342227408,stream,Unnamed Waterway,0,0
1342227409,stream,Unnamed Waterway,0,0
1342227410,stream,drug river,0,0
1342227411,stream,drug river,0,0
1342227412,stream,drug river,0,0
1342227413,river,drug river,0,0
1342227414,river,Unnamed Waterway,0,0
1342227415,river,drug river,0,0
1342228597,stream,Unnamed Waterway,0,0
1342228598,river,drug river,0,0
1342228599,river,drug river,0,0
1342228600,river,drug river,0,0
1342228601,river,Unnamed Waterway,0,0
1342228602,river,Unnamed Waterway,0,0
1342228990,river,Unnamed Waterway,0,0
1342228991,river,Unnamed Waterway,0,0
1342228992,river,Unnamed Waterway,0,0
1342228993,river,Unnamed Waterway,0,0
1342508334,canal,Shahkot Minor Canal,0,0
1342508335,canal,Shahkot Minor Canal,0,0
1342592402,river,Unnamed Waterway,0,0
1342592403,river,Unnamed Waterway,0,0
1342593113,river,Unnamed Waterway,0,0
1343675691,river,Unnamed Waterway,0,0
1343677825,river,Unnamed Waterway,0,0
1343677826,river,Unnamed Waterway,0,0
1343677827,stream,Unnamed Waterway,0,0
1343677828,river,Unnamed Waterway,0,0
1343677829,river,Unnamed Waterway,0,0
1343677830,river,Unnamed Waterway,0,0
1343946333,river,Unnamed Waterway,0,0
1343946334,stream,Unnamed Waterway,0,0
1343946335,stream,Unnamed Waterway,0,0
1343946336,stream,Unnamed Waterway,0,0
1343946337,river,Unnamed Waterway,0,0
1343946338,stream,Unnamed Waterway,0,0
1343946339,river,Unnamed Waterway,0,0
1343946340,river,Unnamed Waterway,0,0
1343946341,river,Unnamed Waterway,0,0
1343946342,river,Unnamed Waterway,0,0
1343946343,river,Unnamed Waterway,0,0
1343946344,river,Unnamed Waterway,0,0
1343946345,river,Unnamed Waterway,0,0
1343946346,stream,Unnamed Waterway,0,0
1343946347,river,Unnamed Waterway,0,0
1343946348,river,Unnamed Waterway,0,0
1343946349,river,Unnamed Waterway,0,0
1343946350,river,Unnamed Waterway,0,0
1343946351,river,Unnamed Waterway,0,0
1343946352,river,Unnamed Waterway,0,0
1343946353,river,Unnamed Waterway,0,0
1343946354,river,Unnamed Waterway,0,0
1343946355,river,Unnamed Waterway,0,0
1343946356,river,Unnamed Waterway,0,0
1343946357,river,Unnamed Waterway,0,0
1343946358,river,Unnamed Waterway,0,0
1343946359,river,Unnamed Waterway,0,0
1343946360,stream,Unnamed Waterway,0,0
1343946361,stream,Unnamed Waterway,0,0
1343946362,stream,Unnamed Waterway,0,0
1343946363,river,Unnamed Waterway,0,0
1343946364,river,Unnamed Waterway,0,0
1345295052,canal,Unnamed Waterway,0,0
1345295053,canal,Unnamed Waterway,0,0
1345295055,river,Unnamed Waterway,0,0
1345295057,river,Unnamed Waterway,0,0
1345295058,canal,Unnamed Waterway,0,0
1345307633,river,Unnamed Waterway,0,0
1345307634,river,Unnamed Waterway,0,0
1345307635,river,Unnamed Waterway,0,0
1345307636,river,Unnamed Waterway,0,0
1345307637,river,Unnamed Waterway,0,0
1345307638,river,Unnamed Waterway,0,0
1345307639,river,Unnamed Waterway,0,0
1345307640,stream,Unnamed Waterway,0,0
1345307641,river,Unnamed Waterway,0,0
1345307642,river,Unnamed Waterway,0,0
1345307643,river,Unnamed Waterway,0,0
1345307644,river,Unnamed Waterway,0,0
1345307645,river,Unnamed Waterway,0,0
1345307646,river,Unnamed Waterway,0,0
1345307647,river,Unnamed Waterway,0,0
1345307648,river,Unnamed Waterway,0,0
1345307649,stream,Unnamed Waterway,0,0
1345307650,river,Unnamed Waterway,0,0
1345307651,river,Unnamed Waterway,0,0
1345307652,river,Unnamed Waterway,0,0
1345307653,stream,Unnamed Waterway,0,0
1345307654,stream,Unnamed Waterway,0,0
1345307655,stream,Unnamed Waterway,0,0
1345307656,stream,Unnamed Waterway,0,0
1345307657,river,Unnamed Waterway,0,0
1345307658,river,Unnamed Waterway,0,0
1345307659,river,Unnamed Waterway,0,0
1345307660,river,Unnamed Waterway,0,0
1345334424,river,Unnamed Waterway,0,0
1345334425,stream,Unnamed Waterway,0,0
1345334426,river,Unnamed Waterway,0,0
1345334427,river,Unnamed Waterway,0,0
1345334428,stream,Unnamed Waterway,0,0
1345334429,river,Unnamed Waterway,0,0
1345334430,river,Unnamed Waterway,0,0
1345334431,river,Unnamed Waterway,0,0
1345335580,canal,Unnamed Waterway,0,0
1345335581,stream,Unnamed Waterway,0,0
1345335582,canal,Unnamed Waterway,0,0
1345335583,stream,Unnamed Waterway,0,0
1345335584,canal,Unnamed Waterway,0,0
1345335585,canal,Unnamed Waterway,0,0
1345335586,canal,Unnamed Waterway,0,0
1345335587,canal,Unnamed Waterway,0,0
1345335588,canal,Unnamed Waterway,0,0
1345335589,canal,Unnamed Waterway,0,0
1345335591,canal,Unnamed Waterway,0,0
1345335592,canal,Unnamed Waterway,0,0
1345393730,river,Unnamed Waterway,0,0
1345393731,river,Unnamed Waterway,0,0
1345393733,stream,Unnamed Waterway,0,0
1345393734,stream,Unnamed Waterway,0,0
1345393735,stream,Unnamed Waterway,0,0
1345393736,river,Unnamed Waterway,0,0
1345393737,river,Unnamed Waterway,0,0
1345393738,river,Unnamed Waterway,0,0
1345393739,river,Unnamed Waterway,0,0
1345394887,river,Unnamed Waterway,0,0
1345394888,river,Unnamed Waterway,0,0
1345397350,stream,Unnamed Waterway,0,0
1345397351,river,Unnamed Waterway,0,0
1345397352,stream,Unnamed Waterway,0,0
1345397353,river,Unnamed Waterway,0,0
1345397354,river,Unnamed Waterway,0,0
1345397355,river,Unnamed Waterway,0,0
1345397356,river,Unnamed Waterway,0,0
1345397357,river,Unnamed Waterway,0,0
1345397358,river,Unnamed Waterway,0,0
1345397359,river,Unnamed Waterway,0,0
1345397360,river,Unnamed Waterway,0,0
1345397363,river,Unnamed Waterway,0,0
1345397365,river,Unnamed Waterway,0,0
1345398462,river,Unnamed Waterway,0,0
1345398833,river,Unnamed Waterway,0,0
1345399556,river,Unnamed Waterway,0,0
1345399557,river,Unnamed Waterway,0,0
1345399558,river,Unnamed Waterway,0,0
1345404510,river,Unnamed Waterway,0,0
1345405701,river,Unnamed Waterway,0,0
1346106711,canal,Kachhi Canal,0,0
1346106712,river,Unnamed Waterway,0,0
1346108215,river,Unnamed Waterway,0,0
1346108216,river,Unnamed Waterway,0,0
1346108217,river,Unnamed Waterway,0,0
1346108218,river,Unnamed Waterway,0,0
1346108219,river,Unnamed Waterway,0,0
1346108220,river,Unnamed Waterway,0,0
1346108221,river,Unnamed Waterway,0,0
1346108222,river,Unnamed Waterway,0,0
1346108223,river,Unnamed Waterway,0,0
1346108224,river,Unnamed Waterway,0,0
1346108225,river,Unnamed Waterway,0,0
1346108226,river,Unnamed Waterway,0,0
1346108227,river,Unnamed Waterway,0,0
1346108228,river,Unnamed Waterway,0,0
1346108229,river,Unnamed Waterway,0,0
1346108230,river,Unnamed Waterway,0,0
1346109368,river,Unnamed Waterway,0,0
1346109369,river,Unnamed Waterway,0,0
1346109370,river,Unnamed Waterway,0,0
1346109371,river,Unnamed Waterway,0,0
1346109372,river,Unnamed Waterway,0,0
1346109373,river,Unnamed Waterway,0,0
1346109374,river,Unnamed Waterway,0,0
1346109375,river,Unnamed Waterway,0,0
1346109376,river,Unnamed Waterway,0,0
1346109377,river,Unnamed Waterway,0,0
1346109378,river,Unnamed Waterway,0,0
1346109788,river,Unnamed Waterway,0,0
1346109790,river,Unnamed Waterway,0,0
1346109791,river,Unnamed Waterway,0,0
1346109792,river,Unnamed Waterway,0,0
1346109793,river,Unnamed Waterway,0,0
1346109795,river,Unnamed Waterway,0,0
1346109796,river,Unnamed Waterway,0,0
1346109797,river,Unnamed Waterway,0,0
1346109798,river,Unnamed Waterway,0,0
1346109799,river,Unnamed Waterway,0,0
1346109800,river,Unnamed Waterway,0,0
1346109801,river,Unnamed Waterway,0,0
1346110432,river,Unnamed Waterway,0,0
1346110433,river,Unnamed Waterway,0,0
1346111108,river,Unnamed Waterway,0,0
1346111109,river,Unnamed Waterway,0,0
1346111110,river,Unnamed Waterway,0,0
1346111221,river,Unnamed Waterway,0,0
1346112119,river,Unnamed Waterway,0,0
1346112120,river,Unnamed Waterway,0,0
1346112121,river,Unnamed Waterway,0,0
1346112122,river,Unnamed Waterway,0,0
1346125879,river,Unnamed Waterway,0,0
1346125880,river,Unnamed Waterway,0,0
1346125881,river,Unnamed Waterway,0,0
1346154648,canal,Canal Sardar Hashim khan Thakar ka,0,0
1346352859,stream,Unnamed Waterway,0,0
1346352903,stream,Unnamed Waterway,0,0
1346435799,canal,Unnamed Waterway,0,0
1346435800,canal,Unnamed Waterway,0,0
1346621065,river,Unnamed Waterway,0,0
1346621066,river,Unnamed Waterway,0,0
1346621067,river,Unnamed Waterway,0,0
1346621068,river,Unnamed Waterway,0,0
1346621069,river,Unnamed Waterway,0,0
1346621070,river,Unnamed Waterway,0,0
1346621071,river,Unnamed Waterway,0,0
1346621072,river,Unnamed Waterway,0,0
1346621073,river,Unnamed Waterway,0,0
1346621074,river,Unnamed Waterway,0,0
1346621075,river,Unnamed Waterway,0,0
1346621076,river,Unnamed Waterway,0,0
1346621077,river,Unnamed Waterway,0,0
1346628832,stream,Khad Amin,0,0
1346635413,river,Unnamed Waterway,0,0
1346635414,river,Unnamed Waterway,0,0
1346635415,stream,Unnamed Waterway,0,0
1346635416,river,Unnamed Waterway,0,0
1346635417,river,Unnamed Waterway,0,0
1346635418,river,Unnamed Waterway,0,0
1346635419,river,Unnamed Waterway,0,0
1346635420,river,Unnamed Waterway,0,0
1346635421,river,Unnamed Waterway,0,0
1346635422,river,Unnamed Waterway,0,0
1346635423,river,Unnamed Waterway,0,0
1346635424,river,Unnamed Waterway,0,0
1346635425,river,Unnamed Waterway,0,0
1346635426,river,Unnamed Waterway,0,0
1346635427,river,Unnamed Waterway,0,0
1346635428,river,Unnamed Waterway,0,0
1346635429,river,Unnamed Waterway,0,0
1346635430,river,Unnamed Waterway,0,0
1346635431,river,Unnamed Waterway,0,0
1346635432,river,Belab River,0,0
1346635433,river,Unnamed Waterway,0,0
1346635434,river,Unnamed Waterway,0,0
1346635435,river,Unnamed Waterway,0,0
1346635436,river,Unnamed Waterway,0,0
1346635437,river,Unnamed Waterway,0,0
1346638622,river,Sehan River,0,0
1346638623,river,Sehan River,0,0
1346639832,canal,Unnamed Waterway,0,0
1346639833,canal,Unnamed Waterway,0,0
1346639834,canal,Unnamed Waterway,0,0
1346639835,canal,Unnamed Waterway,0,0
1346639836,canal,Unnamed Waterway,0,0
1346639973,canal,Unnamed Waterway,0,0
1346639974,canal,Unnamed Waterway,0,0
1346803084,river,Unnamed Waterway,0,0
1346803085,river,Unnamed Waterway,0,0
1346803086,river,Unnamed Waterway,0,0
1346838590,river,Unnamed Waterway,0,0
1346838591,river,Unnamed Waterway,0,0
1346838592,river,Unnamed Waterway,0,0
1346838593,river,Unnamed Waterway,0,0
1346838594,river,Unnamed Waterway,0,0
1346838595,river,Unnamed Waterway,0,0
1346838596,river,Unnamed Waterway,0,0
1346838597,river,Unnamed Waterway,0,0
1346839215,river,Unnamed Waterway,0,0
1346839219,river,Unnamed Waterway,0,0
1346841357,river,Unnamed Waterway,0,0
1346841358,river,Unnamed Waterway,0,0
1346841361,river,Unnamed Waterway,0,0
1346841363,river,Unnamed Waterway,0,0
1346841364,river,Unnamed Waterway,0,0
1346841365,river,Unnamed Waterway,0,0
1346841366,river,Unnamed Waterway,0,0
1346841367,river,Unnamed Waterway,0,0
1346841368,river,Unnamed Waterway,0,0
1346841369,river,Unnamed Waterway,0,0
1346841370,river,Unnamed Waterway,0,0
1346841371,river,Unnamed Waterway,0,0
1346841372,river,Unnamed Waterway,0,0
1346841373,river,Unnamed Waterway,0,0
1346841374,river,Unnamed Waterway,0,0
1346841375,river,Unnamed Waterway,0,0
1346841376,river,Unnamed Waterway,0,0
1346841377,river,Unnamed Waterway,0,0
1346841378,river,Unnamed Waterway,0,0
1346841379,river,Unnamed Waterway,0,0
1346841381,river,Unnamed Waterway,0,0
1346841382,river,Unnamed Waterway,0,0
1346843304,canal,Unnamed Waterway,0,0
1346844082,river,Unnamed Waterway,0,0
1346844083,canal,Unnamed Waterway,0,0
1346844084,river,Unnamed Waterway,0,0
1346844085,river,Unnamed Waterway,0,0
1346844086,river,Unnamed Waterway,0,0
1346844087,river,Unnamed Waterway,0,0
1346844088,river,Unnamed Waterway,0,0
1346971287,river,Unnamed Waterway,0,0
1346971288,river,Unnamed Waterway,0,0
1346971289,river,Unnamed Waterway,0,0
1346971290,river,Unnamed Waterway,0,0
1346971291,stream,Unnamed Waterway,0,0
1346971292,stream,Unnamed Waterway,0,0
1346971293,stream,Unnamed Waterway,0,0
1346971294,stream,Unnamed Waterway,0,0
1346971295,river,Unnamed Waterway,0,0
1346971296,stream,Unnamed Waterway,0,0
1346971297,stream,Unnamed Waterway,0,0
1346971298,stream,Unnamed Waterway,0,0
1346971299,river,Unnamed Waterway,0,0
1346971300,river,Unnamed Waterway,0,0
1346971301,stream,Unnamed Waterway,0,0
1346971302,stream,Unnamed Waterway,0,0
1346971303,stream,Unnamed Waterway,0,0
1346971304,stream,Unnamed Waterway,0,0
1346971305,stream,Unnamed Waterway,0,0
1346971306,river,Unnamed Waterway,0,0
1346971307,river,Unnamed Waterway,0,0
1346971308,river,Unnamed Waterway,0,0
1346971309,river,Unnamed Waterway,0,0
1346971310,river,Unnamed Waterway,0,0
1346971312,stream,Unnamed Waterway,0,0
1346971313,stream,Unnamed Waterway,0,0
1346971314,river,Unnamed Waterway,0,0
1346971315,river,Unnamed Waterway,0,0
1346971316,river,Unnamed Waterway,0,0
1346971317,stream,Unnamed Waterway,0,0
1346971318,river,Unnamed Waterway,0,0
1346971319,river,Unnamed Waterway,0,0
1346971320,river,Unnamed Waterway,0,0
1346971321,river,Unnamed Waterway,0,0
1346971322,river,Unnamed Waterway,0,0
1346971323,stream,Unnamed Waterway,0,0
1346971324,river,Unnamed Waterway,0,0
1346971326,river,Unnamed Waterway,0,0
1346971327,stream,Unnamed Waterway,0,0
1346971328,stream,Unnamed Waterway,0,0
1346971329,stream,Unnamed Waterway,0,0
1346971330,stream,Unnamed Waterway,0,0
1346971331,river,Unnamed Waterway,0,0
1346971332,river,Unnamed Waterway,0,0
1346971333,stream,Unnamed Waterway,0,0
1346971334,stream,Unnamed Waterway,0,0
1346971335,stream,Unnamed Waterway,0,0
1346971336,stream,Unnamed Waterway,0,0
1346971337,river,Unnamed Waterway,0,0
1346973979,river,Unnamed Waterway,0,0
1346973980,river,Unnamed Waterway,0,0
1346973981,canal,Unnamed Waterway,0,0
1346973982,river,Unnamed Waterway,0,0
1346973983,river,Unnamed Waterway,0,0
1346973984,stream,Unnamed Waterway,0,0
1346973985,river,Unnamed Waterway,0,0
1346973986,river,Unnamed Waterway,0,0
1347206166,river,Unnamed Waterway,0,0
1347206167,river,Unnamed Waterway,0,0
1347206168,river,Sibri Nala,0,0
1347206170,river,Unnamed Waterway,0,0
1347206171,river,Unnamed Waterway,0,0
1347206172,river,Unnamed Waterway,0,0
1347206173,river,Unnamed Waterway,0,0
1347206174,river,Unnamed Waterway,0,0
1347206175,river,Unnamed Waterway,0,0
1347206176,river,Unnamed Waterway,0,0
1347206177,stream,Unnamed Waterway,0,0
1347206178,stream,Unnamed Waterway,0,0
1347206179,stream,Unnamed Waterway,0,0
1347206180,river,Unnamed Waterway,0,0
1347206181,stream,Unnamed Waterway,0,0
1347206182,river,Unnamed Waterway,0,0
1347206183,river,Duzan Rud,0,0
1347206184,river,Unnamed Waterway,0,0
1347206185,stream,Unnamed Waterway,0,0
1347206186,river,Unnamed Waterway,0,0
1347206187,river,Unnamed Waterway,0,0
1347206188,river,Unnamed Waterway,0,0
1347206189,stream,Unnamed Waterway,0,0
1347206190,stream,Unnamed Waterway,0,0
1347206191,river,Unnamed Waterway,0,0
1347207214,river,Unnamed Waterway,0,0
1347207215,river,Unnamed Waterway,0,0
1347207216,stream,Unnamed Waterway,0,0
1347207217,river,Unnamed Waterway,0,0
1347207218,stream,Unnamed Waterway,0,0
1347207219,river,Unnamed Waterway,0,0
1347207220,river,Unnamed Waterway,0,0
1347207222,river,Unnamed Waterway,0,0
1347207223,river,Unnamed Waterway,0,0
1347207224,stream,Unnamed Waterway,0,0
1347207225,stream,Unnamed Waterway,0,0
1347207226,river,Unnamed Waterway,0,0
1347207227,river,Unnamed Waterway,0,0
1347207734,river,Unnamed Waterway,0,0
1347207735,river,Unnamed Waterway,0,0
1347207736,stream,Unnamed Waterway,0,0
1347207737,stream,Unnamed Waterway,0,0
1347207738,stream,Unnamed Waterway,0,0
1347207739,river,Kuriak Rud,0,0
1347207740,stream,Unnamed Waterway,0,0
1347207741,river,Unnamed Waterway,0,0
1347207742,river,Unnamed Waterway,0,0
1347229866,river,Unnamed Waterway,0,0
1347229869,stream,Unnamed Waterway,0,0
1347229871,stream,Unnamed Waterway,0,0
1347229872,stream,Unnamed Waterway,0,0
1347229873,stream,Unnamed Waterway,0,0
1347229874,river,Unnamed Waterway,0,0
1347229875,river,Unnamed Waterway,0,0
1347229876,river,Unnamed Waterway,0,0
1347229877,river,Unnamed Waterway,0,0
1347229878,stream,Unnamed Waterway,0,0
1347229879,stream,Unnamed Waterway,0,0
1347229880,stream,Unnamed Waterway,0,0
1347229881,stream,Unnamed Waterway,0,0
1347229882,river,Unnamed Waterway,0,0
1347229883,river,Unnamed Waterway,0,0
1347229884,river,Unnamed Waterway,0,0
1347229885,stream,Unnamed Waterway,0,0
1347229886,stream,Unnamed Waterway,0,0
1347229887,stream,Unnamed Waterway,0,0
1347229888,stream,Unnamed Waterway,0,0
1347229889,stream,Unnamed Waterway,0,0
1347229890,stream,Unnamed Waterway,0,0
1347229891,stream,Unnamed Waterway,0,0
1347229892,stream,Unnamed Waterway,0,0
1347229893,river,Unnamed Waterway,0,0
1347229894,stream,Unnamed Waterway,0,0
1347229895,stream,Unnamed Waterway,0,0
1347229896,stream,Unnamed Waterway,0,0
1347229897,stream,Unnamed Waterway,0,0
1347229898,stream,Unnamed Waterway,0,0
1347229899,river,Unnamed Waterway,0,0
1347229900,river,Unnamed Waterway,0,0
1347229901,stream,Unnamed Waterway,0,0
1347229902,stream,Unnamed Waterway,0,0
1347229903,stream,Unnamed Waterway,0,0
1347229904,stream,Unnamed Waterway,0,0
1347229905,stream,Unnamed Waterway,0,0
1347229906,stream,Unnamed Waterway,0,0
1347229907,river,Unnamed Waterway,0,0
1347229908,stream,Unnamed Waterway,0,0
1347229909,river,Unnamed Waterway,0,0
1347229910,river,Unnamed Waterway,0,0
1347229911,river,Unnamed Waterway,0,0
1347229912,stream,Unnamed Waterway,0,0
1347229913,stream,Unnamed Waterway,0,0
1347231944,river,Unnamed Waterway,0,0
1347231945,stream,Unnamed Waterway,0,0
1347231946,stream,Unnamed Waterway,0,0
1347231947,stream,Unnamed Waterway,0,0
1347231948,river,Unnamed Waterway,0,0
1347231949,stream,Unnamed Waterway,0,0
1347231950,river,Unnamed Waterway,0,0
1347231951,stream,Unnamed Waterway,0,0
1347231952,river,Unnamed Waterway,0,0
1347231953,stream,Unnamed Waterway,0,0
1347231954,stream,Unnamed Waterway,0,0
1347231955,stream,Unnamed Waterway,0,0
1347231956,stream,Unnamed Waterway,0,0
1347231957,stream,Unnamed Waterway,0,0
1347231958,stream,Unnamed Waterway,0,0
1347231959,stream,Unnamed Waterway,0,0
1347231960,river,Unnamed Waterway,0,0
1347231961,river,Unnamed Waterway,0,0
1347231962,river,Unnamed Waterway,0,0
1347231963,river,Unnamed Waterway,0,0
1347231964,river,Unnamed Waterway,0,0
1347231965,stream,Unnamed Waterway,0,0
1347231966,stream,Unnamed Waterway,0,0
1347231967,river,Unnamed Waterway,0,0
1347242652,river,Unnamed Waterway,0,0
1347242653,river,Unnamed Waterway,0,0
1347242654,stream,Unnamed Waterway,0,0
1347242655,river,Unnamed Waterway,0,0
1347242658,river,Unnamed Waterway,0,0
1347242663,river,Unnamed Waterway,0,0
1347242664,river,Unnamed Waterway,0,0
1347242665,river,Unnamed Waterway,0,0
1347242666,river,Unnamed Waterway,0,0
1347242667,river,Unnamed Waterway,0,0
1347242668,river,Unnamed Waterway,0,0
1347242671,river,Unnamed Waterway,0,0
1347242672,river,Unnamed Waterway,0,0
1347242675,river,Unnamed Waterway,0,0
1347916331,river,Unnamed Waterway,0,0
1347916332,stream,Unnamed Waterway,0,0
1347916333,stream,Unnamed Waterway,0,0
1347916334,stream,Unnamed Waterway,0,0
1347916335,stream,Unnamed Waterway,0,0
1347916336,stream,Unnamed Waterway,0,0
1347916337,stream,Unnamed Waterway,0,0
1347916338,stream,Unnamed Waterway,0,0
1347916339,stream,Unnamed Waterway,0,0
1347916340,stream,Unnamed Waterway,0,0
1347916341,stream,Unnamed Waterway,0,0
1347916342,stream,Unnamed Waterway,0,0
1347916343,stream,Unnamed Waterway,0,0
1347916344,river,Unnamed Waterway,0,0
1347916345,river,Unnamed Waterway,0,0
1347916346,river,Unnamed Waterway,0,0
1347916347,river,Unnamed Waterway,0,0
1347916348,river,Unnamed Waterway,0,0
1347916349,stream,Unnamed Waterway,0,0
1347916350,river,Unnamed Waterway,0,0
1347916351,river,Unnamed Waterway,0,0
1347916352,river,Unnamed Waterway,0,0
1347916353,river,Unnamed Waterway,0,0
1347916354,river,Unnamed Waterway,0,0
1347916355,river,Unnamed Waterway,0,0
1347916356,river,Unnamed Waterway,0,0
1347917879,river,Unnamed Waterway,0,0
1347918995,river,Sardar Algad,0,0
1347919911,river,Unnamed Waterway,0,0
1347919912,river,Unnamed Waterway,0,0
1347919913,stream,Unnamed Waterway,0,0
1347919914,stream,Unnamed Waterway,0,0
1347919915,stream,Unnamed Waterway,0,0
1347919916,stream,Unnamed Waterway,0,0
1347919918,stream,Unnamed Waterway,0,0
1347920605,river,Unnamed Waterway,0,0
1347922177,river,Unnamed Waterway,0,0
1347925775,stream,د تروو لويه مانده,0,0
1348073929,canal,Unnamed Waterway,0,0
1348073930,canal,Unnamed Waterway,0,0
1348073940,canal,Unnamed Waterway,0,0
1348073941,canal,Unnamed Waterway,0,0
1348090046,canal,Unnamed Waterway,0,0
1348090047,canal,Unnamed Waterway,0,0
1348420749,stream,Unnamed Waterway,0,0
1348420750,stream,Unnamed Waterway,0,0
1348420751,stream,Unnamed Waterway,0,0
1348420752,stream,Unnamed Waterway,0,0
1348420753,stream,Unnamed Waterway,0,0
1348420754,stream,Unnamed Waterway,0,0
1348420755,stream,Unnamed Waterway,0,0
1348420756,stream,Unnamed Waterway,0,0
1348420757,stream,Unnamed Waterway,0,0
1348420758,stream,Unnamed Waterway,0,0
1348439732,river,Unnamed Waterway,0,0
1348439733,river,Unnamed Waterway,0,0
1348439734,river,Unnamed Waterway,0,0
1348439943,river,Unnamed Waterway,0,0
1348583078,river,Unnamed Waterway,0,0
1348583079,canal,Unnamed Waterway,0,0
1348583080,canal,Unnamed Waterway,0,0
1348583081,canal,Unnamed Waterway,0,0
1348583082,canal,Unnamed Waterway,0,0
1348583083,canal,Unnamed Waterway,0,0
1348583313,canal,Unnamed Waterway,0,0
1348584723,river,Unnamed Waterway,0,0
1348587771,river,Unnamed Waterway,0,0
1348624612,stream,Unnamed Waterway,0,0
1348624613,stream,Unnamed Waterway,0,0
1348628174,stream,Unnamed Waterway,0,0
1348628175,stream,Unnamed Waterway,0,0
1348628176,stream,Unnamed Waterway,0,0
1348628177,stream,Unnamed Waterway,0,0
1348911522,river,Unnamed Waterway,0,0
1348911528,stream,Unnamed Waterway,0,0
1348911529,river,Unnamed Waterway,0,0
1348911965,river,Unnamed Waterway,0,0
1348911966,river,Unnamed Waterway,0,0
1348912928,canal,Unnamed Waterway,0,0
1348912932,canal,Unnamed Waterway,0,0
1348912933,canal,Unnamed Waterway,0,0
1348957003,canal,Unnamed Waterway,0,0
1348957004,canal,Unnamed Waterway,0,0
1348957006,canal,Unnamed Waterway,0,0
1348957009,canal,Unnamed Waterway,0,0
1348960319,river,Unnamed Waterway,0,0
1348960320,river,Unnamed Waterway,0,0
1348961085,river,Unnamed Waterway,0,0
1348961087,river,Unnamed Waterway,0,0
1348965166,river,Unnamed Waterway,0,0
1348965167,river,Unnamed Waterway,0,0
1348965169,river,Unnamed Waterway,0,0
1348965170,stream,Unnamed Waterway,0,0
1348965171,stream,Unnamed Waterway,0,0
1348965172,stream,Unnamed Waterway,0,0
1348965174,river,Unnamed Waterway,0,0
1348965179,river,Unnamed Waterway,0,0
1348965184,river,Unnamed Waterway,0,0
1348965565,river,Unnamed Waterway,0,0
1348966646,river,Unnamed Waterway,0,0
1348968424,river,Unnamed Waterway,0,0
1350178771,stream,Unnamed Waterway,0,0
1350178772,stream,Unnamed Waterway,0,0
1351046124,river,Unnamed Waterway,0,0
1351158946,stream,Unnamed Waterway,0,0
1351158947,river,Unnamed Waterway,0,0
1351158948,stream,Unnamed Waterway,0,0
1351158957,river,Unnamed Waterway,0,0
1351158958,river,Unnamed Waterway,0,0
1351158977,stream,Unnamed Waterway,0,0
1351158978,stream,Unnamed Waterway,0,0
1351158979,stream,Unnamed Waterway,0,0
1351445575,stream,Sim Shaakh,0,0
1351950511,stream,Kazha Kar,0,0
1351950514,stream,Gara Lahar,0,0
1351950515,stream,Shne Zhaware,0,0
1351953540,river,Unnamed Waterway,0,0
1351979115,river,Unnamed Waterway,0,0
1351979116,river,Unnamed Waterway,0,0
1351979117,river,Unnamed Waterway,0,0
1351979118,river,Unnamed Waterway,0,0
1351979119,river,Unnamed Waterway,0,0
1351979120,river,Unnamed Waterway,0,0
1351979121,river,Unnamed Waterway,0,0
1351979122,river,Unnamed Waterway,0,0
1351979897,river,Unnamed Waterway,0,0
1351981164,river,Unnamed Waterway,0,0
1351982467,stream,Isar Khwar,0,0
1351982468,stream,Jaliko Khwar,0,0
1351982469,stream,Chakorai Khwar,0,0
1351982474,river,Nusrat Khwar,0,0
1351982738,stream,Batur Khwar,0,0
1352004644,stream,Unnamed Waterway,0,0
1352011293,stream,Hamtar Gol,0,0
1352011296,stream,Turshi Gol,0,0
1352011297,stream,Trich Gol,0,0
1352027650,river,Dir Gol,0,0
1352027651,stream,Lutkho,0,0
1352027652,stream,Gufti Gol,0,0
1352027653,river,بیرزین گول,0,0
1352027656,stream,اوغوتی گول,0,0
1352027659,stream,موشین گول,0,0
1352027660,river,موشین گول,0,0
1352027661,stream,اسپوخت گول,0,0
1352027663,stream,Ralao Gol,0,0
1352027664,stream,ارجیئک گول,0,0
1352027666,stream,وہت گول,0,0
1352206931,stream,Lajbok Darra Stream,0,0
1352208733,river,Unnamed Waterway,0,0
1352208734,river,Unnamed Waterway,0,0
1352209346,stream,Unnamed Waterway,0,0
1352209347,stream,Unnamed Waterway,0,0
1352209348,stream,Unnamed Waterway,0,0
1352285837,stream,Unnamed Waterway,0,0
1352285840,stream,Unnamed Waterway,0,0
1352285842,stream,Unnamed Waterway,0,0
1352287748,stream,Unnamed Waterway,0,0
1352287749,stream,Unnamed Waterway,0,0
1352287752,stream,Unnamed Waterway,0,0
1352487735,stream,Unnamed Waterway,0,0
1352487736,stream,Unnamed Waterway,0,0
1352487737,stream,Unnamed Waterway,0,0
1352487738,river,Unnamed Waterway,0,0
1352487739,stream,Unnamed Waterway,0,0
1352487753,stream,Unnamed Waterway,0,0
1352487754,river,Unnamed Waterway,0,0
1352487756,river,Unnamed Waterway,0,0
1352487758,river,Unnamed Waterway,0,0
1352487780,stream,Unnamed Waterway,0,0
1352488718,river,Unnamed Waterway,0,0
1352488719,river,Unnamed Waterway,0,0
1352488720,stream,Unnamed Waterway,0,0
1352489706,river,Unnamed Waterway,0,0
1352489713,river,Unnamed Waterway,0,0
1352489715,stream,Unnamed Waterway,0,0
1352489717,stream,Unnamed Waterway,0,0
1352489719,river,Unnamed Waterway,0,0
1352489720,stream,Unnamed Waterway,0,0
1352491684,river,Unnamed Waterway,0,0
1352872546,river,Unnamed Waterway,0,0
1352872547,stream,Unnamed Waterway,0,0
1352885193,stream,Unnamed Waterway,0,0
1352885197,river,Unnamed Waterway,0,0
1352885198,stream,Unnamed Waterway,0,0
1352885199,stream,Unnamed Waterway,0,0
1352885200,stream,Unnamed Waterway,0,0
1352885201,river,Unnamed Waterway,0,0
1352885203,stream,Unnamed Waterway,0,0
1352886719,river,Unnamed Waterway,0,0
1353026813,stream,Unnamed Waterway,0,0
1353026814,stream,Unnamed Waterway,0,0
1353026815,stream,Unnamed Waterway,0,0
1353026816,stream,Unnamed Waterway,0,0
1353026817,stream,Unnamed Waterway,0,0
1353026818,stream,Unnamed Waterway,0,0
1353026819,river,Unnamed Waterway,0,0
1353026820,stream,Unnamed Waterway,0,0
1353026821,stream,Unnamed Waterway,0,0
1353026822,stream,Unnamed Waterway,0,0
1353026823,stream,Unnamed Waterway,0,0
1353026824,stream,Unnamed Waterway,0,0
1353026825,stream,Unnamed Waterway,0,0
1353026826,stream,Unnamed Waterway,0,0
1353026827,stream,Unnamed Waterway,0,0
1353026830,stream,Unnamed Waterway,0,0
1353026831,stream,Unnamed Waterway,0,0
1353026838,stream,Unnamed Waterway,0,0
1353037381,river,Gunar Gah,0,0
1353037382,river,Gunar Gah,0,0
1353037385,stream,Unnamed Waterway,0,0
1353037386,stream,Unnamed Waterway,0,0
1353039512,stream,Unnamed Waterway,0,0
1353044810,river,ہوڈر گاہ,0,0
1353050287,river,سرل,0,0
1353050288,river,Unnamed Waterway,0,0
1353050289,river,Unnamed Waterway,0,0
1353050290,river,Unnamed Waterway,0,0
1353050291,river,Unnamed Waterway,0,0
1353050292,river,Unnamed Waterway,0,0
1353052963,stream,Unnamed Waterway,0,0
1353052967,river,Wuch River,0,0
1353052968,stream,Unnamed Waterway,0,0
1353052969,river,Unnamed Waterway,0,0
1353052970,river,Unnamed Waterway,0,0
1353089905,river,Gunar Gah,0,0
1353252217,river,Unnamed Waterway,0,0
1353252218,stream,Unnamed Waterway,0,0
1353252219,stream,Unnamed Waterway,0,0
1353252220,stream,Unnamed Waterway,0,0
1353262324,stream,Unnamed Waterway,0,0
1353262327,stream,Unnamed Waterway,0,0
1353264197,stream,Unnamed Waterway,0,0
1353264198,stream,Unnamed Waterway,0,0
1353264200,stream,Unnamed Waterway,0,0
1353264205,river,Bubind Gah,0,0
1353264206,river,Unnamed Waterway,0,0
1353265290,stream,Unnamed Waterway,0,0
1353265291,stream,Unnamed Waterway,0,0
1353265292,stream,Unnamed Waterway,0,0
1353265293,stream,Bulachi Gah,0,0
1353265796,river,Unnamed Waterway,0,0
1353265797,river,Unnamed Waterway,0,0
1353266207,river,Unnamed Waterway,0,0
1353266208,river,Unnamed Waterway,0,0
1353266209,river,Unnamed Waterway,0,0
1354049591,canal,Unnamed Waterway,0,0
1354049592,canal,Unnamed Waterway,0,0
1354049593,canal,Unnamed Waterway,0,0
1354049594,canal,Unnamed Waterway,0,0
1354049595,stream,Unnamed Waterway,0,0
1354049596,stream,Unnamed Waterway,0,0
1355062323,stream,Unnamed Waterway,0,0
1355062324,stream,Unnamed Waterway,0,0
1355062327,stream,Unnamed Waterway,0,0
1355069430,stream,Unnamed Waterway,0,0
1355069435,stream,Unnamed Waterway,0,0
1355081513,river,Urbak Gah,0,0
1355081514,stream,Urbak Gah,0,0
1355081515,stream,Urbak Gah,0,0
1355085852,river,Unnamed Waterway,0,0
1355086844,river,Lichar Gah River,0,0
1355088448,river,Unnamed Waterway,0,0
1355088449,river,Unnamed Waterway,0,0
1355089501,stream,Unnamed Waterway,0,0
1355089502,stream,Unnamed Waterway,0,0
1355089503,river,Lichi Gah River,0,0
1355090799,river,Ame Ges Gah River,0,0
1355090800,stream,Unnamed Waterway,0,0
1355090801,river,Damachal Gah River,0,0
1355090802,river,Unnamed Waterway,0,0
1355090803,stream,Dirkil Gah,0,0
1355090804,river,Dirkil Gah River,0,0
1355090805,river,Chamuri Gah River,0,0
1355090808,stream,Gor Gali,0,0
1355100160,river,Unnamed Waterway,0,0
1355100168,stream,Unnamed Waterway,0,0
1355101234,river,Unnamed Waterway,0,0
1355161921,stream,Unnamed Waterway,0,0
1355161922,stream,Unnamed Waterway,0,0
1355161923,stream,Unnamed Waterway,0,0
1355161924,stream,Unnamed Waterway,0,0
1355161925,stream,Unnamed Waterway,0,0
1355161926,stream,Unnamed Waterway,0,0
1355161927,stream,Unnamed Waterway,0,0
1355161929,stream,Unnamed Waterway,0,0
1355161930,stream,Unnamed Waterway,0,0
1355161931,stream,Unnamed Waterway,0,0
1356354327,stream,Unnamed Waterway,0,0
1356357193,stream,Unnamed Waterway,0,0
1356357196,stream,Unnamed Waterway,0,0
1356357202,stream,Unnamed Waterway,0,0
1356357205,stream,Unnamed Waterway,0,0
1356357210,stream,Unnamed Waterway,0,0
1356357219,stream,Unnamed Waterway,0,0
1356357222,river,Unnamed Waterway,0,0
1356357223,stream,Unnamed Waterway,0,0
1356357224,river,Unnamed Waterway,0,0
1356357229,stream,Unnamed Waterway,0,0
1356357242,stream,Unnamed Waterway,0,0
1356358955,stream,Unnamed Waterway,0,0
1356542271,river,Unnamed Waterway,0,0
1356603493,stream,Unnamed Waterway,0,0
1356606465,canal,Unnamed Waterway,0,0
1356606466,canal,Unnamed Waterway,0,0
1356636293,stream,Unnamed Waterway,0,0
1356636294,river,Wuch Khwar,0,0
1356636299,river,Makhai Wuch Khwar,0,0
1356794066,stream,Unnamed Waterway,0,0
1356794067,stream,Unnamed Waterway,0,0
1356794068,stream,Unnamed Waterway,0,0
1356794075,river,Unnamed Waterway,0,0
1356794076,river,Unnamed Waterway,0,0
1356796815,stream,Unnamed Waterway,0,0
1356796960,river,Bajaur River,0,0
1356857865,river,Chamar Kand River,0,0
1358869338,stream,Unnamed Waterway,0,0
1358869341,stream,Unnamed Waterway,0,0
1358869346,stream,Unnamed Waterway,0,0
1358869347,stream,Unnamed Waterway,0,0
1358869348,stream,Unnamed Waterway,0,0
1358869349,stream,Unnamed Waterway,0,0
1358869350,stream,Unnamed Waterway,0,0
1358869352,stream,Unnamed Waterway,0,0
1358869354,stream,Unnamed Waterway,0,0
1358869355,stream,Unnamed Waterway,0,0
1358869356,stream,Unnamed Waterway,0,0
1358869357,stream,Unnamed Waterway,0,0
1358869358,stream,Unnamed Waterway,0,0
1358869359,stream,Unnamed Waterway,0,0
1358869360,stream,Unnamed Waterway,0,0
1358869361,stream,Unnamed Waterway,0,0
1358869362,stream,Unnamed Waterway,0,0
1358869363,stream,Unnamed Waterway,0,0
1358869364,stream,Unnamed Waterway,0,0
1358869365,stream,Unnamed Waterway,0,0
1358869366,stream,Unnamed Waterway,0,0
1358869367,stream,Unnamed Waterway,0,0
1358869368,stream,Unnamed Waterway,0,0
1358968133,canal,Unnamed Waterway,0,0
1358968134,canal,Unnamed Waterway,0,0
1358974691,river,Unnamed Waterway,0,0
1358974692,river,Holhulgah,0,0
1358975602,river,Unnamed Waterway,0,0
1358975611,stream,Unnamed Waterway,0,0
1358975612,stream,Unnamed Waterway,0,0
1358975613,stream,Unnamed Waterway,0,0
1358975614,stream,Unnamed Waterway,0,0
1358976198,river,Unnamed Waterway,0,0
1358988763,river,Unnamed Waterway,0,0
1358988764,stream,Unnamed Waterway,0,0
1358991711,river,Unnamed Waterway,0,0
1358991717,stream,Unnamed Waterway,0,0
1358991720,river,Unnamed Waterway,0,0
1358991721,stream,Unnamed Waterway,0,0
1358991723,stream,Unnamed Waterway,0,0
1358991724,stream,Unnamed Waterway,0,0
1358991726,stream,Unnamed Waterway,0,0
1358991729,river,Unnamed Waterway,0,0
1358991730,stream,Unnamed Waterway,0,0
1358991731,stream,Unnamed Waterway,0,0
1358993136,stream,Unnamed Waterway,0,0
1358994972,river,Unnamed Waterway,0,0
1358994973,stream,Unnamed Waterway,0,0
1358994974,stream,Unnamed Waterway,0,0
1358994975,stream,Unnamed Waterway,0,0
1358994976,stream,Unnamed Waterway,0,0
1358994977,stream,Unnamed Waterway,0,0
1358994979,stream,Unnamed Waterway,0,0
1358994980,stream,Unnamed Waterway,0,0
1358994981,stream,Unnamed Waterway,0,0
1358994982,stream,Unnamed Waterway,0,0
1358994983,stream,Unnamed Waterway,0,0
1358994984,stream,Unnamed Waterway,0,0
1358994986,stream,Unnamed Waterway,0,0
1358994987,stream,Unnamed Waterway,0,0
1358997084,river,Unnamed Waterway,0,0
1358997085,stream,Unnamed Waterway,0,0
1358997086,stream,Unnamed Waterway,0,0
1358997094,river,Unnamed Waterway,0,0
1358997100,river,Unnamed Waterway,0,0
1358997102,stream,Unnamed Waterway,0,0
1358997103,river,Unnamed Waterway,0,0
1358997104,river,Unnamed Waterway,0,0
1359189014,river,Unnamed Waterway,0,0
1359432587,stream,Unnamed Waterway,0,0
1359432588,stream,Unnamed Waterway,0,0
1359433529,river,Unnamed Waterway,0,0
1359433530,river,Unnamed Waterway,0,0
1359433532,stream,Unnamed Waterway,0,0
1359433533,stream,Unnamed Waterway,0,0
1359433535,stream,Unnamed Waterway,0,0
1359433536,stream,Unnamed Waterway,0,0
1359435756,stream,Unnamed Waterway,0,0
1359489764,river,Unnamed Waterway,0,0
1359489765,river,Unnamed Waterway,0,0
1359489766,river,Unnamed Waterway,0,0
1359489767,river,Unnamed Waterway,0,0
1359489768,river,Unnamed Waterway,0,0
1359489769,river,Unnamed Waterway,0,0
1359489772,river,Unnamed Waterway,0,0
1359489773,river,Unnamed Waterway,0,0
1359489774,river,Unnamed Waterway,0,0
1359489775,river,Unnamed Waterway,0,0
1359489776,river,Unnamed Waterway,0,0
1359489777,river,Unnamed Waterway,0,0
1359489778,river,Unnamed Waterway,0,0
1359489779,river,Unnamed Waterway,0,0
1359489780,river,Unnamed Waterway,0,0
1359489781,river,Unnamed Waterway,0,0
1359489783,river,Unnamed Waterway,0,0
1359489784,river,Unnamed Waterway,0,0
1359717595,canal,Unnamed Waterway,0,0
1359717596,canal,Unnamed Waterway,0,0
1359743709,stream,Bora Gah,0,0
1359743953,river,Unnamed Waterway,0,0
1359743955,stream,Unnamed Waterway,0,0
1359743956,river,Unnamed Waterway,0,0
1359744740,river,Unnamed Waterway,0,0
1359744750,river,Unnamed Waterway,0,0
1359745009,river,Unnamed Waterway,0,0
1359795934,stream,Unnamed Waterway,0,0
1359795935,stream,Unnamed Waterway,0,0
1359795937,stream,Unnamed Waterway,0,0
1359903316,river,Char Dhoro,0,0
1359903317,river,Char Dhoro,0,0
1359903318,river,Char Dhoro,0,0
1359903319,river,Char Dhoro,0,0
1359907890,river,Char Dhoro,0,0
1359907891,river,Char Dhoro,0,0
1360219990,river,Pehur High-Level Canal,0,0
1360219991,river,Pehur High-Level Canal,0,0
1360219992,river,Pehur High-Level Canal,0,0
1360219993,river,Pehur High-Level Canal,0,0
1360220325,canal,Unnamed Waterway,0,0
1360220326,canal,Unnamed Waterway,0,0
1360220327,canal,Unnamed Waterway,0,0
1360220328,canal,Unnamed Waterway,0,0
1360220329,canal,Unnamed Waterway,0,0
1360220330,canal,Unnamed Waterway,0,0
1360220331,river,Unnamed Waterway,0,0
1360221216,river,Unnamed Waterway,0,0
1360221218,river,Unnamed Waterway,0,0
1360221219,river,Unnamed Waterway,0,0
1360221220,stream,Unnamed Waterway,0,0
1360221221,canal,Unnamed Waterway,0,0
1360221222,canal,Unnamed Waterway,0,0
1360221223,canal,Unnamed Waterway,0,0
1360421363,river,Unnamed Waterway,0,0
1360421364,river,Unnamed Waterway,0,0
1360428500,canal,Unnamed Waterway,0,0
1360428501,canal,Unnamed Waterway,0,0
1360428507,river,Unnamed Waterway,0,0
1360428508,river,Unnamed Waterway,0,0
1360428510,river,Unnamed Waterway,0,0
1360428511,river,Unnamed Waterway,0,0
1361047099,stream,Unnamed Waterway,0,0
1361063977,river,Unnamed Waterway,0,0
1361063978,river,Unnamed Waterway,0,0
1361063979,river,Unnamed Waterway,0,0
1361070766,river,Sherqillah Gah,0,0
1361070767,river,Unnamed Waterway,0,0
1361070774,stream,Unnamed Waterway,0,0
1361070783,river,Unnamed Waterway,0,0
1361070784,river,Unnamed Waterway,0,0
1361089792,river,Unnamed Waterway,0,0
1361089793,river,Unnamed Waterway,0,0
1361089794,stream,Unnamed Waterway,0,0
1361089795,river,Unnamed Waterway,0,0
1361089796,river,Unnamed Waterway,0,0
1361091053,river,Unnamed Waterway,0,0
1361091054,river,Unnamed Waterway,0,0
1361094600,river,Unnamed Waterway,0,0
1361499414,river,Thalpan Gah,0,0
1363137491,stream,Unnamed Waterway,0,0
1363137492,stream,Unnamed Waterway,0,0
1363146889,canal,Husri Distributary,0,0
1363146890,canal,Husri Distributary,0,0
1363175879,canal,Unnamed Waterway,0,0
1363175880,river,Haro River,0,0
1363176061,river,Unnamed Waterway,0,0
1363176062,river,Unnamed Waterway,0,0
1363176063,river,Unnamed Waterway,0,0
1363238030,river,Unnamed Waterway,0,0
1363238031,river,Unnamed Waterway,0,0
1363238032,river,Unnamed Waterway,0,0
1363238033,stream,Unnamed Waterway,0,0
1363238034,river,Unnamed Waterway,0,0
1363238035,river,Unnamed Waterway,0,0
1363238036,stream,Unnamed Waterway,0,0
1363238037,river,Unnamed Waterway,0,0
1363238038,river,Unnamed Waterway,0,0
1363238039,river,Unnamed Waterway,0,0
1363238040,river,Unnamed Waterway,0,0
1363238041,river,Unnamed Waterway,0,0
1363238042,river,Unnamed Waterway,0,0
1363238043,river,Unnamed Waterway,0,0
1363238044,river,Unnamed Waterway,0,0
1363238850,river,Unnamed Waterway,0,0
1363238852,river,Unnamed Waterway,0,0
1363238853,river,Unnamed Waterway,0,0
1363238854,river,Unnamed Waterway,0,0
1363238855,river,Unnamed Waterway,0,0
1363238857,river,Unnamed Waterway,0,0
1363592147,river,Unnamed Waterway,0,0
1363592148,river,Unnamed Waterway,0,0
1363592149,river,Unnamed Waterway,0,0
1363685809,river,Unnamed Waterway,0,0
1363685810,river,Unnamed Waterway,0,0
1363711884,river,Unnamed Waterway,0,0
1363712331,river,Mushkat Nala,0,0
1363725640,canal,Unnamed Waterway,0,0
1363725641,canal,Unnamed Waterway,0,0
1363725642,canal,Unnamed Waterway,0,0
1363725643,canal,Unnamed Waterway,0,0
1363725644,canal,Unnamed Waterway,0,0
1363725645,canal,Unnamed Waterway,0,0
1363725646,canal,Unnamed Waterway,0,0
1363725647,canal,Unnamed Waterway,0,0
1363725648,canal,Unnamed Waterway,0,0
1363725649,canal,Unnamed Waterway,0,0
1363725653,canal,Unnamed Waterway,0,0
1363725654,canal,Unnamed Waterway,0,0
1363725655,canal,Unnamed Waterway,0,0
1363725656,canal,Unnamed Waterway,0,0
1363725658,canal,Unnamed Waterway,0,0
1363725659,canal,Unnamed Waterway,0,0
1363725660,canal,Unnamed Waterway,0,0
1363725661,stream,Unnamed Waterway,0,0
1363739899,canal,Unnamed Waterway,0,0
1363739900,canal,Unnamed Waterway,0,0
1363739901,canal,Unnamed Waterway,0,0
1363752095,canal,Luni Branch Canal,0,0
1363752096,canal,Khajjak Branch Canal,0,0
1363752098,canal,Bakhra Ghulam Branch,0,0
1363752099,canal,Dehpal Branch,0,0
1363755535,river,Unnamed Waterway,0,0
1363773672,river,پورالی ندی,0,0
1363783492,river,Tiar Ghazi Wah,0,0
1364124430,stream,Unnamed Waterway,0,0
1364124431,stream,Juma Kachh,0,0
1364396769,stream,Nari Nala,0,0
1364396775,stream,Giddar Wah,0,0
1364401865,river,کھارو نالہ,0,0
1364401886,river,Tata Rud,0,0
1364401887,stream,Unnamed Waterway,0,0
1364401888,stream,Unnamed Waterway,0,0
1364401889,stream,Unnamed Waterway,0,0
1364401890,stream,Unnamed Waterway,0,0
1364403822,stream,گلوزوار نالہ,0,0
1364403823,canal,Unnamed Waterway,0,0
1364403824,river,بوری نالہ,0,0
1364403825,canal,Unnamed Waterway,0,0
1364403826,canal,Unnamed Waterway,0,0
1364403827,river,بوری نالہ,0,0
1364403828,canal,Unnamed Waterway,0,0
1364403831,stream,Unnamed Waterway,0,0
1364403832,river,Jaro River,0,0
1365433716,stream,Unnamed Waterway,0,0
1365433717,river,Unnamed Waterway,0,0
1365433718,river,Unnamed Waterway,0,0
1365433719,stream,Unnamed Waterway,0,0
1365433720,river,Unnamed Waterway,0,0
1365433721,river,Unnamed Waterway,0,0
1365433722,river,Unnamed Waterway,0,0
1365433723,stream,Unnamed Waterway,0,0
1365436829,river,Unnamed Waterway,0,0
1365436830,stream,Unnamed Waterway,0,0
1365436831,stream,Unnamed Waterway,0,0
1365436832,stream,Unnamed Waterway,0,0
1365436833,canal,Unnamed Waterway,0,0
1365438090,canal,Unnamed Waterway,0,0
1365438091,canal,Unnamed Waterway,0,0
1365438092,canal,Unnamed Waterway,0,0
1365438093,canal,Unnamed Waterway,0,0
1365438094,canal,Unnamed Waterway,0,0
1365438095,canal,Unnamed Waterway,0,0
1365438096,stream,Unnamed Waterway,0,0
1365438097,canal,Unnamed Waterway,0,0
1365438098,canal,Unnamed Waterway,0,0
1365438099,stream,Unnamed Waterway,0,0
1365438100,canal,Unnamed Waterway,0,0
1365438101,stream,Unnamed Waterway,0,0
1365438102,stream,Unnamed Waterway,0,0
1365438103,stream,Unnamed Waterway,0,0
1365438104,stream,Unnamed Waterway,0,0
1365438105,canal,Unnamed Waterway,0,0
1365438107,canal,Unnamed Waterway,0,0
1365438109,canal,Unnamed Waterway,0,0
1365438110,canal,Unnamed Waterway,0,0
1365438111,canal,Unnamed Waterway,0,0
1365438112,river,Unnamed Waterway,0,0
1365438113,river,Unnamed Waterway,0,0
1365438114,stream,Unnamed Waterway,0,0
1365438115,canal,Unnamed Waterway,0,0
1365438116,canal,Unnamed Waterway,0,0
1365438117,canal,Unnamed Waterway,0,0
1365438463,river,Golo Wah,0,0
1365438464,canal,Unnamed Waterway,0,0
1365439002,river,Unnamed Waterway,0,0
1365439856,river,Unnamed Waterway,0,0
1365439857,river,Unnamed Waterway,0,0
1365439858,river,Unnamed Waterway,0,0
1365439859,river,Unnamed Waterway,0,0
1365439860,river,Unnamed Waterway,0,0
1365449976,canal,Unnamed Waterway,0,0
1365449978,canal,Unnamed Waterway,0,0
1365449980,canal,Unnamed Waterway,0,0
1365449982,canal,Unnamed Waterway,0,0
1365449984,canal,Unnamed Waterway,0,0
1365449986,canal,Unnamed Waterway,0,0
1365449987,canal,Unnamed Waterway,0,0
1365449989,canal,Unnamed Waterway,0,0
1365449991,canal,Unnamed Waterway,0,0
1365449993,canal,Unnamed Waterway,0,0
1365449995,stream,Unnamed Waterway,0,0
1365449996,canal,Unnamed Waterway,0,0
1365449998,canal,Unnamed Waterway,0,0
1365449999,canal,Unnamed Waterway,0,0
1365450002,canal,Unnamed Waterway,0,0
1365450004,canal,Unnamed Waterway,0,0
1365450005,canal,Unnamed Waterway,0,0
1365450006,canal,Unnamed Waterway,0,0
1365450007,canal,Unnamed Waterway,0,0
1365450008,canal,Unnamed Waterway,0,0
1365450009,canal,Unnamed Waterway,0,0
1365450010,canal,Unnamed Waterway,0,0
1365450011,canal,Unnamed Waterway,0,0
1365450012,canal,Unnamed Waterway,0,0
1365450013,canal,Unnamed Waterway,0,0
1365450014,river,Unnamed Waterway,0,0
1365450016,river,Unnamed Waterway,0,0
1365450017,river,Unnamed Waterway,0,0
1365450652,river,Unnamed Waterway,0,0
1365450653,canal,Unnamed Waterway,0,0
1365450654,canal,Unnamed Waterway,0,0
1365479623,river,Unnamed Waterway,0,0
1365662150,stream,Unnamed Waterway,0,0
1365662151,canal,Unnamed Waterway,0,0
1365662152,canal,Unnamed Waterway,0,0
1365662153,stream,Unnamed Waterway,0,0
1365663353,river,Unnamed Waterway,0,0
1365663354,river,Unnamed Waterway,0,0
1365663355,canal,Unnamed Waterway,0,0
1365663357,canal,Unnamed Waterway,0,0
1365663358,river,Unnamed Waterway,0,0
1365663359,canal,Unnamed Waterway,0,0
1365663360,canal,Unnamed Waterway,0,0
1365663361,canal,Unnamed Waterway,0,0
1365663364,canal,Unnamed Waterway,0,0
1365663365,canal,Unnamed Waterway,0,0
1365663368,river,Tiar Ghazi Wah,0,0
1365663369,stream,Unnamed Waterway,0,0
1365663371,stream,Unnamed Waterway,0,0
1365665314,canal,Unnamed Waterway,0,0
1365665315,river,Unnamed Waterway,0,0
1365665316,river,Unnamed Waterway,0,0
1365665318,river,Unnamed Waterway,0,0
1365665320,river,Unnamed Waterway,0,0
1365665321,river,Unnamed Waterway,0,0
1365665322,river,Unnamed Waterway,0,0
1365665323,river,Unnamed Waterway,0,0
1365665324,stream,Unnamed Waterway,0,0
1365665325,river,Unnamed Waterway,0,0
1365665326,stream,Unnamed Waterway,0,0
1365665327,stream,Unnamed Waterway,0,0
1365665328,river,Unnamed Waterway,0,0
1365665329,stream,Unnamed Waterway,0,0
1365665330,stream,Unnamed Waterway,0,0
1365665331,stream,Unnamed Waterway,0,0
1365665332,river,Unnamed Waterway,0,0
1365666046,canal,Unnamed Waterway,0,0
1365666047,canal,Unnamed Waterway,0,0
1365666050,canal,Unnamed Waterway,0,0
1365666051,canal,Unnamed Waterway,0,0
1365666053,canal,Unnamed Waterway,0,0
1365666054,canal,Unnamed Waterway,0,0
1365666057,canal,Unnamed Waterway,0,0
1365666058,canal,Unnamed Waterway,0,0
1365666298,river,Unnamed Waterway,0,0
1365667667,river,Unnamed Waterway,0,0
1365667668,river,Unnamed Waterway,0,0
1365667669,river,Unnamed Waterway,0,0
1365667670,river,Unnamed Waterway,0,0
1365669375,river,Unnamed Waterway,0,0
1365669376,river,Unnamed Waterway,0,0
1365669377,river,Unnamed Waterway,0,0
1365669388,river,Unnamed Waterway,0,0
1365669389,river,Unnamed Waterway,0,0
1365669390,river,Unnamed Waterway,0,0
1365669391,river,Unnamed Waterway,0,0
1365669394,stream,Unnamed Waterway,0,0
1365715805,canal,Unnamed Waterway,0,0
1365715806,canal,Unnamed Waterway,0,0
1365715809,canal,Unnamed Waterway,0,0
1365715810,canal,Unnamed Waterway,0,0
1365715813,canal,Unnamed Waterway,0,0
1365715816,canal,Unnamed Waterway,0,0
1365715817,canal,Unnamed Waterway,0,0
1365715818,canal,Unnamed Waterway,0,0
1365715819,canal,Unnamed Waterway,0,0
1365715826,canal,Unnamed Waterway,0,0
1365715827,canal,Unnamed Waterway,0,0
1365715828,canal,Unnamed Waterway,0,0
1365715829,canal,Unnamed Waterway,0,0
1365715830,canal,Unnamed Waterway,0,0
1365715831,canal,Unnamed Waterway,0,0
1365715832,canal,Unnamed Waterway,0,0
1365715838,canal,Unnamed Waterway,0,0
1365715839,canal,Unnamed Waterway,0,0
1365715840,canal,Unnamed Waterway,0,0
1365715841,canal,Unnamed Waterway,0,0
1365715842,canal,Unnamed Waterway,0,0
1365715843,canal,Unnamed Waterway,0,0
1365715844,canal,Unnamed Waterway,0,0
1365715845,canal,Unnamed Waterway,0,0
1365715846,canal,Unnamed Waterway,0,0
1365715847,canal,Unnamed Waterway,0,0
1365846928,river,Unnamed Waterway,0,0
1365846929,river,Unnamed Waterway,0,0
1365846930,river,Unnamed Waterway,0,0
1365846931,river,Unnamed Waterway,0,0
1365846932,river,Unnamed Waterway,0,0
1365846933,river,Unnamed Waterway,0,0
1365846934,river,Unnamed Waterway,0,0
1365846935,river,Unnamed Waterway,0,0
1365846936,river,Unnamed Waterway,0,0
1365846937,river,Unnamed Waterway,0,0
1365860408,river,Unnamed Waterway,0,0
1365860409,river,Unnamed Waterway,0,0
1365860410,river,Unnamed Waterway,0,0
1365898327,river,Unnamed Waterway,0,0
1365898328,river,Unnamed Waterway,0,0
1365898329,river,Unnamed Waterway,0,0
1365899699,river,Unnamed Waterway,0,0
1365900080,river,Unnamed Waterway,0,0
1366114737,river,Unnamed Waterway,0,0
1366114742,river,Unnamed Waterway,0,0
1367181283,stream,Unnamed Waterway,0,0
1368287853,river,Unnamed Waterway,0,0
1368287854,river,Unnamed Waterway,0,0
1368287855,river,Unnamed Waterway,0,0
1368287856,river,Unnamed Waterway,0,0
1368823830,stream,Unnamed Waterway,0,0
1368823831,stream,Unnamed Waterway,0,0
1368823832,stream,Unnamed Waterway,0,0
1368823833,stream,Unnamed Waterway,0,0
1368823834,stream,Unnamed Waterway,0,0
1368823835,stream,Unnamed Waterway,0,0
1368828141,stream,Unnamed Waterway,0,0
1368828142,stream,Unnamed Waterway,0,0
1369004476,river,Unnamed Waterway,0,0
1369004477,river,Unnamed Waterway,0,0
1369004478,river,Unnamed Waterway,0,0
1369004479,river,Unnamed Waterway,0,0
1369004480,river,Unnamed Waterway,0,0
1369004481,river,Unnamed Waterway,0,0
1369005976,river,Unnamed Waterway,0,0
1369006380,river,Unnamed Waterway,0,0
1369006381,canal,Unnamed Waterway,0,0
1369006382,canal,Unnamed Waterway,0,0
1369008960,river,Unnamed Waterway,0,0
1369008961,river,Unnamed Waterway,0,0
1369008962,river,Unnamed Waterway,0,0
1369008963,river,Unnamed Waterway,0,0
1369008964,river,Unnamed Waterway,0,0
1369008965,river,Unnamed Waterway,0,0
1369008966,river,Unnamed Waterway,0,0
1369380528,canal,Unnamed Waterway,0,0
1369380529,canal,Unnamed Waterway,0,0
1369380552,canal,Unnamed Waterway,0,0
1369380553,canal,Unnamed Waterway,0,0
1369380554,canal,Unnamed Waterway,0,0
1369380555,canal,Unnamed Waterway,0,0
1370100513,river,Unnamed Waterway,0,0
1370100514,river,Unnamed Waterway,0,0
1370100515,river,Unnamed Waterway,0,0
1370100516,river,Unnamed Waterway,0,0
1373156171,stream,Unnamed Waterway,0,0
1373156172,canal,Unnamed Waterway,0,0
1373156177,stream,Unnamed Waterway,0,0
1373156178,stream,Unnamed Waterway,0,0
1373156183,stream,Unnamed Waterway,0,0
1373156184,river,Unnamed Waterway,0,0
1373156186,stream,Unnamed Waterway,0,0
1373156190,stream,Unnamed Waterway,0,0
1373170170,river,Unnamed Waterway,0,0
1373170171,river,Unnamed Waterway,0,0
1373170189,river,Unnamed Waterway,0,0
1373170190,river,Unnamed Waterway,0,0
1373454797,canal,Unnamed Waterway,0,0
1373597866,stream,Unnamed Waterway,0,0
1373597867,stream,Unnamed Waterway,0,0
1373597868,stream,Unnamed Waterway,0,0
1373597869,river,Unnamed Waterway,0,0
1373612992,stream,Unnamed Waterway,0,0
1373612993,stream,Unnamed Waterway,0,0
1373612994,stream,Unnamed Waterway,0,0
1373646062,stream,Unnamed Waterway,0,0
1373646063,stream,Unnamed Waterway,0,0
1373646064,stream,Unnamed Waterway,0,0
1373646065,stream,Unnamed Waterway,0,0
1373648646,river,Unnamed Waterway,0,0
1373648648,stream,Unnamed Waterway,0,0
1373648649,stream,Unnamed Waterway,0,0
1373648650,stream,Unnamed Waterway,0,0
1373648651,stream,Unnamed Waterway,0,0
1373648652,stream,Unnamed Waterway,0,0
1373648653,stream,Unnamed Waterway,0,0
1373648654,stream,Unnamed Waterway,0,0
1373716248,river,Unnamed Waterway,0,0
1373716249,stream,Unnamed Waterway,0,0
1374339926,stream,Unnamed Waterway,0,0
1374340226,river,Unnamed Waterway,0,0
1374340859,stream,Unnamed Waterway,0,0
1374368079,stream,Unnamed Waterway,0,0
1374368080,river,Unnamed Waterway,0,0
1374486489,river,Unnamed Waterway,0,0
1374486492,river,Unnamed Waterway,0,0
1374489639,river,Unnamed Waterway,0,0
1374489643,river,Unnamed Waterway,0,0
1374489644,river,Unnamed Waterway,0,0
1374489645,river,Unnamed Waterway,0,0
1374489646,river,Unnamed Waterway,0,0
1374489647,river,Unnamed Waterway,0,0
1374801457,stream,Unnamed Waterway,0,0
1374801460,stream,Unnamed Waterway,0,0
1374801463,river,Unnamed Waterway,0,0
1374801485,stream,Unnamed Waterway,0,0
1374804652,stream,Unnamed Waterway,0,0
1374804655,stream,Unnamed Waterway,0,0
1374804656,stream,Unnamed Waterway,0,0
1374804657,stream,Unnamed Waterway,0,0
1374804658,stream,Unnamed Waterway,0,0
1374804676,stream,Unnamed Waterway,0,0
1374804680,stream,Unnamed Waterway,0,0
1374804681,stream,Unnamed Waterway,0,0
1374804682,stream,Unnamed Waterway,0,0
1374804683,stream,Unnamed Waterway,0,0
1374808444,river,Unnamed Waterway,0,0
1375306907,stream,Unnamed Waterway,0,0
1375306908,stream,Unnamed Waterway,0,0
1375377395,canal,Unnamed Waterway,0,0
1375377396,canal,Unnamed Waterway,0,0
1375409106,stream,Unnamed Waterway,0,0
1375409107,stream,Unnamed Waterway,0,0
1375409108,stream,Unnamed Waterway,0,0
1375409109,stream,Unnamed Waterway,0,0
1375409110,stream,Unnamed Waterway,0,0
1376528960,canal,Unnamed Waterway,0,0
1376528961,canal,Unnamed Waterway,0,0
1376542158,canal,Lunndi Shaakh لُنڈی شاخ,0,0
1377599504,canal,Unnamed Waterway,0,0
1377599505,canal,Unnamed Waterway,0,0
1377761039,canal,Unnamed Waterway,0,0
1377761040,canal,Unnamed Waterway,0,0
1377761064,canal,Unnamed Waterway,0,0
1377761065,canal,Unnamed Waterway,0,0
1378998642,canal,Unnamed Waterway,0,0
1378998643,canal,Unnamed Waterway,0,0
1381560657,canal,Sutlej link channel,0,0
1381560658,canal,Sutlej link channel,0,0
1381560662,canal,B.R.B.D. Canal,0,0
1382305780,stream,Unnamed Waterway,0,0
1382305782,stream,Unnamed Waterway,0,0
1382346782,stream,Unnamed Waterway,0,0
1382346783,stream,Unnamed Waterway,0,0
1382357908,stream,Unnamed Waterway,0,0
1382357909,stream,Unnamed Waterway,0,0
1382357910,stream,Unnamed Waterway,0,0
1382357911,stream,Unnamed Waterway,0,0
1382357931,stream,Unnamed Waterway,0,0
1382357932,stream,Unnamed Waterway,0,0
1382671720,stream,Unnamed Waterway,0,0
1382678051,river,Unnamed Waterway,0,0
1382686981,river,Unnamed Waterway,0,0
1382686982,river,Unnamed Waterway,0,0
1382686985,stream,Unnamed Waterway,0,0
1382686986,river,Unnamed Waterway,0,0
1382688556,stream,Darchan Gah,0,0
1382703832,river,Unnamed Waterway,0,0
1382852806,canal,Madho Das Minor,0,0
1382852807,canal,Madho Das Minor,0,0
1382852840,canal,Unnamed Waterway,0,0
1382852841,canal,Unnamed Waterway,0,0
1383295616,stream,Unnamed Waterway,0,0
1383295617,river,Unnamed Waterway,0,0
1384141715,stream,Unnamed Waterway,0,0
1384141720,stream,Unnamed Waterway,0,0
1384141722,river,Unnamed Waterway,0,0
1384421413,river,Unnamed Waterway,0,0
1384422076,river,Unnamed Waterway,0,0
1384422077,river,Unnamed Waterway,0,0
1384422330,canal,Sheikhupura Distributary,0,0
1385163009,canal,Unnamed Waterway,0,0
1385164892,canal,Unnamed Waterway,0,0
1386006563,canal,Walanewala Distributary,0,0
1386006585,canal,Unnamed Waterway,0,0
1386059159,canal,Unnamed Waterway,0,0
1386059162,canal,Unnamed Waterway,0,0
1386060723,canal,Unnamed Waterway,0,0
1386062702,canal,Unnamed Waterway,0,0
1386062703,canal,Unnamed Waterway,0,0
1386062711,canal,Unnamed Waterway,0,0
1386064174,canal,Unnamed Waterway,0,0
1386064177,canal,Unnamed Waterway,0,0
1386064184,canal,Unnamed Waterway,0,0
1387817923,stream,Kas,0,0
1388307715,river,Unnamed Waterway,0,0
1389160732,canal,Unnamed Waterway,0,0
1389160733,canal,Unnamed Waterway,0,0
1389160766,canal,Unnamed Waterway,0,0
1389160767,canal,Unnamed Waterway,0,0
1391314763,canal,Unnamed Waterway,0,0
1391846224,river,Ishkoman River,0,0
1392856911,canal,Unnamed Waterway,0,0
1392856912,canal,Unnamed Waterway,0,0
1394007979,stream,Unnamed Waterway,0,0
1394007980,stream,Unnamed Waterway,0,0
1394007981,stream,Unnamed Waterway,0,0
1394009879,stream,Unnamed Waterway,0,0
1394009880,stream,Unnamed Waterway,0,0
1394009881,stream,Unnamed Waterway,0,0
1394009882,stream,Unnamed Waterway,0,0
1394015709,stream,Unnamed Waterway,0,0
1394015710,stream,Unnamed Waterway,0,0
1394402007,stream,Unnamed Waterway,0,0
1394402008,stream,Unnamed Waterway,0,0
1394402009,stream,Unnamed Waterway,0,0
1394402010,stream,Unnamed Waterway,0,0
1394402011,stream,Unnamed Waterway,0,0
1394402013,stream,Unnamed Waterway,0,0
1394402014,stream,Unnamed Waterway,0,0
1394402015,stream,Unnamed Waterway,0,0
1394402016,stream,Unnamed Waterway,0,0
1394442167,stream,Unnamed Waterway,0,0
1394442168,stream,Unnamed Waterway,0,0
1394442169,stream,Unnamed Waterway,0,0
1394442170,river,Unnamed Waterway,0,0
1394442174,river,Unnamed Waterway,0,0
1394442178,river,Unnamed Waterway,0,0
1394442179,stream,Unnamed Waterway,0,0
1394442180,stream,Unnamed Waterway,0,0
1394442183,stream,Unnamed Waterway,0,0
1394442184,stream,Unnamed Waterway,0,0
1394442185,stream,Unnamed Waterway,0,0
1394444056,river,Unnamed Waterway,0,0
1394444068,river,Amri Gah,0,0
1394444069,river,Sholoko Gah,0,0
1394444070,river,Amri Gah,0,0
1395289895,canal,Unnamed Waterway,0,0
1395292055,canal,Unnamed Waterway,0,0
1395292056,canal,Unnamed Waterway,0,0
1395292057,canal,Unnamed Waterway,0,0
1395292058,canal,Unnamed Waterway,0,0
1395450756,stream,Unnamed Waterway,0,0
1395450757,stream,Unnamed Waterway,0,0
1395450758,stream,Unnamed Waterway,0,0
1395454085,stream,Unnamed Waterway,0,0
1395454086,stream,Unnamed Waterway,0,0
1395558420,canal,Muridke Distributary,0,0
1395558421,canal,Muridke Distributary,0,0
1395559948,stream,بھیڈ نالہ,0,0
1395559949,stream,بھیڈ نالہ,0,0
1395815897,stream,Unnamed Waterway,0,0
1395815898,stream,Unnamed Waterway,0,0
1396086470,river,Shigar,0,0
1396086471,river,Shigar River دریائے شگر,0,0
1396086472,river,Shigar,0,0
1396086473,river,Shigar,0,0
1396086474,river,Shigar,0,0
1396086475,river,Shigar,0,0
1396181253,river,Basha,0,0
1396254130,stream,Unnamed Waterway,0,0
1396258457,stream,Unnamed Waterway,0,0
1396497276,river,Unnamed Waterway,0,0
1396731423,canal,جلالپور کینال ساغر پر سوا,0,0
1396731442,canal,جلالپور کینال,0,0
1396731443,canal,جلالپور کینال,0,0
1408157281,river,Khunjerāb River,0,0
1408186011,river,Sutlej River,0,0
1408186012,river,دریائے ستلج,0,0
1408207191,river,Unnamed Waterway,0,0
1408439605,stream,Unnamed Waterway,0,0
1408439606,stream,Unnamed Waterway,0,0
1408440436,stream,Unnamed Waterway,0,0
1408491512,river,Unnamed Waterway,0,0
1408495710,river,Chambir RIver,0,0
1408496177,river,Unnamed Waterway,0,0
1408825279,stream,Unnamed Waterway,0,0
1408825280,stream,Unnamed Waterway,0,0
1408825281,stream,Unnamed Waterway,0,0
1408825282,stream,Unnamed Waterway,0,0
1409336203,stream,Unnamed Waterway,0,0
1409424708,river,گیانگ,0,0
1409442044,river,Unnamed Waterway,0,0
1411034761,canal,Unnamed Waterway,0,0
1411034762,canal,Unnamed Waterway,0,0
1411350126,stream,Unnamed Waterway,0,0
1411352258,stream,Dar Nala,0,0
1411358336,river,Kas Kuthan,0,0
1411379698,stream,Unnamed Waterway,0,0
1411379699,stream,Rajor Kas,0,0
1411382490,stream,Gabbi Nala,0,0
1411382503,river,Kanala Kas,0,0
1411382517,stream,Unnamed Waterway,0,0
1411384670,river,Unnamed Waterway,0,0
1411693603,river,Unnamed Waterway,0,0
1411696391,river,Unnamed Waterway,0,0
1411758160,stream,Gurhawala Kas,0,0
1411758161,stream,Gurhawala Kas,0,0
1411758162,river,Unnamed Waterway,0,0
1411836204,canal,B.R.B.D. Canal,0,0
1412653615,river,Unnamed Waterway,0,0
1412653616,river,Unnamed Waterway,0,0
1412653617,river,Unnamed Waterway,0,0
1412996554,stream,Arsal,0,0
1412996559,stream,Malot Nala,0,0
1412996583,river,Chanar,0,0
1413214285,river,Unnamed Waterway,0,0
1413214287,river,دریائے توچی,0,0
1413216563,river,Unnamed Waterway,0,0
1413368856,stream,Unnamed Waterway,0,0
1413368857,stream,Unnamed Waterway,0,0
1413809968,river,Shah Alam River,0,0
1413809969,river,Shah Alam River,0,0
1413995287,stream,Unnamed Waterway,0,0
1414155583,stream,Unnamed Waterway,0,0
1414155584,stream,Unnamed Waterway,0,0
1414155585,stream,Unnamed Waterway,0,0
1414155586,stream,Unnamed Waterway,0,0
1414155587,stream,Unnamed Waterway,0,0
1414155588,stream,Unnamed Waterway,0,0
1414155589,stream,Unnamed Waterway,0,0
1414155590,stream,Unnamed Waterway,0,0
1414155591,stream,Unnamed Waterway,0,0
1414155592,stream,Unnamed Waterway,0,0
1414155593,stream,Unnamed Waterway,0,0
1414155594,stream,Unnamed Waterway,0,0
1414155595,stream,Unnamed Waterway,0,0
1414155596,stream,Unnamed Waterway,0,0
1414155597,stream,Unnamed Waterway,0,0
1414155598,stream,Unnamed Waterway,0,0
1414155599,stream,Unnamed Waterway,0,0
1414155600,stream,Unnamed Waterway,0,0
1414155601,stream,Unnamed Waterway,0,0
1414155602,stream,Unnamed Waterway,0,0
1414155603,stream,Unnamed Waterway,0,0
1414155604,river,Unnamed Waterway,0,0
1414155605,stream,Unnamed Waterway,0,0
1414155606,stream,Unnamed Waterway,0,0
1414155607,stream,Unnamed Waterway,0,0
1414155608,stream,Unnamed Waterway,0,0
1414155609,stream,Unnamed Waterway,0,0
1414155610,stream,Unnamed Waterway,0,0
1414155611,river,Unnamed Waterway,0,0
1414155612,stream,Unnamed Waterway,0,0
1414155613,river,Unnamed Waterway,0,0
1414155618,river,Unnamed Waterway,0,0
1414155619,river,Unnamed Waterway,0,0
1414155620,stream,Unnamed Waterway,0,0
1414155621,stream,Unnamed Waterway,0,0
1414155622,stream,Unnamed Waterway,0,0
1414155623,stream,Unnamed Waterway,0,0
1414230285,river,دھراب,0,0
1414989847,river,نالہ ڈیک,0,0
1414998563,river,نالہ ڈیک,0,0
1414998564,river,نالہ ڈیک,0,0
1414998565,river,نالہ ڈیک,0,0
1414998566,river,نالہ ڈیک,0,0
1415103333,stream,Unnamed Waterway,0,0
1415103334,stream,Unnamed Waterway,0,0
1416075047,canal,Shahbaz Minor,0,0
1416075048,canal,Shahbaz Minor,0,0
1416404148,canal,water canal for farm,0,0
1416570968,canal,Unnamed Waterway,0,0
1416570969,canal,Unnamed Waterway,0,0
1416570970,canal,Unnamed Waterway,0,0
1416570971,canal,Unnamed Waterway,0,0
1416570975,canal,Unnamed Waterway,0,0
1416779066,stream,Unnamed Waterway,0,0
1416779067,stream,Unnamed Waterway,0,0
1417054460,stream,Unnamed Waterway,0,0
1417055160,stream,Unnamed Waterway,0,0
1417057499,stream,Unnamed Waterway,0,0
1417527714,stream,Unnamed Waterway,0,0
1417527715,stream,Unnamed Waterway,0,0
1417527716,stream,Unnamed Waterway,0,0
1418609776,stream,Lunda Nala,0,0
1419041777,stream,Unnamed Waterway,0,0
1419041778,stream,Unnamed Waterway,0,0
1419091697,stream,Unnamed Waterway,0,0
1419151724,stream,Unnamed Waterway,0,0
1419151725,stream,Unnamed Waterway,0,0
1419151726,stream,Unnamed Waterway,0,0
1419151727,stream,Unnamed Waterway,0,0
1419151728,stream,Unnamed Waterway,0,0
1419151738,stream,Unnamed Waterway,0,0
1419151739,river,Unnamed Waterway,0,0
1419232029,stream,Unnamed Waterway,0,0
1419232031,stream,Unnamed Waterway,0,0
1419343636,stream,Unnamed Waterway,0,0
1419343637,stream,Unnamed Waterway,0,0
1419343638,stream,Unnamed Waterway,0,0
1419356537,stream,Unnamed Waterway,0,0
1419394997,stream,Unnamed Waterway,0,0
1419394998,stream,Unnamed Waterway,0,0
1419394999,stream,Unnamed Waterway,0,0
1419395000,stream,Unnamed Waterway,0,0
1419395001,stream,Unnamed Waterway,0,0
1419395002,stream,Unnamed Waterway,0,0
1419429569,stream,Unnamed Waterway,0,0
1419429572,stream,Unnamed Waterway,0,0
1419430236,river,Unnamed Waterway,0,0
1419430261,stream,Unnamed Waterway,0,0
1419430262,stream,Unnamed Waterway,0,0
1419430263,stream,Unnamed Waterway,0,0
1419430264,stream,Unnamed Waterway,0,0
1419430265,stream,Unnamed Waterway,0,0
1419430305,stream,Nala Lai,0,0
1419430306,stream,Nala Lai,0,0
1419895188,canal,Aliabad Distributary,0,0
1419895190,canal,Aliabad Distributary,0,0
1419922591,river,Unnamed Waterway,0,0
1419931079,river,Astore River,0,0
1419931080,river,Astore River,0,0
1419931081,river,Astore River,0,0
1419931082,river,Holhulgah,0,0
1420030996,river,پری شنگ,0,0
1420051899,river,Shigar,0,0
1420058141,river,Unnamed Waterway,0,0
1420062037,river,Chilim Nala,0,0
1420214772,stream,rain water drain,0,0
1420214773,stream,rain water drain,0,0
1420371900,river,Unnamed Waterway,0,0
1421014718,river,Ghulkin River,0,0
1421014719,river,Ghulkin River,0,0
1421014720,river,Ghulkin River,0,0
1421017413,stream,Unnamed Waterway,0,0
1421017414,stream,Unnamed Waterway,0,0
1421029630,river,Unnamed Waterway,0,0
1421029631,river,Shigarthang Lungma,0,0
1421029632,river,Shigarthang Lungma,0,0
1421090681,river,Unnamed Waterway,0,0
1421090682,river,Sar Sangri,0,0
1421091738,stream,Unnamed Waterway,0,0
1421091739,stream,Unnamed Waterway,0,0
1421091740,stream,Unnamed Waterway,0,0
1421093838,river,Unnamed Waterway,0,0
1421093839,stream,Unnamed Waterway,0,0
1421202016,canal,Unnamed Waterway,0,0
1421212885,canal,Unnamed Waterway,0,0
1421235903,canal,Unnamed Waterway,0,0
1421239243,canal,Unnamed Waterway,0,0
1421397923,stream,Sharote Nala,0,0
1421397924,stream,Sharote Nala,0,0
1421397925,stream,Sharote Nala,0,0
1421654960,river,Unnamed Waterway,0,0
1421654961,stream,Deh Gol,0,0
1421657805,river,Unnamed Waterway,0,0
1421711537,canal,Unnamed Waterway,0,0
1421711538,canal,Sialwala Minor,0,0
1421774311,canal,Unnamed Waterway,0,0
1421774312,canal,Unnamed Waterway,0,0
1421774313,canal,Unnamed Waterway,0,0
1421776269,canal,Unnamed Waterway,0,0
1421826746,canal,Unnamed Waterway,0,0
1421826747,canal,Unnamed Waterway,0,0
1421826748,canal,Unnamed Waterway,0,0
1421826750,canal,Unnamed Waterway,0,0
1422319226,canal,Unnamed Waterway,0,0
1422319227,canal,Unnamed Waterway,0,0
1422319229,canal,Unnamed Waterway,0,0
1422319230,canal,Unnamed Waterway,0,0
1422319231,canal,Unnamed Waterway,0,0
1422319232,canal,Unnamed Waterway,0,0
1422334168,canal,Unnamed Waterway,0,0
1422334169,canal,Unnamed Waterway,0,0
1422334170,canal,Unnamed Waterway,0,0
1422334171,canal,Unnamed Waterway,0,0
1422337336,canal,Sheikhupura Distributary,0,0
1422337337,canal,Sheikhupura Distributary,0,0
1422399767,canal,Unnamed Waterway,0,0
1422399768,canal,Unnamed Waterway,0,0
1422416866,canal,Unnamed Waterway,0,0
1422416867,canal,Unnamed Waterway,0,0
1422416868,canal,Unnamed Waterway,0,0
1422416869,canal,Unnamed Waterway,0,0
1422560854,river,سوج کاس,0,0
1422560855,river,سوج کاس,0,0
1422662397,canal,Unnamed Waterway,0,0
1422662412,canal,Unnamed Waterway,0,0
1422856359,river,سوج کاس,0,0
1422856360,river,سوج کاس,0,0
1422900888,river,سوج کاس,0,0
1422900889,river,سوج کاس,0,0
1423088937,stream,Unnamed Waterway,0,0
1423115843,river,سوج کاس,0,0
1423115844,river,سوج کاس,0,0
1423376469,canal,قنات,0,0
1423427405,river,نالہ بنہاں,0,0
1423427406,river,نالہ بنہاں,0,0
1423511383,canal,Unnamed Waterway,0,0
1423511399,canal,Unnamed Waterway,0,0
1423980615,stream,Unnamed Waterway,0,0
1423980616,stream,Unnamed Waterway,0,0
1423980617,stream,Unnamed Waterway,0,0
1424741510,river,Unnamed Waterway,0,0
1424753140,river,Unnamed Waterway,0,0
1424797803,canal,Unnamed Waterway,0,0
1424797807,canal,Unnamed Waterway,0,0
1424880357,stream,Unnamed Waterway,0,0
1424893824,canal,Unnamed Waterway,0,0
1424893825,canal,Unnamed Waterway,0,0
1425004033,river,Unnamed Waterway,0,0
1425004034,river,Unnamed Waterway,0,0
1425005021,canal,Unnamed Waterway,0,0
1425005022,river,Unnamed Waterway,0,0
1425010734,river,Unnamed Waterway,0,0
1425010735,river,Unnamed Waterway,0,0
1425021752,stream,Unnamed Waterway,0,0
1425021753,stream,Unnamed Waterway,0,0
1425057086,canal,Unnamed Waterway,0,0
1425057089,canal,Unnamed Waterway,0,0
1425057090,canal,Unnamed Waterway,0,0
1425057092,canal,Unnamed Waterway,0,0
1425083424,canal,Unnamed Waterway,0,0
1425083425,canal,Unnamed Waterway,0,0
1425101010,canal,Unnamed Waterway,0,0
1425101011,canal,Unnamed Waterway,0,0
1425101047,canal,Unnamed Waterway,0,0
1425101048,canal,Unnamed Waterway,0,0
1425101063,canal,Unnamed Waterway,0,0
1425101064,canal,Unnamed Waterway,0,0
1425294780,canal,Unnamed Waterway,0,0
1425294784,canal,Unnamed Waterway,0,0
1425294786,canal,Unnamed Waterway,0,0
1425294788,canal,Unnamed Waterway,0,0
1425429953,stream,Unnamed Waterway,0,0
1425847047,stream,Unnamed Waterway,0,0
1425847048,stream,Unnamed Waterway,0,0
1425847050,stream,Unnamed Waterway,0,0
1425847051,stream,Unnamed Waterway,0,0
1425847079,stream,Unnamed Waterway,0,0
1425847080,stream,Unnamed Waterway,0,0
1425847081,stream,Unnamed Waterway,0,0
1425847082,stream,Unnamed Waterway,0,0
1425847083,stream,Unnamed Waterway,0,0
1425847084,stream,Unnamed Waterway,0,0
1426100194,stream,Basantar Nala,0,0
1426417860,river,Beas River,0,0
1426417861,canal,Shorkot Distributary,0,0
1426417862,canal,Shorkot Distributary,0,0
1426583860,canal,Sher Ginah Minor,0,0
1426583862,canal,Sher Ginah Minor,0,0
1426618021,stream,Unnamed Waterway,0,0
1426811800,canal,Unnamed Waterway,0,0
1426811801,canal,Unnamed Waterway,0,0
1426864619,stream,Unnamed Waterway,0,0
1426864620,stream,Unnamed Waterway,0,0
1426864621,stream,Unnamed Waterway,0,0
1426865769,canal,Unnamed Waterway,0,0
1427269032,canal,Unnamed Waterway,0,0
1427269033,canal,Unnamed Waterway,0,0
1427269034,canal,Unnamed Waterway,0,0
1427269048,canal,Unnamed Waterway,0,0
1427269051,stream,Unnamed Waterway,0,0
1427269052,stream,Unnamed Waterway,0,0
1427272980,stream,Unnamed Waterway,0,0
1427272981,stream,Unnamed Waterway,0,0
1427272982,stream,Unnamed Waterway,0,0
1427536344,canal,Unnamed Waterway,0,0
1427536345,canal,Unnamed Waterway,0,0
1427940556,river,Unnamed Waterway,0,0
1428330320,canal,Alya Minor,0,0
1428330321,canal,Alya Minor,0,0
1428783973,canal,Unnamed Waterway,0,0
1428783974,canal,Unnamed Waterway,0,0
1428997200,canal,Unnamed Waterway,0,0
1428997210,canal,Unnamed Waterway,0,0
1429214907,stream,Unnamed Waterway,0,0
1429214910,stream,Unnamed Waterway,0,0
1429214911,stream,Unnamed Waterway,0,0
1429214912,stream,Unnamed Waterway,0,0
1429214913,stream,Unnamed Waterway,0,0
1429366955,stream,Unnamed Waterway,0,0
1429366956,stream,Unnamed Waterway,0,0
1429447135,canal,گوگيره برانچ ﻧﻬﺮ,0,0
1429447136,canal,گوگيره برانچ ﻧﻬﺮ,0,0
1429877765,stream,Unnamed Waterway,0,0
1429877766,stream,Unnamed Waterway,0,0
1429877774,stream,Unnamed Waterway,0,0
1429877775,stream,Unnamed Waterway,0,0
1430067508,canal,Unnamed Waterway,0,0
1430170383,river,Unnamed Waterway,0,0
1430170384,river,Unnamed Waterway,0,0
1430229479,stream,Unnamed Waterway,0,0
1430229484,stream,Unnamed Waterway,0,0
1430229485,stream,Unnamed Waterway,0,0
1430229486,stream,Unnamed Waterway,0,0
1430583858,river,North Oprang River 北其牙里克河,0,0
1430583859,river,North Oprang River 北其牙里克河,0,0
1430583862,river,North Oprang River 北其牙里克河,0,0
1431075862,canal,Unnamed Waterway,0,0
1431075863,canal,Unnamed Waterway,0,0
1431079043,stream,Unnamed Waterway,0,0
1432167344,canal,Unnamed Waterway,0,0
1432198256,stream,Unnamed Waterway,0,0
1432198257,stream,Unnamed Waterway,0,0
1432198258,stream,Unnamed Waterway,0,0
1432198259,stream,Unnamed Waterway,0,0
1432198260,stream,Unnamed Waterway,0,0
1432198261,stream,Unnamed Waterway,0,0
1432198262,stream,Unnamed Waterway,0,0
1432374949,stream,Unnamed Waterway,0,0
1432374950,stream,Unnamed Waterway,0,0
1432374960,stream,Unnamed Waterway,0,0
1432374961,stream,Unnamed Waterway,0,0
1432423004,stream,Unnamed Waterway,0,0
1432432995,stream,Unnamed Waterway,0,0
1432432996,stream,Unnamed Waterway,0,0
1432435582,stream,Unnamed Waterway,0,0
1432644831,stream,Unnamed Waterway,0,0
1432644832,stream,Unnamed Waterway,0,0
1433303348,stream,Unnamed Waterway,0,0
1433303626,stream,Unnamed Waterway,0,0
1433304497,stream,Unnamed Waterway,0,0
1433304500,stream,Unnamed Waterway,0,0
1433674476,river,Unnamed Waterway,0,0
1433674477,river,Unnamed Waterway,0,0
1433674480,river,Unnamed Waterway,0,0
1433935879,stream,Shirin Yailaq,0,0
1433935880,stream,Unnamed Waterway,0,0
1433996885,stream,Bhand Water,0,0
1434413134,stream,Sim Canal Gandakha,0,0
1434579109,stream,Unnamed Waterway,0,0
1434579110,stream,Unnamed Waterway,0,0
1434579111,stream,Unnamed Waterway,0,0
1434579112,stream,Unnamed Waterway,0,0
1434655932,canal,Unnamed Waterway,0,0
1434698397,stream,Unnamed Waterway,0,0
1434698398,stream,Unnamed Waterway,0,0
1434698399,stream,Unnamed Waterway,0,0
1434698400,stream,Unnamed Waterway,0,0
1434698401,stream,Unnamed Waterway,0,0
1434698402,stream,Unnamed Waterway,0,0
1434698403,stream,Unnamed Waterway,0,0
1434698404,stream,Unnamed Waterway,0,0
1434698405,stream,Unnamed Waterway,0,0
1435452703,stream,Unnamed Waterway,0,0
1435617774,canal,Unnamed Waterway,0,0
1435617775,canal,Unnamed Waterway,0,0
1435889322,river,Unnamed Waterway,0,0
1435889329,river,Unnamed Waterway,0,0
1436084364,stream,Unnamed Waterway,0,0
1436545193,canal,Unnamed Waterway,0,0
1436545194,canal,Unnamed Waterway,0,0
1436545195,canal,Unnamed Waterway,0,0
1436545196,canal,Unnamed Waterway,0,0
1436545197,canal,Unnamed Waterway,0,0
1436545198,canal,Unnamed Waterway,0,0
1436545199,canal,Unnamed Waterway,0,0
1436545200,canal,Unnamed Waterway,0,0
1436545201,canal,Unnamed Waterway,0,0
1436545202,canal,Unnamed Waterway,0,0
1436545203,canal,Unnamed Waterway,0,0
1436545204,canal,Unnamed Waterway,0,0
1436545205,canal,Unnamed Waterway,0,0
1436545206,canal,Unnamed Waterway,0,0
1436545207,canal,Unnamed Waterway,0,0
1436545208,canal,Unnamed Waterway,0,0
1436545209,canal,Unnamed Waterway,0,0
1436545210,canal,Unnamed Waterway,0,0
1436545212,canal,Unnamed Waterway,0,0
1436545213,canal,Unnamed Waterway,0,0
1436545214,canal,Unnamed Waterway,0,0
1436545215,canal,Unnamed Waterway,0,0
1436545218,canal,Unnamed Waterway,0,0
1436545219,canal,Unnamed Waterway,0,0
1436545221,canal,Unnamed Waterway,0,0
1436545222,canal,Unnamed Waterway,0,0
1436545224,canal,Unnamed Waterway,0,0
1436545225,canal,Unnamed Waterway,0,0
1436577523,canal,Unnamed Waterway,0,0
1436577524,canal,Unnamed Waterway,0,0
1436577525,canal,Unnamed Waterway,0,0
1436577526,canal,Unnamed Waterway,0,0
1436577527,canal,Unnamed Waterway,0,0
1436577528,canal,Unnamed Waterway,0,0
1436577529,canal,Unnamed Waterway,0,0
1436577530,canal,Unnamed Waterway,0,0
1436680979,stream,Unnamed Waterway,0,0
1436680980,stream,Unnamed Waterway,0,0
1436744327,canal,Chashma Right Bank Canal,0,0
1436744328,canal,Chashma Right Bank Canal,0,0
1436751239,canal,Unnamed Waterway,0,0
1436751240,canal,Unnamed Waterway,0,0
1436785416,canal,Unnamed Waterway,0,0
1436785417,canal,Unnamed Waterway,0,0
1436785418,canal,Unnamed Waterway,0,0
1436785419,canal,Unnamed Waterway,0,0
1436785420,canal,Unnamed Waterway,0,0
1436785421,canal,Unnamed Waterway,0,0
1436785422,canal,Unnamed Waterway,0,0
1436785423,canal,Unnamed Waterway,0,0
1436785424,canal,Unnamed Waterway,0,0
1436785425,canal,Unnamed Waterway,0,0
1436785426,canal,Unnamed Waterway,0,0
1436785427,canal,Unnamed Waterway,0,0
1436785428,canal,Unnamed Waterway,0,0
1436785429,canal,Unnamed Waterway,0,0
1436785430,canal,Unnamed Waterway,0,0
1437014966,canal,Muridke Distributary,0,0
1437014967,canal,Muridke Distributary,0,0
1437124728,canal,Amaani Canal,0,0
1442003552,stream,Unnamed Waterway,0,0
1442003553,stream,Unnamed Waterway,0,0
1442136335,canal,Unnamed Waterway,0,0
1442486188,canal,Unnamed Waterway,0,0
1442486189,canal,Unnamed Waterway,0,0
1442486192,canal,Unnamed Waterway,0,0
1442486193,canal,Unnamed Waterway,0,0
1443106207,stream,Unnamed Waterway,0,0
1443517168,stream,Unnamed Waterway,0,0
1443517169,stream,Unnamed Waterway,0,0
1443792263,stream,Nullah,0,0
1443792264,stream,Nullah,0,0
1443981510,canal,Unnamed Waterway,0,0
1443981514,canal,Unnamed Waterway,0,0
1443981515,canal,Unnamed Waterway,0,0
1443981516,canal,Unnamed Waterway,0,0
1443981517,canal,Unnamed Waterway,0,0
1444045131,stream,Unnamed Waterway,0,0
1444045132,stream,Unnamed Waterway,0,0
1444045133,river,دریائے شیوک,0,0
1444050186,canal,Unnamed Waterway,0,0
1444050187,canal,Unnamed Waterway,0,0
1444076269,canal,Unnamed Waterway,0,0
1444076270,canal,Unnamed Waterway,0,0
1444076271,canal,Unnamed Waterway,0,0
1444261690,canal,Unnamed Waterway,0,0
1444261691,canal,Unnamed Waterway,0,0
1444261695,canal,Unnamed Waterway,0,0
1444261696,canal,Unnamed Waterway,0,0
1444261878,canal,Unnamed Waterway,0,0
1444261879,canal,Unnamed Waterway,0,0
1444279267,canal,تھل نہر برانچ,0,0
1444375510,canal,Unnamed Waterway,0,0
1444375511,canal,Unnamed Waterway,0,0
1444526580,canal,Unnamed Waterway,0,0
1444528764,canal,Chak No 40 DB Distributary,0,0
1444777644,stream,Unnamed Waterway,0,0
1445915782,canal,Unnamed Waterway,0,0
1445977783,canal,Shahdara Distributary Canal,0,0
1445977784,canal,Shahdara Distributary Canal,0,0
1446054624,canal,Chashma Rt Bank Canal,0,0
1446054625,canal,Chashma Rt Bank Canal,0,0
1446105779,canal,Chashma Rt Bank Canal,0,0
1446105780,canal,Chashma Rt Bank Canal,0,0
1446146791,canal,Chashma Rt Bank Canal,0,0
1446146792,canal,Chashma Rt Bank Canal,0,0
1446348884,canal,Muridke Distributary,0,0
1446348885,canal,Muridke Distributary,0,0
1446779385,canal,Unnamed Waterway,0,0
1446779388,canal,Unnamed Waterway,0,0
1446958519,stream,Nala Lai,0,0
1447078697,stream,Unnamed Waterway,0,0
1447078698,stream,Unnamed Waterway,0,0
1447243883,canal,Unnamed Waterway,0,0
1447243884,canal,Unnamed Waterway,0,0
1447243885,canal,Unnamed Waterway,0,0
1447243886,canal,Unnamed Waterway,0,0
1447243887,canal,Unnamed Waterway,0,0
1447243888,canal,Unnamed Waterway,0,0
1447243889,canal,Unnamed Waterway,0,0
1447243890,canal,Unnamed Waterway,0,0
1447243893,canal,Unnamed Waterway,0,0
1447243894,canal,Unnamed Waterway,0,0
1447243896,canal,Unnamed Waterway,0,0
1447243897,canal,Unnamed Waterway,0,0
1447243898,canal,Unnamed Waterway,0,0
1447243899,canal,Unnamed Waterway,0,0
1447243901,canal,Unnamed Waterway,0,0
1447243902,canal,Unnamed Waterway,0,0
1447766679,river,Jindi River,0,0
1447766680,river,Jindi River,0,0
1448501851,canal,Unnamed Waterway,0,0
1448501852,canal,Unnamed Waterway,0,0
1448501854,canal,Unnamed Waterway,0,0
1448501857,canal,Unnamed Waterway,0,0
1448501858,canal,Unnamed Waterway,0,0
1448501859,canal,Unnamed Waterway,0,0
1448501890,canal,Unnamed Waterway,0,0
1448526021,river,Unnamed Waterway,0,0
1449937403,river,Unnamed Waterway,0,0
1449937404,river,Unnamed Waterway,0,0
1449937405,river,Unnamed Waterway,0,0
1450010998,canal,Unnamed Waterway,0,0
1450010999,canal,Unnamed Waterway,0,0
1450011000,canal,Unnamed Waterway,0,0
1450011001,canal,Unnamed Waterway,0,0
1450011002,canal,Unnamed Waterway,0,0
1450011003,canal,Unnamed Waterway,0,0
1450011004,canal,Rukan Minor,0,0
1450011005,canal,Rukan Minor,0,0
1450086938,canal,Unnamed Waterway,0,0
1450086939,canal,Unnamed Waterway,0,0
1450195398,canal,Unnamed Waterway,0,0
1450195399,canal,Unnamed Waterway,0,0
1450195400,canal,Unnamed Waterway,0,0
1450195401,canal,Unnamed Waterway,0,0
1450321583,stream,Kassi,0,0
1450321584,stream,Kassi,0,0
1450354319,canal,Hazarkhwani Canal,0,0
1450354320,canal,Hazarkhwani Canal,0,0
1451046300,canal,Unnamed Waterway,0,0
1451046304,canal,Unnamed Waterway,0,0
1451406899,canal,Unnamed Waterway,0,0
1451406900,canal,Unnamed Waterway,0,0
1451528106,stream,Unnamed Waterway,0,0
1451528107,stream,Unnamed Waterway,0,0
1451587754,canal,Unnamed Waterway,0,0
1451614167,canal,Unnamed Waterway,0,0
1451614168,canal,Unnamed Waterway,0,0
1451941424,canal,Unnamed Waterway,0,0
1451941425,canal,Unnamed Waterway,0,0
1452405677,stream,Unnamed Waterway,0,0
1452405678,stream,Unnamed Waterway,0,0
1452439566,canal,Baddumalhi Distributary,0,0
1452439567,canal,Baddumalhi Distributary,0,0
1452439568,canal,Baddumalhi Distributary,0,0
1452439569,canal,Baddumalhi Distributary,0,0
1452439570,canal,Baddumalhi Distributary,0,0
1452439571,canal,Baddumalhi Distributary,0,0
1452439572,canal,Baddumalhi Distributary,0,0
1452439575,canal,Baddumalhi Distributary,0,0
1452439576,canal,Baddumalhi Distributary,0,0
1452439577,canal,Baddumalhi Distributary,0,0
1452439578,canal,Baddumalhi Distributary,0,0
1452439585,canal,Jajjo Gil Minor,0,0
1452439586,canal,Jajjo Gil Minor,0,0
1452439589,canal,Unnamed Waterway,0,0
1452439590,canal,Unnamed Waterway,0,0
1452439595,canal,Unnamed Waterway,0,0
1452439596,canal,Unnamed Waterway,0,0
1452462912,stream,Unnamed Waterway,0,0
1452462914,stream,Unnamed Waterway,0,0
1452462915,stream,Unnamed Waterway,0,0
1452462916,stream,Unnamed Waterway,0,0
1452462917,stream,Unnamed Waterway,0,0
1452462918,stream,Unnamed Waterway,0,0
1452462919,stream,Unnamed Waterway,0,0
1452462920,stream,Unnamed Waterway,0,0
1452462921,stream,Unnamed Waterway,0,0
1452462922,stream,Unnamed Waterway,0,0
1452462923,stream,Unnamed Waterway,0,0
1452462924,stream,Unnamed Waterway,0,0
1452462925,stream,Unnamed Waterway,0,0
1452462926,stream,Unnamed Waterway,0,0
1452462927,stream,Unnamed Waterway,0,0
1452462928,stream,Unnamed Waterway,0,0
1452462929,stream,Unnamed Waterway,0,0
1452462930,stream,Unnamed Waterway,0,0
1452462931,stream,Unnamed Waterway,0,0
1452462932,stream,Unnamed Waterway,0,0
1452462933,stream,Unnamed Waterway,0,0
1452462934,stream,Unnamed Waterway,0,0
1452462935,stream,Unnamed Waterway,0,0
1452462936,stream,Unnamed Waterway,0,0
1452462937,stream,Unnamed Waterway,0,0
1452462938,stream,Unnamed Waterway,0,0
1452462939,stream,Unnamed Waterway,0,0
1452462940,stream,Unnamed Waterway,0,0
1452462941,stream,Unnamed Waterway,0,0
1452524413,canal,Unnamed Waterway,0,0
1452524416,canal,Unnamed Waterway,0,0
1452524423,canal,Unnamed Waterway,0,0
1452524424,canal,Unnamed Waterway,0,0
1452524433,canal,Unnamed Waterway,0,0
1452524438,canal,Unnamed Waterway,0,0
1452524451,canal,Unnamed Waterway,0,0
1452524454,canal,Unnamed Waterway,0,0
1452524455,canal,Unnamed Waterway,0,0
1452524464,canal,Unnamed Waterway,0,0
1452524470,canal,Unnamed Waterway,0,0
1452524473,canal,Unnamed Waterway,0,0
1452524485,canal,Unnamed Waterway,0,0
1452538550,canal,Unnamed Waterway,0,0
1452945359,stream,Unnamed Waterway,0,0
1453278811,canal,Unnamed Waterway,0,0
1453506193,canal,Fazil Wah,0,0
1453506194,canal,Fazil Wah,0,0
1453506203,canal,Unnamed Waterway,0,0
1453506212,canal,Unnamed Waterway,0,0
1453506216,canal,Unnamed Waterway,0,0
1453506218,canal,Unnamed Waterway,0,0
1453506223,canal,Unnamed Waterway,0,0
1453506224,canal,Unnamed Waterway,0,0
1453506229,canal,Unnamed Waterway,0,0
1453506232,canal,Unnamed Waterway,0,0
1453506234,canal,Unnamed Waterway,0,0
1453506239,canal,Unnamed Waterway,0,0
1453506240,canal,Unnamed Waterway,0,0
1453506248,canal,Unnamed Waterway,0,0
1453506249,canal,Unnamed Waterway,0,0
1453506250,canal,Unnamed Waterway,0,0
1453879125,stream,Unnamed Waterway,0,0
1453917061,stream,Unnamed Waterway,0,0
1453917062,stream,Unnamed Waterway,0,0
1453917063,stream,Unnamed Waterway,0,0
1453917064,stream,Unnamed Waterway,0,0
1453917067,stream,Unnamed Waterway,0,0
1453917068,stream,Unnamed Waterway,0,0
1453917069,stream,Unnamed Waterway,0,0
1453917070,stream,Unnamed Waterway,0,0
1453917071,stream,Unnamed Waterway,0,0
1453917072,stream,Unnamed Waterway,0,0
1453917073,stream,Unnamed Waterway,0,0
1453917074,stream,Unnamed Waterway,0,0
1453917078,stream,Unnamed Waterway,0,0
1453917079,stream,Unnamed Waterway,0,0
1453917081,stream,Unnamed Waterway,0,0
1453917082,stream,Unnamed Waterway,0,0
1453917083,stream,Unnamed Waterway,0,0
1453917084,stream,Unnamed Waterway,0,0
1454504841,stream,Unnamed Waterway,0,0
1454504842,stream,Unnamed Waterway,0,0
1454504843,stream,Unnamed Waterway,0,0
1454504844,stream,Unnamed Waterway,0,0
1454504845,stream,Unnamed Waterway,0,0
1454504846,stream,Unnamed Waterway,0,0
1454504847,stream,Unnamed Waterway,0,0
1454504848,stream,Unnamed Waterway,0,0
1454504849,stream,Unnamed Waterway,0,0
1454504850,stream,Unnamed Waterway,0,0
1454504851,stream,Unnamed Waterway,0,0
1454505896,stream,Unnamed Waterway,0,0
1454505897,stream,Unnamed Waterway,0,0
1454505898,stream,Unnamed Waterway,0,0
1454505899,stream,Unnamed Waterway,0,0
1454505900,stream,Unnamed Waterway,0,0
1454505901,stream,Unnamed Waterway,0,0
1454505902,stream,Unnamed Waterway,0,0
1454505903,stream,Unnamed Waterway,0,0
1454505904,stream,Unnamed Waterway,0,0
1454505905,stream,Unnamed Waterway,0,0
1454505907,stream,Unnamed Waterway,0,0
1454505908,stream,Unnamed Waterway,0,0
1454505909,stream,Unnamed Waterway,0,0
1454505910,stream,Unnamed Waterway,0,0
1454831736,canal,Unnamed Waterway,0,0
1454852863,canal,Unnamed Waterway,0,0
1454852865,canal,Unnamed Waterway,0,0
1454852868,canal,Unnamed Waterway,0,0
1455038639,canal,Amirabad Distributary,0,0
1455038640,canal,Amirabad Distributary,0,0
1455038641,canal,Amirabad Distributary,0,0
1455038642,canal,Amirabad Distributary,0,0
1455460404,river,Unnamed Waterway,0,0
1455513616,river,دریائے جہلم,0,0
1455513617,river,دریائے جہلم,0,0
1456272676,canal,Saim Canal,0,0
1456272709,canal,Unnamed Waterway,0,0
1456272710,canal,Unnamed Waterway,0,0
1456272711,canal,Unnamed Waterway,0,0
1456272712,canal,Unnamed Waterway,0,0
1456580037,canal,Unnamed Waterway,0,0
1456580038,canal,Unnamed Waterway,0,0
1456580039,canal,Unnamed Waterway,0,0
1456580045,canal,Unnamed Waterway,0,0
1456580046,canal,Unnamed Waterway,0,0
1456580047,canal,Unnamed Waterway,0,0
1456580048,canal,Unnamed Waterway,0,0
1456730433,canal,Bakhra Ghulam Branch,0,0
1456730434,canal,Bakhra Ghulam Branch,0,0
1456730435,canal,Dehpal Branch,0,0
1456730436,canal,Dehpal Branch,0,0
1456730437,canal,Dehpal Branch,0,0
1456730438,canal,Dehpal Branch,0,0
1456877225,river,Unnamed Waterway,0,0
1456877226,river,Unnamed Waterway,0,0
1456877227,stream,Unnamed Waterway,0,0
1456877228,stream,Unnamed Waterway,0,0
1456877229,river,Unnamed Waterway,0,0
1456877230,river,Unnamed Waterway,0,0
1456877231,stream,Unnamed Waterway,0,0
1456877232,stream,Unnamed Waterway,0,0
1456877233,stream,Unnamed Waterway,0,0
1456877234,stream,Unnamed Waterway,0,0
1456877235,stream,Unnamed Waterway,0,0
1456877236,stream,Unnamed Waterway,0,0
1457093016,stream,Chel River,0,0
1457526457,canal,Unnamed Waterway,0,0
1457526458,canal,Unnamed Waterway,0,0
1457595620,stream,Unnamed Waterway,0,0
1457595621,stream,Unnamed Waterway,0,0
1457595622,stream,Unnamed Waterway,0,0
1457595623,stream,Unnamed Waterway,0,0
1457595624,stream,Unnamed Waterway,0,0
1457595625,stream,Unnamed Waterway,0,0
1457860388,canal,Unnamed Waterway,0,0
1457860389,canal,Unnamed Waterway,0,0
1457969010,stream,Jora Nadi,0,0
1459133464,stream,Unnamed Waterway,0,0
1459133469,stream,Unnamed Waterway,0,0
1459133474,canal,Unnamed Waterway,0,0
1459210374,canal,Unnamed Waterway,0,0
1459219979,canal,Unnamed Waterway,0,0
1459219987,canal,Unnamed Waterway,0,0
1459379486,canal,Unnamed Waterway,0,0
1459387916,river,Unnamed Waterway,0,0
1459387917,river,Unnamed Waterway,0,0
1461767048,canal,Unnamed Waterway,0,0
1461767049,canal,Unnamed Waterway,0,0
1461963624,canal,Unnamed Waterway,0,0
1461963625,canal,Unnamed Waterway,0,0
1461963638,canal,Unnamed Waterway,0,0
1461963639,canal,Unnamed Waterway,0,0
1461963641,canal,Unnamed Waterway,0,0
1461984011,canal,Unnamed Waterway,0,0
1461984018,canal,Unnamed Waterway,0,0
1462742172,stream,Unnamed Waterway,0,0
1463268548,stream,Unnamed Waterway,0,0
1463384714,stream,Unnamed Waterway,0,0
1463384717,river,Unnamed Waterway,0,0
1463384947,river,Unnamed Waterway,0,0
1463385645,stream,Unnamed Waterway,0,0
1463397487,river,Unnamed Waterway,0,0
1463543961,stream,Unnamed Waterway,0,0
1463660961,stream,Unnamed Waterway,0,0
1463660964,stream,Unnamed Waterway,0,0
1463660968,stream,Unnamed Waterway,0,0
1463660976,stream,Unnamed Waterway,0,0
1463660977,river,Unnamed Waterway,0,0
1463660978,river,Unnamed Waterway,0,0
1463660979,stream,Unnamed Waterway,0,0
1463660980,stream,Unnamed Waterway,0,0
1463660981,stream,Unnamed Waterway,0,0
1463660983,stream,Unnamed Waterway,0,0
1463660984,stream,Unnamed Waterway,0,0
1463660985,stream,Unnamed Waterway,0,0
1463660987,stream,Unnamed Waterway,0,0
1463660988,stream,Unnamed Waterway,0,0
1463660989,stream,Unnamed Waterway,0,0
1463660990,river,Unnamed Waterway,0,0
1463661003,stream,Unnamed Waterway,0,0
1463661004,stream,Unnamed Waterway,0,0
1463661005,river,Unnamed Waterway,0,0
1463661006,stream,Unnamed Waterway,0,0
1464082941,river,Unnamed Waterway,0,0
1464390234,stream,Unnamed Waterway,0,0
1464390235,stream,Unnamed Waterway,0,0
1464961564,river,Unnamed Waterway,0,0
1464961567,stream,Unnamed Waterway,0,0
1464961568,stream,Unnamed Waterway,0,0
1464963846,river,Unnamed Waterway,0,0
1464968791,river,Unnamed Waterway,0,0
1465225018,stream,Unnamed Waterway,0,0
1466877955,stream,Unnamed Waterway,0,0
1466877956,stream,Unnamed Waterway,0,0
1466877959,stream,Unnamed Waterway,0,0
1466891915,river,Unnamed Waterway,0,0
1466964134,river,Unnamed Waterway,0,0
1466968294,river,Chor China Toi,0,0
1466968295,river,Malana Tangai,0,0
1466968296,river,Unnamed Waterway,0,0
1466971323,river,Peiwar Toi,0,0
1466974874,stream,Serak Khwar,0,0
1466976608,stream,Pir Rhayum Khwar,0,0
1466976609,stream,Yaqubi Toi,0,0
1467168130,stream,Unnamed Waterway,0,0
1467168152,stream,Unnamed Waterway,0,0
1467171281,stream,Unnamed Waterway,0,0
1467171282,stream,Unnamed Waterway,0,0
1467173250,river,دریائے سوات,0,0
1467173251,river,دریائے سوات,0,0
1467185377,stream,Unnamed Waterway,0,0
1467185378,river,Unnamed Waterway,0,0
1467192535,river,Unnamed Waterway,0,0
1467192536,stream,Unnamed Waterway,0,0
1467192537,river,Unnamed Waterway,0,0
1467192538,river,Unnamed Waterway,0,0
1467192539,river,Unnamed Waterway,0,0
1467192542,stream,Unnamed Waterway,0,0
1467194237,river,Unnamed Waterway,0,0
1467195721,river,Unnamed Waterway,0,0
1467471762,stream,Unnamed Waterway,0,0
1467739898,river,Unnamed Waterway,0,0
1467744235,river,Unnamed Waterway,0,0
1467744236,river,Unnamed Waterway,0,0
1467744237,river,Unnamed Waterway,0,0
1467744245,river,Unnamed Waterway,0,0
1467745047,river,Unnamed Waterway,0,0
1467935555,river,Watangai Darra,0,0
1467935556,stream,Watangai Darra,0,0
1467935557,stream,Unnamed Waterway,0,0
1467939697,river,Karo Darra River,0,0
1468114822,river,Unnamed Waterway,0,0
1468114823,river,Unnamed Waterway,0,0
1468148152,canal,Manhala Distributary,0,0
1468151584,canal,Manhala Distributary,0,0
1468152306,canal,Manhala Distributary 2nd Branch,0,0
1469207098,canal,Unnamed Waterway,0,0
1469207099,canal,Unnamed Waterway,0,0
1469216460,canal,Unnamed Waterway,0,0
1469216461,canal,Unnamed Waterway,0,0
1469216462,canal,Unnamed Waterway,0,0
1469216463,canal,Unnamed Waterway,0,0
1469223683,canal,Unnamed Waterway,0,0
1469951421,river,Charmang River,0,0
1470143516,river,Unnamed Waterway,0,0
1470143517,river,Unnamed Waterway,0,0
1470143518,river,Unnamed Waterway,0,0
1470147816,river,Unnamed Waterway,0,0
1470180781,stream,Unnamed Waterway,0,0
1470190922,stream,Unnamed Waterway,0,0
1470190933,river,Unnamed Waterway,0,0
1470197807,river,Kamangara River,0,0
1470197813,river,Unnamed Waterway,0,0
1470197824,river,Pipal Rud RIver,0,0
1470723973,river,Oatorzai Darra RIver,0,0
1471475919,stream,Unnamed Waterway,0,0
1471477200,river,Unnamed Waterway,0,0
1471479117,river,Wuch River,0,0
1471487362,river,Unnamed Waterway,0,0
1471532904,stream,Unnamed Waterway,0,0
1471532905,river,Unnamed Waterway,0,0
1471817039,river,Unnamed Waterway,0,0
1471821187,stream,Unnamed Waterway,0,0
1471821188,stream,Unnamed Waterway,0,0
1471821609,river,Unnamed Waterway,0,0
1472154797,river,Unnamed Waterway,0,0
1472154800,river,Unnamed Waterway,0,0
1472173689,canal,قنات,0,0
1472173690,canal,قنات,0,0
1472173691,canal,قنات,0,0
1472176457,canal,قنات,0,0
1472176458,canal,قنات,0,0
1472176459,canal,قنات,0,0
1472177676,canal,قنات,0,0
1472633252,river,تبئی الگد,0,0
1472633254,river,Unnamed Waterway,0,0
1472633255,stream,Uch Largai Khwar,0,0
1472896478,stream,Unnamed Waterway,0,0
1473249071,river,Unnamed Waterway,0,0
1473251463,river,Unnamed Waterway,0,0
1475422770,stream,Unnamed Waterway,0,0
1475422771,stream,Unnamed Waterway,0,0
1475422772,stream,Unnamed Waterway,0,0
1475422773,stream,Unnamed Waterway,0,0
1475422774,stream,Unnamed Waterway,0,0
1475422775,stream,Unnamed Waterway,0,0
1475422776,stream,Unnamed Waterway,0,0
1475422777,stream,Unnamed Waterway,0,0
1475422778,stream,Unnamed Waterway,0,0
1475423538,stream,Unnamed Waterway,0,0
1475423539,stream,Unnamed Waterway,0,0
1475423541,stream,Unnamed Waterway,0,0
1476953383,canal,Unnamed Waterway,0,0
1476953384,canal,Unnamed Waterway,0,0
1476953385,canal,Unnamed Waterway,0,0
1476953386,canal,Unnamed Waterway,0,0
1476953387,canal,Unnamed Waterway,0,0
1476953388,canal,Unnamed Waterway,0,0
1476953389,canal,Unnamed Waterway,0,0
1476953390,canal,Unnamed Waterway,0,0
1476953391,canal,Unnamed Waterway,0,0
1476953392,canal,Unnamed Waterway,0,0
1477873182,canal,Unnamed Waterway,0,0
1477873183,canal,Unnamed Waterway,0,0
1478646820,stream,گراخ,0,0
1478646821,stream,Unnamed Waterway,0,0
1478646822,stream,Unnamed Waterway,0,0
1478646824,stream,Unnamed Waterway,0,0
1479769093,stream,Unnamed Waterway,0,0
1479769094,stream,Unnamed Waterway,0,0
1479769095,stream,Unnamed Waterway,0,0
1479769096,stream,Unnamed Waterway,0,0
1479769097,stream,Unnamed Waterway,0,0
1479769098,stream,Unnamed Waterway,0,0
1479769099,stream,Unnamed Waterway,0,0
1479769100,stream,Unnamed Waterway,0,0
1479769101,stream,Unnamed Waterway,0,0
1479769102,stream,Unnamed Waterway,0,0
1479769103,stream,Unnamed Waterway,0,0
1479769104,stream,Unnamed Waterway,0,0
1479769106,stream,Unnamed Waterway,0,0
1479840436,stream,Unnamed Waterway,0,0
1479840437,stream,Unnamed Waterway,0,0
1479840438,stream,Unnamed Waterway,0,0
1479840439,stream,Unnamed Waterway,0,0
1479840440,stream,Unnamed Waterway,0,0
1479840442,stream,Unnamed Waterway,0,0
1479840446,stream,Unnamed Waterway,0,0
1479840448,stream,Unnamed Waterway,0,0
1480713109,canal,Unnamed Waterway,0,0
1482772960,canal,Killianwala Distributary,0,0
1482772961,canal,Unnamed Waterway,0,0
1482772962,canal,Unnamed Waterway,0,0
1482772963,canal,Unnamed Waterway,0,0
1483070194,stream,Unnamed Waterway,0,0
1483070195,stream,Unnamed Waterway,0,0
1483292478,canal,Alya Minor,0,0
1483292479,canal,Alya Minor,0,0
1483292480,canal,Alya Minor,0,0
1483292481,canal,Alya Minor,0,0
1483292482,canal,Alya Minor,0,0
1483292483,canal,Alya Minor,0,0
1483591342,river,Unnamed Waterway,0,0
1483591347,river,Unnamed Waterway,0,0
1483669397,river,Unnamed Waterway,0,0
1483669398,river,Unnamed Waterway,0,0
1483669415,river,Unnamed Waterway,0,0
1483962409,river,Unnamed Waterway,0,0
1484175728,river,Unnamed Waterway,0,0
1484213259,stream,Kabutar Algad,0,0
1484920455,stream,Unnamed Waterway,0,0
1484920456,stream,Unnamed Waterway,0,0
1484920457,stream,Unnamed Waterway,0,0
1484920458,stream,Unnamed Waterway,0,0
1484920459,stream,Unnamed Waterway,0,0
1484920460,stream,Unnamed Waterway,0,0
1484920461,stream,Unnamed Waterway,0,0
1484920462,stream,Unnamed Waterway,0,0
1485135633,river,Unnamed Waterway,0,0
1485135634,river,Unnamed Waterway,0,0
1485135635,river,Unnamed Waterway,0,0
1485135637,river,Unnamed Waterway,0,0
1485470651,canal,Unnamed Waterway,0,0
1485470652,canal,Unnamed Waterway,0,0
1485515732,canal,Khal Distributary,0,0
1485515733,canal,Khal Distributary,0,0
1485544838,river,Unnamed Waterway,0,0
1485859400,stream,Unnamed Waterway,0,0
1485859401,river,Unnamed Waterway,0,0
1485859402,river,Unnamed Waterway,0,0
1485861136,river,Unnamed Waterway,0,0
1485861144,stream,Unnamed Waterway,0,0
1485864366,river,Unnamed Waterway,0,0
1485864367,river,Unnamed Waterway,0,0
1485865151,river,Unnamed Waterway,0,0
1485868437,river,drug river,0,0
1485868439,stream,drug river,0,0
1485868440,river,Unnamed Waterway,0,0
1485868441,river,drug river,0,0
1485868442,stream,river drug,0,0
1485871212,river,Unnamed Waterway,0,0
1485871213,river,Unnamed Waterway,0,0
1485871214,river,Unnamed Waterway,0,0
1485871215,river,Unnamed Waterway,0,0
1485871861,river,Unnamed Waterway,0,0
1485871862,river,Unnamed Waterway,0,0
1485871863,river,Unnamed Waterway,0,0
1485872806,river,Unnamed Waterway,0,0
1485873526,river,Unnamed Waterway,0,0
1485873527,river,Unnamed Waterway,0,0
1486196111,river,Unnamed Waterway,0,0
1486207329,river,Unnamed Waterway,0,0
1486207748,river,Unnamed Waterway,0,0
1486208052,river,Unnamed Waterway,0,0
1486691267,canal,Unnamed Waterway,0,0
1486691268,canal,Unnamed Waterway,0,0
1486691269,canal,Unnamed Waterway,0,0
1486691270,canal,Unnamed Waterway,0,0
1486691273,canal,Unnamed Waterway,0,0
1486691274,canal,Unnamed Waterway,0,0
1487273384,stream,Unnamed Waterway,0,0
1487273385,stream,Unnamed Waterway,0,0
1487273386,stream,Unnamed Waterway,0,0
1487438722,canal,Unnamed Waterway,0,0
1488558916,canal,Unnamed Waterway,0,0
1488558917,canal,Unnamed Waterway,0,0
1488558918,canal,Unnamed Waterway,0,0
1488558919,canal,Unnamed Waterway,0,0
1488558920,canal,Unnamed Waterway,0,0
1488558921,canal,Unnamed Waterway,0,0
1488558922,canal,Unnamed Waterway,0,0
1488558923,canal,Unnamed Waterway,0,0
1488558940,canal,Unnamed Waterway,0,0
1488558941,canal,Unnamed Waterway,0,0
1488558942,canal,Unnamed Waterway,0,0
1488558943,canal,Unnamed Waterway,0,0
1488558944,canal,Unnamed Waterway,0,0
1488558945,canal,Unnamed Waterway,0,0
1488558946,canal,Unnamed Waterway,0,0
1488558947,canal,Unnamed Waterway,0,0
1488558948,canal,Unnamed Waterway,0,0
1488558952,canal,Drain,0,0
1488558953,canal,Drain,0,0
1489036449,river,Unnamed Waterway,0,0
1489214083,canal,Unnamed Waterway,0,0
1489214084,canal,Unnamed Waterway,0,0
1489214119,canal,Unnamed Waterway,0,0
1489214120,canal,Unnamed Waterway,0,0
1489214121,canal,Unnamed Waterway,0,0
1489214122,canal,Unnamed Waterway,0,0
1489271218,stream,Unnamed Waterway,0,0
1489271219,stream,Unnamed Waterway,0,0
1489271220,stream,Unnamed Waterway,0,0
1489271221,stream,Unnamed Waterway,0,0
1489271222,stream,Unnamed Waterway,0,0
1489271223,stream,Unnamed Waterway,0,0
1489271224,canal,Unnamed Waterway,0,0
1489271225,canal,Unnamed Waterway,0,0
1489271226,canal,Unnamed Waterway,0,0
1489423636,stream,Zopal Algad,0,0
1489423640,stream,Marsanzal Algad,0,0
1489423641,river,Piazha Algad,0,0
1489571468,stream,Root Nala,0,0
1489571469,stream,Root Nala,0,0
1489571470,stream,Root Nala,0,0
1489621082,river,Mirmawla,0,0
1490411613,river,Ghariamai Algad,0,0
1490411626,river,Arin Pal,0,0
1490465291,river,Maidan Algad,0,0
1490466791,river,Unnamed Waterway,0,0
1490493631,river,Unnamed Waterway,0,0
1491180726,stream,Unnamed Waterway,0,0
1491180727,stream,Unnamed Waterway,0,0
1491180732,stream,Unnamed Waterway,0,0
1491180733,stream,Unnamed Waterway,0,0
1491180738,stream,Unnamed Waterway,0,0
1492201378,river,Paneand Nala,0,0
1492201379,river,Paneand Nala,0,0
1492513929,stream,Unnamed Waterway,0,0
1492513930,stream,Unnamed Waterway,0,0
1492513939,stream,Unnamed Waterway,0,0
1493360435,stream,Unnamed Waterway,0,0
1493360436,river,Unnamed Waterway,0,0
1493362781,stream,Unnamed Waterway,0,0
1493362782,stream,Unnamed Waterway,0,0
1493362783,stream,Unnamed Waterway,0,0
1493362784,stream,Unnamed Waterway,0,0
1493370596,stream,Unnamed Waterway,0,0
1493370597,stream,Unnamed Waterway,0,0
1493370598,stream,Unnamed Waterway,0,0
1493370599,stream,Unnamed Waterway,0,0
1493370751,stream,Unnamed Waterway,0,0
1493542173,stream,Unnamed Waterway,0,0
1493542174,stream,Unnamed Waterway,0,0
1493542175,stream,Unnamed Waterway,0,0
1493542934,stream,Unnamed Waterway,0,0
1493542935,stream,Unnamed Waterway,0,0
1493542936,stream,Unnamed Waterway,0,0
1493542937,stream,Unnamed Waterway,0,0
1493542938,stream,Unnamed Waterway,0,0
1493542939,stream,Unnamed Waterway,0,0
1493641963,stream,Unnamed Waterway,0,0
1495071622,canal,Unnamed Waterway,0,0
1495071623,canal,Unnamed Waterway,0,0
1497616010,stream,Shahidun Gat Nala,0,0
1497616011,stream,Shahidun Gat Nala,0,0
1497616016,stream,Unnamed Waterway,0,0
1497616017,stream,Unnamed Waterway,0,0
1497616020,river,Unnamed Waterway,0,0
1497616021,stream,Unnamed Waterway,0,0
1497616022,stream,Unnamed Waterway,0,0
1497616023,river,Unnamed Waterway,0,0
1497616024,river,Unnamed Waterway,0,0
1497616025,river,Unnamed Waterway,0,0
1497616026,river,Unnamed Waterway,0,0
1497616027,river,Unnamed Waterway,0,0
1497616031,river,Unnamed Waterway,0,0
1497616032,stream,Unnamed Waterway,0,0
1497616035,stream,Unnamed Waterway,0,0
1497616036,river,Unnamed Waterway,0,0
1497616037,stream,Unnamed Waterway,0,0
1497616038,stream,Unnamed Waterway,0,0
1497616039,stream,Unnamed Waterway,0,0
1497616040,stream,Unnamed Waterway,0,0
1497616041,stream,Unnamed Waterway,0,0
1497616042,stream,Unnamed Waterway,0,0
1497616043,stream,Unnamed Waterway,0,0
1497616044,stream,Unnamed Waterway,0,0
1497616045,stream,Unnamed Waterway,0,0
1497616046,stream,Unnamed Waterway,0,0
1497616047,river,Unnamed Waterway,0,0
1497616048,river,Unnamed Waterway,0,0
1497616049,river,Unnamed Waterway,0,0
1497616050,river,Unnamed Waterway,0,0
1497616051,stream,Unnamed Waterway,0,0
1497616052,stream,Unnamed Waterway,0,0
1497616053,river,Unnamed Waterway,0,0
1497616054,river,Unnamed Waterway,0,0
1497616060,river,Bustargi Nala,0,0
1497616061,river,Bustargi Nala,0,0
1497616063,river,Bustargi Nala,0,0
1497616064,stream,Unnamed Waterway,0,0
1497616065,stream,Unnamed Waterway,0,0
1497664453,canal,Unnamed Waterway,0,0
1498234410,stream,Unnamed Waterway,0,0
1498234411,river,Unnamed Waterway,0,0
1498234413,river,Unnamed Waterway,0,0
1498234414,stream,Unnamed Waterway,0,0
1498234415,stream,Unnamed Waterway,0,0
1498234416,stream,Unnamed Waterway,0,0
1498234417,stream,Unnamed Waterway,0,0
1498234418,stream,Unnamed Waterway,0,0
1498234425,stream,Unnamed Waterway,0,0
1498234430,river,Unnamed Waterway,0,0
1498234433,stream,Unnamed Waterway,0,0
1498235870,stream,Unnamed Waterway,0,0
1498235871,stream,Unnamed Waterway,0,0
1498235872,stream,Unnamed Waterway,0,0
1498235873,stream,Unnamed Waterway,0,0
1498235876,stream,Unnamed Waterway,0,0
1498235877,stream,Unnamed Waterway,0,0
1498235878,stream,Unnamed Waterway,0,0
1498235879,stream,Unnamed Waterway,0,0
1498235880,stream,Unnamed Waterway,0,0
1498235881,stream,Unnamed Waterway,0,0
1498235883,stream,Unnamed Waterway,0,0
1498235884,stream,Unnamed Waterway,0,0
1498235893,stream,Unnamed Waterway,0,0
1498235894,stream,Unnamed Waterway,0,0
1498240097,river,Unnamed Waterway,0,0
1498240098,stream,Unnamed Waterway,0,0
1498240099,stream,Unnamed Waterway,0,0
1498240105,stream,Unnamed Waterway,0,0
1498240109,stream,Unnamed Waterway,0,0
1498240111,stream,Unnamed Waterway,0,0
1498240112,stream,Unnamed Waterway,0,0
1498240113,stream,Unnamed Waterway,0,0
1498240115,stream,Unnamed Waterway,0,0
1498240118,stream,Unnamed Waterway,0,0
1498240119,river,Unnamed Waterway,0,0
1498240121,stream,Unnamed Waterway,0,0
1498240132,canal,Unnamed Waterway,0,0
1498240133,canal,Unnamed Waterway,0,0
1498242157,stream,Unnamed Waterway,0,0
1498242158,stream,Unnamed Waterway,0,0
1498242159,stream,Unnamed Waterway,0,0
1498242160,river,Unnamed Waterway,0,0
1498260884,stream,Unnamed Waterway,0,0
1498260889,stream,Unnamed Waterway,0,0
1498260890,stream,Unnamed Waterway,0,0
1498260891,stream,Unnamed Waterway,0,0
1498260892,stream,Unnamed Waterway,0,0
1498260893,stream,Unnamed Waterway,0,0
1498260894,stream,Unnamed Waterway,0,0
1498260895,stream,Unnamed Waterway,0,0
1498260896,stream,Unnamed Waterway,0,0
1498270373,stream,Unnamed Waterway,0,0
1498270374,stream,Unnamed Waterway,0,0
1498270379,stream,Unnamed Waterway,0,0
1498278463,stream,Unnamed Waterway,0,0
1498278464,stream,Unnamed Waterway,0,0
1498278465,stream,Unnamed Waterway,0,0
1498278502,stream,Unnamed Waterway,0,0
1498278503,river,Unnamed Waterway,0,0
1498670680,stream,Unnamed Waterway,0,0
1498797174,river,Unnamed Waterway,0,0
1498797175,river,Unnamed Waterway,0,0
1498797176,river,Unnamed Waterway,0,0
1499411831,river,Chambir RIver,0,0
1501532994,river,Unnamed Waterway,0,0
1501537805,river,Unnamed Waterway,0,0
1501537806,river,Unnamed Waterway,0,0
1501538727,river,Unnamed Waterway,0,0
1501792993,canal,Unnamed Waterway,0,0
1502664707,canal,Unnamed Waterway,0,0
1503374214,river,Ravi,0,0
1503431266,canal,Unnamed Waterway,0,0
1503431267,canal,Unnamed Waterway,0,0
1503431270,canal,Unnamed Waterway,0,0
1503431274,canal,Unnamed Waterway,0,0
1503431275,canal,Unnamed Waterway,0,0
1503431277,canal,Unnamed Waterway,0,0
1503431286,canal,Unnamed Waterway,0,0
1503431287,canal,Unnamed Waterway,0,0
1503431288,canal,Unnamed Waterway,0,0
1503431290,canal,Unnamed Waterway,0,0
1503431291,canal,Unnamed Waterway,0,0
1503431292,canal,Unnamed Waterway,0,0
1503431293,canal,Unnamed Waterway,0,0
1503431294,canal,Unnamed Waterway,0,0
1506287374,canal,Unnamed Waterway,0,0
1506287375,canal,Unnamed Waterway,0,0
1507508306,canal,Unnamed Waterway,0,0
1507508307,canal,Unnamed Waterway,0,0
1507508308,stream,Unnamed Waterway,0,0
1507522906,canal,Unnamed Waterway,0,0
1507522907,canal,Unnamed Waterway,0,0
1507541262,river,Unnamed Waterway,0,0
1507541263,river,Unnamed Waterway,0,0
1509468494,stream,Unnamed Waterway,0,0
1509468495,stream,Unnamed Waterway,0,0
1509468496,stream,Unnamed Waterway,0,0
1509468498,stream,Unnamed Waterway,0,0
1509468499,stream,Unnamed Waterway,0,0
1509468500,stream,Unnamed Waterway,0,0
1509468501,stream,Unnamed Waterway,0,0
1509468509,stream,Unnamed Waterway,0,0
1509468510,stream,Unnamed Waterway,0,0
1509468511,stream,Unnamed Waterway,0,0
1509468514,stream,Unnamed Waterway,0,0
1509468515,stream,Unnamed Waterway,0,0
1509468516,stream,Unnamed Waterway,0,0
1509468517,stream,Unnamed Waterway,0,0
1509468518,stream,Unnamed Waterway,0,0
1509468521,stream,Unnamed Waterway,0,0
1509481938,stream,Unnamed Waterway,0,0
1509481939,stream,Unnamed Waterway,0,0
1509481940,canal,Unnamed Waterway,0,0
1509483828,stream,Unnamed Waterway,0,0
1509483829,stream,Unnamed Waterway,0,0
1509487244,canal,Unnamed Waterway,0,0
1509487245,canal,Unnamed Waterway,0,0
1509487253,canal,Unnamed Waterway,0,0
1509487254,canal,Unnamed Waterway,0,0
1509487255,canal,Unnamed Waterway,0,0
1509487258,canal,Unnamed Waterway,0,0
1509487259,canal,Unnamed Waterway,0,0
1509487260,canal,Unnamed Waterway,0,0
1509487261,canal,Unnamed Waterway,0,0
1509487262,canal,Unnamed Waterway,0,0
1509487270,canal,Unnamed Waterway,0,0
1509487271,canal,Unnamed Waterway,0,0
1509487273,canal,Shahan Minor,0,0
1509487274,canal,Shahan Minor,0,0
1509487275,canal,Shahan Minor,0,0
1509487276,canal,Shahan Minor,0,0
1509526614,canal,Unnamed Waterway,0,0
1509526615,canal,Unnamed Waterway,0,0
1509526616,canal,Unnamed Waterway,0,0
1509526618,canal,Unnamed Waterway,0,0
1509526619,canal,Unnamed Waterway,0,0
1509526630,canal,Unnamed Waterway,0,0
1509526631,canal,Unnamed Waterway,0,0
1509526632,canal,Unnamed Waterway,0,0
1509526633,canal,Unnamed Waterway,0,0
1509526634,canal,Unnamed Waterway,0,0
1509526635,canal,Unnamed Waterway,0,0
1509526636,canal,Unnamed Waterway,0,0
1509526637,canal,Unnamed Waterway,0,0
1509526638,canal,Unnamed Waterway,0,0
1509526639,canal,Unnamed Waterway,0,0
1509526641,canal,Unnamed Waterway,0,0
1509526642,canal,Unnamed Waterway,0,0
1509526646,canal,Unnamed Waterway,0,0
1509526647,canal,Unnamed Waterway,0,0
1509526656,river,Kirther Canal,0,0
1509526657,river,Kirther Canal,0,0
1509526659,canal,Unnamed Waterway,0,0
1509526660,canal,Unnamed Waterway,0,0
1509526662,river,Unnamed Waterway,0,0
1509526663,river,Unnamed Waterway,0,0
1509526665,canal,Unnamed Waterway,0,0
1509526666,canal,Unnamed Waterway,0,0
1509526668,river,Kirther Canal,0,0
1509526669,river,Kirther Canal,0,0
1509672362,river,Unnamed Waterway,0,0
1509672363,river,Unnamed Waterway,0,0
1509672364,river,Unnamed Waterway,0,0
1509672367,river,Unnamed Waterway,0,0
1509672368,river,Unnamed Waterway,0,0
1509672370,stream,Unnamed Waterway,0,0
1509672371,stream,Unnamed Waterway,0,0
1509672372,stream,Unnamed Waterway,0,0
1509672373,stream,Unnamed Waterway,0,0
1509672374,stream,Unnamed Waterway,0,0
1509672377,stream,Unnamed Waterway,0,0
1509672378,stream,Unnamed Waterway,0,0
1509672379,stream,Unnamed Waterway,0,0
1509672384,stream,Unnamed Waterway,0,0
1509672385,stream,Unnamed Waterway,0,0
1509672386,stream,Unnamed Waterway,0,0
1509672387,stream,Unnamed Waterway,0,0
1509672390,stream,Unnamed Waterway,0,0
1509672391,stream,Unnamed Waterway,0,0
1509672392,stream,Unnamed Waterway,0,0
1509674052,stream,Parpogani Kaur,0,0
1509674053,stream,Parpogani Kaur,0,0
1509674057,stream,Parpogani Kaur,0,0
1509674058,stream,Parpogani Kaur,0,0
1509674545,stream,Unnamed Waterway,0,0
1509674546,river,Unnamed Waterway,0,0
1509674547,stream,Unnamed Waterway,0,0
1509674548,stream,Unnamed Waterway,0,0
1510023261,canal,Unnamed Waterway,0,0
1510023262,canal,Unnamed Waterway,0,0
1510023263,canal,Unnamed Waterway,0,0
1510023264,canal,Unnamed Waterway,0,0
1510023265,canal,Unnamed Waterway,0,0
1510023266,canal,Unnamed Waterway,0,0
1510195947,stream,Unnamed Waterway,0,0
1510195954,stream,Unnamed Waterway,0,0
1510195957,stream,Unnamed Waterway,0,0
1510195959,stream,Unnamed Waterway,0,0
1510195960,stream,Unnamed Waterway,0,0
1510195961,stream,Unnamed Waterway,0,0
1510195962,stream,Unnamed Waterway,0,0
1510195985,stream,Unnamed Waterway,0,0
1510195986,stream,Unnamed Waterway,0,0
1510195987,stream,Unnamed Waterway,0,0
1510195988,stream,Unnamed Waterway,0,0
1510195989,stream,Unnamed Waterway,0,0
1510195990,stream,Unnamed Waterway,0,0
1510195991,stream,Unnamed Waterway,0,0
1510195992,stream,Unnamed Waterway,0,0
1510195993,river,دریائے دشت,0,0
1510196003,river,Unnamed Waterway,0,0
1510202250,river,Unnamed Waterway,0,0
1510202251,stream,Unnamed Waterway,0,0
1510202252,stream,Unnamed Waterway,0,0
1510202253,stream,Unnamed Waterway,0,0
1510202254,stream,Unnamed Waterway,0,0
1510202255,stream,Unnamed Waterway,0,0
1510202256,stream,Unnamed Waterway,0,0
1510202257,stream,Unnamed Waterway,0,0
1510202258,stream,Unnamed Waterway,0,0
1510202259,stream,Unnamed Waterway,0,0
1510202260,stream,Unnamed Waterway,0,0
1510241140,stream,Unnamed Waterway,0,0
1510241141,stream,Unnamed Waterway,0,0
1510403761,river,Unnamed Waterway,0,0
1510488202,river,Unnamed Waterway,0,0
1510492261,river,Unnamed Waterway,0,0
1510492262,river,Unnamed Waterway,0,0
1510492263,river,Unnamed Waterway,0,0
1512516007,river,Unnamed Waterway,0,0
1512516008,river,Unnamed Waterway,0,0
1512516009,river,Unnamed Waterway,0,0
1512516010,river,Unnamed Waterway,0,0
1513666481,stream,Unnamed Waterway,0,0
1513666482,stream,Unnamed Waterway,0,0
1516991716,river,Unnamed Waterway,0,0
1521209701,stream,Unnamed Waterway,0,0
1521619369,river,Unnamed Waterway,0,0
1521619371,river,Unnamed Waterway,0,0
1521619375,river,Unnamed Waterway,0,0
1523844971,canal,Unnamed Waterway,0,0
1524187999,stream,Unnamed Waterway,0,0
1524476276,canal,Unnamed Waterway,0,0
1524476277,canal,Unnamed Waterway,0,0
1526233517,river,Unnamed Waterway,0,0
1526451857,stream,Unnamed Waterway,0,0
1526451860,stream,Unnamed Waterway,0,0
1526451861,stream,Unnamed Waterway,0,0
1526455079,stream,Unnamed Waterway,0,0
1526455080,stream,Unnamed Waterway,0,0
1526455081,stream,Unnamed Waterway,0,0
1526686704,canal,Unnamed Waterway,0,0
1526686705,canal,Unnamed Waterway,0,0
1526686706,canal,Unnamed Waterway,0,0
1527224239,stream,Unnamed Waterway,0,0
1527505387,stream,Unnamed Waterway,0,0
1527832686,canal,Unnamed Waterway,0,0
1527832687,canal,Unnamed Waterway,0,0
1527832690,canal,Unnamed Waterway,0,0
1527832691,canal,Unnamed Waterway,0,0
1527832692,canal,Unnamed Waterway,0,0
1527832693,canal,Unnamed Waterway,0,0
1527832694,canal,Unnamed Waterway,0,0
1527832695,canal,Unnamed Waterway,0,0
1527832698,canal,Unnamed Waterway,0,0
1527832699,canal,Unnamed Waterway,0,0
1527832700,canal,Unnamed Waterway,0,0
1527832701,canal,Unnamed Waterway,0,0
1527876967,canal,Niaz Beg Distributary,0,0
1527876968,canal,Niaz Beg Distributary,0,0
1528136753,canal,Dobacha Dam Spillway,0,0
1528143149,stream,Basantar Nala,0,0
1528143150,stream,Basantar Nala,0,0
1528143151,stream,Basantar Nala,0,0
1528143152,stream,Basantar Nala,0,0
1528578561,river,Unnamed Waterway,0,0
1528741611,canal,Unnamed Waterway,0,0
1528741613,canal,Unnamed Waterway,0,0
1528741617,canal,Unnamed Waterway,0,0
1528741618,canal,Unnamed Waterway,0,0
1528744398,canal,Unnamed Waterway,0,0
1528744405,canal,Unnamed Waterway,0,0
1528744406,canal,Unnamed Waterway,0,0
1528765695,canal,Unnamed Waterway,0,0
1528765696,canal,Unnamed Waterway,0,0
1528765697,canal,Unnamed Waterway,0,0
1528765698,canal,Unnamed Waterway,0,0
1528765699,canal,Unnamed Waterway,0,0
1528765700,canal,Unnamed Waterway,0,0
1528765701,canal,Unnamed Waterway,0,0
1528765702,canal,Unnamed Waterway,0,0
1528769875,canal,Unnamed Waterway,0,0
1528769876,canal,Unnamed Waterway,0,0
1529631745,canal,Unnamed Waterway,0,0
1529659609,stream,Unnamed Waterway,0,0
1529659610,stream,Unnamed Waterway,0,0
1530175249,canal,Unnamed Waterway,0,0
1532045726,river,Unnamed Waterway,0,0
1532045727,river,Unnamed Waterway,0,0
1532045728,river,Unnamed Waterway,0,0
1532045729,river,Unnamed Waterway,0,0
1532046834,river,Unnamed Waterway,0,0
1532046835,river,Unnamed Waterway,0,0
1532049888,river,Unnamed Waterway,0,0
1532711678,river,Unnamed Waterway,0,0
1532711679,river,Unnamed Waterway,0,0
1532711680,river,Unnamed Waterway,0,0
1532997989,river,Kala kas,0,0
1532997990,river,Kala kas,0,0
1533002713,canal,جلالپور کینال,0,0
1533002714,canal,جلالپور کینال,0,0
1533003404,stream,Unnamed Waterway,0,0
1533003405,stream,Unnamed Waterway,0,0
1533003406,stream,Unnamed Waterway,0,0
1533008867,stream,Unnamed Waterway,0,0
1533008868,stream,Unnamed Waterway,0,0
1533008869,stream,Unnamed Waterway,0,0
1533011476,stream,Unnamed Waterway,0,0
1533011477,stream,Unnamed Waterway,0,0
1533011478,stream,Unnamed Waterway,0,0
1533011479,stream,Unnamed Waterway,0,0
1533011928,canal,Unnamed Waterway,0,0
1533012450,stream,Unnamed Waterway,0,0
1533012451,stream,Unnamed Waterway,0,0
1533012452,stream,Unnamed Waterway,0,0
1533014065,canal,Unnamed Waterway,0,0
1533014066,stream,Unnamed Waterway,0,0
1533014067,stream,Unnamed Waterway,0,0
1533014068,stream,Unnamed Waterway,0,0
1533014069,stream,Unnamed Waterway,0,0
1533014596,canal,Unnamed Waterway,0,0
1533016115,canal,جلالپور نہر,0,0
1533016116,canal,Unnamed Waterway,0,0
1533017097,canal,جلال پور نہر بلوال ڈسٹریبیوٹری,0,0
1533017098,river,Unnamed Waterway,0,0
1533017099,river,Unnamed Waterway,0,0
1533021830,canal,جلالپور کینال,0,0
1533021831,canal,جلالپور کینال,0,0
1533021832,canal,جلالپور کینال کرڑ سوا,0,0
1533021833,canal,جلالپور کینال کرڑ ڈسٹربیوٹری,0,0
1533172222,canal,Unnamed Waterway,0,0
1533175819,canal,جلالپور کینال پنڈدادنخان ڈسٹریبیوٹری,0,0
1533176937,canal,جلالپور کینال پننوال سوا,0,0
1533179117,canal,جلالپور کینال پنڈی سید پور سوا,0,0
1533195364,canal,جلالپور کینال ڈھوک سندرانہ سوا,0,0
1533199043,canal,جلالپور کینال بھگاوالہ سوا,0,0
1533200628,canal,جلالپور کینال غریب وال ڈسٹربیوٹری,0,0
1533400180,canal,جلال پور نہر بلوال ڈسٹریبیوٹری,0,0
1533400181,canal,جلال پور نہر بلوال ڈسٹریبیوٹری,0,0
1533404430,canal,جلال پور نہر جسوال سوا,0,0
1533409780,canal,جلالپور نہر ڈہرہ سوا,0,0
1533825713,stream,Unnamed Waterway,0,0
1533902269,stream,Unnamed Waterway,0,0
1533902275,stream,Unnamed Waterway,0,0
1533902278,stream,Unnamed Waterway,0,0
1533902281,stream,Unnamed Waterway,0,0
1534278263,stream,Unnamed Waterway,0,0
1534278270,stream,Unnamed Waterway,0,0
1534278271,stream,Unnamed Waterway,0,0
1534278272,stream,Unnamed Waterway,0,0
1534278273,stream,Unnamed Waterway,0,0
1534278274,stream,Unnamed Waterway,0,0
1534278275,stream,Unnamed Waterway,0,0
1534672620,stream,Unnamed Waterway,0,0
1534777524,canal,Taja Shakh,0,0
1534777525,canal,Taja Shakh,0,0
1535025748,stream,Unnamed Waterway,0,0
1536498085,stream,Unnamed Waterway,0,0
1537453617,canal,Supply Channel 200 CS,0,0
1537453618,canal,Kamoke Distributary,0,0
1537453619,canal,Kamoke Distributary,0,0
1537453620,canal,Supply Channel 425 CS,0,0
1537453621,canal,Supply Channel 225 CS,0,0
1537453622,canal,Escape Channel 225 CS,0,0
1537453623,canal,Escape Channel,0,0
1537453626,canal,Kamoke Distributary,0,0
1537453627,canal,Kamoke Distributary,0,0
1537453628,canal,Supply Channel 75 CS,0,0
1537453629,canal,Escape Channel,0,0
1537453630,canal,Escape Channel,0,0
1537453631,canal,Escape Channel,0,0
1537453632,canal,Escape Channel,0,0
1537453633,canal,Escape Channel,0,0
1538424911,stream,Unnamed Waterway,0,0
1538512148,canal,Unnamed Waterway,0,0
1538512149,canal,Unnamed Waterway,0,0
1538512150,canal,Unnamed Waterway,0,0
1538512162,canal,Unnamed Waterway,0,0
1538512163,canal,Unnamed Waterway,0,0
1538512164,canal,Unnamed Waterway,0,0
1538512165,canal,Unnamed Waterway,0,0
1538512166,canal,Unnamed Waterway,0,0
1538512167,canal,Unnamed Waterway,0,0
1538512168,canal,Unnamed Waterway,0,0
1538515354,canal,Unnamed Waterway,0,0
1538515355,canal,Unnamed Waterway,0,0
1538515361,canal,Unnamed Waterway,0,0
1538515362,canal,Unnamed Waterway,0,0
1538515364,river,Unnamed Waterway,0,0
1538515365,river,Unnamed Waterway,0,0
1538515366,river,Unnamed Waterway,0,0
1538515367,river,Unnamed Waterway,0,0
1538672113,canal,Unnamed Waterway,0,0
1538672114,canal,Unnamed Waterway,0,0
1538672115,canal,Unnamed Waterway,0,0
1538672116,canal,Unnamed Waterway,0,0
1538672117,canal,Unnamed Waterway,0,0
1538672118,canal,Unnamed Waterway,0,0
1538672119,canal,Unnamed Waterway,0,0
1538672120,canal,Unnamed Waterway,0,0
1538672121,canal,Unnamed Waterway,0,0
1538672122,canal,Unnamed Waterway,0,0
1538672123,canal,Unnamed Waterway,0,0
1538672124,canal,Unnamed Waterway,0,0
1538672125,canal,Unnamed Waterway,0,0
1538672130,canal,Unnamed Waterway,0,0
1538672131,canal,Unnamed Waterway,0,0
1538672133,canal,Unnamed Waterway,0,0
1538672134,canal,Unnamed Waterway,0,0
1538672135,canal,Unnamed Waterway,0,0
1538672136,canal,Unnamed Waterway,0,0
1540201978,stream,بھیڈ نالہ,0,0
1540201979,stream,بھیڈ نالہ,0,0
1540201980,stream,بھیڈ نالہ,0,0
1540201981,stream,بھیڈ نالہ,0,0
1544737260,stream,Unnamed Waterway,0,0
1544737261,stream,Unnamed Waterway,0,0
1544737262,stream,Unnamed Waterway,0,0
1544737263,stream,Unnamed Waterway,0,0
1544737264,stream,Unnamed Waterway,0,0
1544738579,stream,Unnamed Waterway,0,0
1544738580,stream,Unnamed Waterway,0,0
1544738581,stream,Unnamed Waterway,0,0
1544738582,stream,Unnamed Waterway,0,0
1544738583,stream,Unnamed Waterway,0,0
1544738584,stream,Unnamed Waterway,0,0
1544738585,stream,Unnamed Waterway,0,0
1544738586,stream,Unnamed Waterway,0,0
1544738588,stream,Unnamed Waterway,0,0
1544738589,stream,Unnamed Waterway,0,0
1544738590,stream,Unnamed Waterway,0,0
1544738591,stream,Unnamed Waterway,0,0
1544738592,stream,Unnamed Waterway,0,0
1544738594,canal,جلالپور کینال,0,0
1544738595,canal,جلالپور کینال,0,0
1544738596,stream,Unnamed Waterway,0,0
1544738597,stream,Unnamed Waterway,0,0
1544738598,stream,Unnamed Waterway,0,0
1544738599,stream,Unnamed Waterway,0,0
1544752068,canal,جلالپور کینال,0,0
1544752069,canal,جلالپور کینال,0,0
1544753060,stream,Unnamed Waterway,0,0
1544754459,stream,Unnamed Waterway,0,0
1544769166,canal,جلالپور کینال ساغر پر سوا,0,0
1544769167,canal,جلالپور کینال ساغر پر سوا,0,0
1545165266,stream,Unnamed Waterway,0,0
1545165267,stream,Unnamed Waterway,0,0
1545165269,stream,Unnamed Waterway,0,0
1545165270,stream,Unnamed Waterway,0,0
1545884777,stream,Unnamed Waterway,0,0
1545884778,stream,Unnamed Waterway,0,0
1545933284,stream,Unnamed Waterway,0,0
1545933285,river,Unnamed Waterway,0,0
1546091222,stream,لیلا نالہ,0,0
1546091223,stream,لیلا نالہ,0,0
1546091224,stream,لیلا نالہ,0,0
1546091225,stream,لیلا نالہ,0,0
1546091226,stream,لیلا نالہ,0,0
1546091227,stream,لیلا نالہ,0,0
1546091228,stream,لیلا نالہ,0,0
1546091229,stream,لیلا نالہ,0,0
1546091230,stream,لیلا نالہ,0,0
1546091231,stream,لیلا نالہ,0,0
1546091232,stream,لیلا نالہ,0,0
1546091233,stream,لیلا نالہ,0,0
1546091234,stream,لیلا نالہ,0,0
1546091235,stream,لیلا نالہ,0,0
1546218242,canal,کالا شاہ کاکو برانچ,0,0
1546218243,canal,کالا شاہ کاکو برانچ,0,0
1546592158,stream,Unnamed Waterway,0,0
1546898510,stream,Baktor Gah,0,0
1546907274,stream,Unnamed Waterway,0,0
1546907275,stream,Unnamed Waterway,0,0
1546907276,stream,Unnamed Waterway,0,0
1546907277,stream,Unnamed Waterway,0,0
1548117648,river,Diversion Tunnel 2,0,0
1548117649,river,Diversion Tunnel 2,0,0
1548117650,river,Diversion Tunnel 2,0,0
1548232118,canal,Muridke Distributary,0,0
1548232119,canal,Muridke Distributary,0,0
1548239966,river,Diversion Tunnel 1,0,0
1548239967,river,Diversion Tunnel 1,0,0
1548239968,river,Diversion Tunnel 1,0,0
1548531058,river,Unnamed Waterway,0,0
1548531059,river,Unnamed Waterway,0,0
1548531060,river,Unnamed Waterway,0,0
1548587615,canal,Right Bank Irrigation Canal,0,0
1548587616,canal,Right Bank Irrigation Canal,0,0
1548587617,canal,Right Bank Irrigation Canal,0,0
1548590824,canal,Left Bank Irrigation Canal,0,0
1548590825,canal,Left Bank Irrigation Canal,0,0
1548590826,canal,Left Bank Irrigation Canal,0,0
1548590828,canal,Left Bank Irrigation Canal,0,0
1548590829,canal,Left Bank Irrigation Canal,0,0
1548590830,canal,Left Bank Irrigation Canal,0,0
1548590831,canal,Left Bank Irrigation Canal,0,0
1548590832,canal,Left Bank Irrigation Canal,0,0
1548590833,canal,Left Bank Irrigation Canal,0,0
1548590834,canal,Left Bank Irrigation Canal,0,0
1548595336,canal,Unnamed Waterway,0,0
1548595337,canal,Unnamed Waterway,0,0
1548595338,canal,Unnamed Waterway,0,0
1548595339,canal,Unnamed Waterway,0,0
1548598582,canal,Left Bank Irrigation Canal,0,0
1548598583,canal,Left Bank Irrigation Canal,0,0
1548598584,canal,Left Bank Irrigation Canal,0,0
1548598585,canal,Left Bank Irrigation Canal,0,0
1548598586,canal,Left Bank Irrigation Canal,0,0
1548598587,canal,Left Bank Irrigation Canal,0,0
1548598588,canal,Left Bank Irrigation Canal,0,0
1548598589,canal,Left Bank Irrigation Canal,0,0
1548598590,canal,Left Bank Irrigation Canal,0,0
1548598591,canal,Left Bank Irrigation Canal,0,0
1548598592,canal,Left Bank Irrigation Canal,0,0
1548598593,canal,Left Bank Irrigation Canal,0,0
1548598594,canal,Left Bank Irrigation Canal,0,0
1548598595,canal,Left Bank Irrigation Canal,0,0
1548598596,canal,Left Bank Irrigation Canal,0,0
1548598597,canal,Left Bank Irrigation Canal,0,0
1548598598,canal,Left Bank Irrigation Canal,0,0
1548598599,canal,Left Bank Irrigation Canal,0,0
1548598600,canal,Left Bank Irrigation Canal,0,0
1548598601,canal,Left Bank Irrigation Canal,0,0
1548599656,canal,Right Bank Irrigation Canal,0,0
1548599657,canal,Right Bank Irrigation Canal,0,0
1548599658,canal,Right Bank Irrigation Canal,0,0
1548599659,canal,Right Bank Irrigation Canal,0,0
1548609262,canal,Unnamed Waterway,0,0
1548609263,canal,Unnamed Waterway,0,0
1548609264,canal,Unnamed Waterway,0,0
1548767340,stream,Unnamed Waterway,0,0
1548784544,canal,نہر اپر چناب,0,0
1548784545,canal,نہر اپر چناب,0,0
1548784546,canal,نہر اپر چناب,0,0
1548784547,canal,نہر اپر چناب,0,0
1548784548,canal,نہر اپر چناب,0,0
1548784549,canal,نہر اپر چناب,0,0
1548784550,canal,نہر اپر چناب,0,0
1548784551,canal,نہر اپر چناب,0,0
1548784552,canal,نہر اپر چناب,0,0
1548784553,canal,نہر اپر چناب,0,0
1548791022,canal,نہر اپر چناب,0,0
1548791024,canal,نہر اپر چناب,0,0
1548791025,canal,نہر اپر چناب,0,0
1548791026,canal,Unnamed Waterway,0,0
1548791027,canal,Unnamed Waterway,0,0
1548791028,canal,Unnamed Waterway,0,0
1548791035,canal,Unnamed Waterway,0,0
1548791036,canal,Unnamed Waterway,0,0
1548791037,canal,Unnamed Waterway,0,0
1548809856,canal,Chianwali distributary,0,0
1548946411,stream,Unnamed Waterway,0,0
1549030355,canal,Harpoke Minor,0,0
1549030356,canal,Harpoke Minor,0,0
1549030357,canal,Harpoke Minor,0,0
1549030358,canal,Harpoke Minor,0,0
1549030364,canal,Sheikhupura Distributary,0,0
1549030365,canal,Sheikhupura Distributary,0,0
1549030366,canal,Chianwali distributary,0,0
1549030367,canal,Chianwali distributary,0,0
1549265856,stream,Unnamed Waterway,0,0
1549273445,stream,Unnamed Waterway,0,0
1549274369,river,Unnamed Waterway,0,0
1549879880,stream,Unnamed Waterway,0,0
1549879881,stream,Unnamed Waterway,0,0
1549879882,stream,Unnamed Waterway,0,0
1549892030,canal,Unnamed Waterway,0,0
1549892031,canal,Unnamed Waterway,0,0
1549902515,canal,Unnamed Waterway,0,0
1549904762,canal,Spaira Rogha Canal,0,0
1550594226,stream,Unnamed Waterway,0,0
1550755669,river,Unnamed Waterway,0,0
1550793152,stream,Unnamed Waterway,0,0
1550793153,stream,Unnamed Waterway,0,0
1550793154,stream,Unnamed Waterway,0,0
1550793155,stream,Unnamed Waterway,0,0
1550793156,stream,Unnamed Waterway,0,0
1550793157,stream,Unnamed Waterway,0,0
1550793158,stream,Unnamed Waterway,0,0
1550793159,stream,Unnamed Waterway,0,0
1550793160,stream,Unnamed Waterway,0,0
1550793161,stream,Unnamed Waterway,0,0
1550793162,stream,Unnamed Waterway,0,0
1550793163,stream,Unnamed Waterway,0,0
1551238206,stream,Shahdara Nadi,0,0
1551238207,stream,Shahdara Nadi,0,0
1551298043,stream,Unnamed Waterway,0,0
1551298044,stream,Unnamed Waterway,0,0
1551298045,stream,Unnamed Waterway,0,0
1551300264,stream,ڈوگرانوالی برساتی نالہ,0,0
1551451499,canal,Simly Spillway Channel,0,0
1551452207,river,دریائے سواں,0,0
1551728108,river,Unnamed Waterway,0,0
1551728109,canal,Unnamed Waterway,0,0
1551733993,canal,Unnamed Waterway,0,0
1551738729,canal,Unnamed Waterway,0,0
1551854843,stream,Unnamed Waterway,0,0
1551854845,stream,Unnamed Waterway,0,0
1551854846,stream,Unnamed Waterway,0,0
1551854847,stream,Unnamed Waterway,0,0
1551854848,stream,Unnamed Waterway,0,0
1551854849,stream,Unnamed Waterway,0,0
1551854850,stream,Unnamed Waterway,0,0
1551854851,stream,Unnamed Waterway,0,0
1551854852,stream,Unnamed Waterway,0,0
1551854853,stream,Unnamed Waterway,0,0
1551854854,stream,Unnamed Waterway,0,0
1551854858,stream,Unnamed Waterway,0,0
1551854859,stream,Unnamed Waterway,0,0
1551854862,stream,Unnamed Waterway,0,0
1551854869,stream,Unnamed Waterway,0,0
1551854872,stream,Unnamed Waterway,0,0
1551854875,stream,Unnamed Waterway,0,0
1551854876,stream,Unnamed Waterway,0,0
1551854877,stream,Unnamed Waterway,0,0
1551971585,canal,Unnamed Waterway,0,0
1551971586,stream,Unnamed Waterway,0,0
1551971587,stream,Unnamed Waterway,0,0
1551972660,canal,Unnamed Waterway,0,0
1551972662,canal,Unnamed Waterway,0,0
1552053016,river,لوئر چناب نہر فیڈر,0,0
1552057162,river,جھنگ برانچ لوئر,0,0
1552522671,stream,Water Stream Channel,0,0
1553013210,canal,Talwandi Balwa Distributary,0,0
1553013211,canal,Talwandi Balwa Distributary,0,0
